[     134ms] [INFO] %cDownload the React DevTools for a better development experience: https://reactjs.org/link/react-devtools font-weight:bold @ http://localhost:1420/node_modules/.vite/deps/chunk-3OUSE6UW.js?v=2f73116f:21550
[     174ms] TypeError: Cannot read properties of undefined (reading 'transformCallback')
    at transformCallback (http://localhost:1420/node_modules/.vite/deps/chunk-3D3XGJZW.js?v=2f73116f:22:37)
    at listen (http://localhost:1420/node_modules/.vite/deps/chunk-3D3XGJZW.js?v=2f73116f:132:14)
    at http://localhost:1420/src/hooks/useCompanionState.ts:13:5
    at commitHookEffectListMount (http://localhost:1420/node_modules/.vite/deps/chunk-3OUSE6UW.js?v=2f73116f:16915:34)
    at commitPassiveMountOnFiber (http://localhost:1420/node_modules/.vite/deps/chunk-3OUSE6UW.js?v=2f73116f:18156:19)
    at commitPassiveMountEffects_complete (http://localhost:1420/node_modules/.vite/deps/chunk-3OUSE6UW.js?v=2f73116f:18129:17)
    at commitPassiveMountEffects_begin (http://localhost:1420/node_modules/.vite/deps/chunk-3OUSE6UW.js?v=2f73116f:18119:15)
    at commitPassiveMountEffects (http://localhost:1420/node_modules/.vite/deps/chunk-3OUSE6UW.js?v=2f73116f:18109:11)
    at flushPassiveEffectsImpl (http://localhost:1420/node_modules/.vite/deps/chunk-3OUSE6UW.js?v=2f73116f:19490:11)
    at flushPassiveEffects (http://localhost:1420/node_modules/.vite/deps/chunk-3OUSE6UW.js?v=2f73116f:19447:22)
[     174ms] TypeError: Cannot read properties of undefined (reading 'transformCallback')
    at transformCallback (http://localhost:1420/node_modules/.vite/deps/chunk-3D3XGJZW.js?v=2f73116f:22:37)
    at listen (http://localhost:1420/node_modules/.vite/deps/chunk-3D3XGJZW.js?v=2f73116f:132:14)
    at http://localhost:1420/src/hooks/useCompanionState.ts:13:5
    at commitHookEffectListMount (http://localhost:1420/node_modules/.vite/deps/chunk-3OUSE6UW.js?v=2f73116f:16915:34)
    at invokePassiveEffectMountInDEV (http://localhost:1420/node_modules/.vite/deps/chunk-3OUSE6UW.js?v=2f73116f:18324:19)
    at invokeEffectsInDev (http://localhost:1420/node_modules/.vite/deps/chunk-3OUSE6UW.js?v=2f73116f:19701:19)
    at commitDoubleInvokeEffectsInDEV (http://localhost:1420/node_modules/.vite/deps/chunk-3OUSE6UW.js?v=2f73116f:19686:15)
    at flushPassiveEffectsImpl (http://localhost:1420/node_modules/.vite/deps/chunk-3OUSE6UW.js?v=2f73116f:19503:13)
    at flushPassiveEffects (http://localhost:1420/node_modules/.vite/deps/chunk-3OUSE6UW.js?v=2f73116f:19447:22)
    at http://localhost:1420/node_modules/.vite/deps/chunk-3OUSE6UW.js?v=2f73116f:19328:17
[  369367ms] TypeError: Cannot read properties of undefined (reading 'transformCallback')
    at transformCallback (http://localhost:1420/node_modules/.vite/deps/chunk-3D3XGJZW.js?v=2f73116f:22:37)
    at listen (http://localhost:1420/node_modules/.vite/deps/chunk-3D3XGJZW.js?v=2f73116f:132:14)
    at http://localhost:1420/src/hooks/useCompanionState.ts:13:5
    at commitHookEffectListMount (http://localhost:1420/node_modules/.vite/deps/chunk-3OUSE6UW.js?v=2f73116f:16915:34)
    at commitPassiveMountOnFiber (http://localhost:1420/node_modules/.vite/deps/chunk-3OUSE6UW.js?v=2f73116f:18156:19)
    at commitPassiveMountEffects_complete (http://localhost:1420/node_modules/.vite/deps/chunk-3OUSE6UW.js?v=2f73116f:18129:17)
    at commitPassiveMountEffects_begin (http://localhost:1420/node_modules/.vite/deps/chunk-3OUSE6UW.js?v=2f73116f:18119:15)
    at commitPassiveMountEffects (http://localhost:1420/node_modules/.vite/deps/chunk-3OUSE6UW.js?v=2f73116f:18109:11)
    at flushPassiveEffectsImpl (http://localhost:1420/node_modules/.vite/deps/chunk-3OUSE6UW.js?v=2f73116f:19490:11)
    at flushPassiveEffects (http://localhost:1420/node_modules/.vite/deps/chunk-3OUSE6UW.js?v=2f73116f:19447:22)
[ 6420324ms] TypeError: Cannot read properties of undefined (reading 'transformCallback')
    at transformCallback (http://localhost:1420/node_modules/.vite/deps/chunk-3D3XGJZW.js?v=2f73116f:22:37)
    at listen (http://localhost:1420/node_modules/.vite/deps/chunk-3D3XGJZW.js?v=2f73116f:132:14)
    at http://localhost:1420/src/hooks/useCompanionState.ts:13:5
    at commitHookEffectListMount (http://localhost:1420/node_modules/.vite/deps/chunk-3OUSE6UW.js?v=2f73116f:16915:34)
    at commitPassiveMountOnFiber (http://localhost:1420/node_modules/.vite/deps/chunk-3OUSE6UW.js?v=2f73116f:18156:19)
    at commitPassiveMountEffects_complete (http://localhost:1420/node_modules/.vite/deps/chunk-3OUSE6UW.js?v=2f73116f:18129:17)
    at commitPassiveMountEffects_begin (http://localhost:1420/node_modules/.vite/deps/chunk-3OUSE6UW.js?v=2f73116f:18119:15)
    at commitPassiveMountEffects (http://localhost:1420/node_modules/.vite/deps/chunk-3OUSE6UW.js?v=2f73116f:18109:11)
    at flushPassiveEffectsImpl (http://localhost:1420/node_modules/.vite/deps/chunk-3OUSE6UW.js?v=2f73116f:19490:11)
    at flushPassiveEffects (http://localhost:1420/node_modules/.vite/deps/chunk-3OUSE6UW.js?v=2f73116f:19447:22)
[ 6707019ms] [LOG] [vite] server connection lost. Polling for restart... @ http://localhost:1420/@vite/client:559
[ 6707032ms] [ERROR] Failed to load resource: net::ERR_CONNECTION_REFUSED @ http://localhost:1420/:0
[ 6708034ms] [ERROR] Failed to load resource: net::ERR_CONNECTION_REFUSED @ http://localhost:1420/:0
[ 6709036ms] [ERROR] Failed to load resource: net::ERR_CONNECTION_REFUSED @ http://localhost:1420/:0
[ 6710039ms] [ERROR] Failed to load resource: net::ERR_CONNECTION_REFUSED @ http://localhost:1420/:0
[ 6711041ms] [ERROR] Failed to load resource: net::ERR_CONNECTION_REFUSED @ http://localhost:1420/:0
[ 6712043ms] [ERROR] Failed to load resource: net::ERR_CONNECTION_REFUSED @ http://localhost:1420/:0
[ 6713045ms] [ERROR] Failed to load resource: net::ERR_CONNECTION_REFUSED @ http://localhost:1420/:0
[ 6714047ms] [ERROR] Failed to load resource: net::ERR_CONNECTION_REFUSED @ http://localhost:1420/:0
[ 6715050ms] [ERROR] Failed to load resource: net::ERR_CONNECTION_REFUSED @ http://localhost:1420/:0
[ 6716052ms] [ERROR] Failed to load resource: net::ERR_CONNECTION_REFUSED @ http://localhost:1420/:0
[ 6717054ms] [ERROR] Failed to load resource: net::ERR_CONNECTION_REFUSED @ http://localhost:1420/:0
[ 6718057ms] [ERROR] Failed to load resource: net::ERR_CONNECTION_REFUSED @ http://localhost:1420/:0
[ 6719061ms] [ERROR] Failed to load resource: net::ERR_CONNECTION_REFUSED @ http://localhost:1420/:0
[ 6720064ms] [ERROR] Failed to load resource: net::ERR_CONNECTION_REFUSED @ http://localhost:1420/:0
[ 6721067ms] [ERROR] Failed to load resource: net::ERR_CONNECTION_REFUSED @ http://localhost:1420/:0
[ 6722070ms] [ERROR] Failed to load resource: net::ERR_CONNECTION_REFUSED @ http://localhost:1420/:0
[ 6723072ms] [ERROR] Failed to load resource: net::ERR_CONNECTION_REFUSED @ http://localhost:1420/:0
[ 6724073ms] [ERROR] Failed to load resource: net::ERR_CONNECTION_REFUSED @ http://localhost:1420/:0
[ 6725075ms] [ERROR] Failed to load resource: net::ERR_CONNECTION_REFUSED @ http://localhost:1420/:0
[ 6726077ms] [ERROR] Failed to load resource: net::ERR_CONNECTION_REFUSED @ http://localhost:1420/:0
[ 6727079ms] [ERROR] Failed to load resource: net::ERR_CONNECTION_REFUSED @ http://localhost:1420/:0
[ 6728082ms] [ERROR] Failed to load resource: net::ERR_CONNECTION_REFUSED @ http://localhost:1420/:0
[ 6729086ms] [ERROR] Failed to load resource: net::ERR_CONNECTION_REFUSED @ http://localhost:1420/:0
[ 6730088ms] [ERROR] Failed to load resource: net::ERR_CONNECTION_REFUSED @ http://localhost:1420/:0
[ 6731090ms] [ERROR] Failed to load resource: net::ERR_CONNECTION_REFUSED @ http://localhost:1420/:0
[ 6732092ms] [ERROR] Failed to load resource: net::ERR_CONNECTION_REFUSED @ http://localhost:1420/:0
[ 6733094ms] [ERROR] Failed to load resource: net::ERR_CONNECTION_REFUSED @ http://localhost:1420/:0
[ 6734096ms] [ERROR] Failed to load resource: net::ERR_CONNECTION_REFUSED @ http://localhost:1420/:0
[ 6735099ms] [ERROR] Failed to load resource: net::ERR_CONNECTION_REFUSED @ http://localhost:1420/:0
[ 6736101ms] [ERROR] Failed to load resource: net::ERR_CONNECTION_REFUSED @ http://localhost:1420/:0
[ 6737104ms] [ERROR] Failed to load resource: net::ERR_CONNECTION_REFUSED @ http://localhost:1420/:0
[ 6738109ms] [ERROR] Failed to load resource: net::ERR_CONNECTION_REFUSED @ http://localhost:1420/:0
[ 6739111ms] [ERROR] Failed to load resource: net::ERR_CONNECTION_REFUSED @ http://localhost:1420/:0
[ 6740114ms] [ERROR] Failed to load resource: net::ERR_CONNECTION_REFUSED @ http://localhost:1420/:0
[ 6741116ms] [ERROR] Failed to load resource: net::ERR_CONNECTION_REFUSED @ http://localhost:1420/:0
[ 6742120ms] [ERROR] Failed to load resource: net::ERR_CONNECTION_REFUSED @ http://localhost:1420/:0
[ 6743122ms] [ERROR] Failed to load resource: net::ERR_CONNECTION_REFUSED @ http://localhost:1420/:0
[ 6744124ms] [ERROR] Failed to load resource: net::ERR_CONNECTION_REFUSED @ http://localhost:1420/:0
[ 6745127ms] [ERROR] Failed to load resource: net::ERR_CONNECTION_REFUSED @ http://localhost:1420/:0
[ 6746129ms] [ERROR] Failed to load resource: net::ERR_CONNECTION_REFUSED @ http://localhost:1420/:0
[ 6747131ms] [ERROR] Failed to load resource: net::ERR_CONNECTION_REFUSED @ http://localhost:1420/:0
[ 6748132ms] [ERROR] Failed to load resource: net::ERR_CONNECTION_REFUSED @ http://localhost:1420/:0
[ 6749135ms] [ERROR] Failed to load resource: net::ERR_CONNECTION_REFUSED @ http://localhost:1420/:0
[ 6750138ms] [ERROR] Failed to load resource: net::ERR_CONNECTION_REFUSED @ http://localhost:1420/:0
[ 6751141ms] [ERROR] Failed to load resource: net::ERR_CONNECTION_REFUSED @ http://localhost:1420/:0
[ 6752144ms] [ERROR] Failed to load resource: net::ERR_CONNECTION_REFUSED @ http://localhost:1420/:0
[ 6753146ms] [ERROR] Failed to load resource: net::ERR_CONNECTION_REFUSED @ http://localhost:1420/:0
[ 6754148ms] [ERROR] Failed to load resource: net::ERR_CONNECTION_REFUSED @ http://localhost:1420/:0
[ 6755150ms] [ERROR] Failed to load resource: net::ERR_CONNECTION_REFUSED @ http://localhost:1420/:0
[ 6756152ms] [ERROR] Failed to load resource: net::ERR_CONNECTION_REFUSED @ http://localhost:1420/:0
[ 6757154ms] [ERROR] Failed to load resource: net::ERR_CONNECTION_REFUSED @ http://localhost:1420/:0
[ 6758158ms] [ERROR] Failed to load resource: net::ERR_CONNECTION_REFUSED @ http://localhost:1420/:0
[ 6759160ms] [ERROR] Failed to load resource: net::ERR_CONNECTION_REFUSED @ http://localhost:1420/:0
[ 6760162ms] [ERROR] Failed to load resource: net::ERR_CONNECTION_REFUSED @ http://localhost:1420/:0
[ 6761166ms] [ERROR] Failed to load resource: net::ERR_CONNECTION_REFUSED @ http://localhost:1420/:0
[ 6762168ms] [ERROR] Failed to load resource: net::ERR_CONNECTION_REFUSED @ http://localhost:1420/:0
[ 6763171ms] [ERROR] Failed to load resource: net::ERR_CONNECTION_REFUSED @ http://localhost:1420/:0
[ 6764173ms] [ERROR] Failed to load resource: net::ERR_CONNECTION_REFUSED @ http://localhost:1420/:0
[ 6765175ms] [ERROR] Failed to load resource: net::ERR_CONNECTION_REFUSED @ http://localhost:1420/:0
[ 6766177ms] [ERROR] Failed to load resource: net::ERR_CONNECTION_REFUSED @ http://localhost:1420/:0
[ 6767180ms] [ERROR] Failed to load resource: net::ERR_CONNECTION_REFUSED @ http://localhost:1420/:0
[ 6768184ms] [ERROR] Failed to load resource: net::ERR_CONNECTION_REFUSED @ http://localhost:1420/:0
[ 6769192ms] [ERROR] Failed to load resource: net::ERR_CONNECTION_REFUSED @ http://localhost:1420/:0
[ 6770193ms] [ERROR] Failed to load resource: net::ERR_CONNECTION_REFUSED @ http://localhost:1420/:0
[ 6771197ms] [ERROR] Failed to load resource: net::ERR_CONNECTION_REFUSED @ http://localhost:1420/:0
[ 6772199ms] [ERROR] Failed to load resource: net::ERR_CONNECTION_REFUSED @ http://localhost:1420/:0
[ 6773203ms] [ERROR] Failed to load resource: net::ERR_CONNECTION_REFUSED @ http://localhost:1420/:0
[ 6774205ms] [ERROR] Failed to load resource: net::ERR_CONNECTION_REFUSED @ http://localhost:1420/:0
[ 6775207ms] [ERROR] Failed to load resource: net::ERR_CONNECTION_REFUSED @ http://localhost:1420/:0
[ 6776210ms] [ERROR] Failed to load resource: net::ERR_CONNECTION_REFUSED @ http://localhost:1420/:0
[ 6777213ms] [ERROR] Failed to load resource: net::ERR_CONNECTION_REFUSED @ http://localhost:1420/:0
[ 6778218ms] [ERROR] Failed to load resource: net::ERR_CONNECTION_REFUSED @ http://localhost:1420/:0
[ 6779224ms] [ERROR] Failed to load resource: net::ERR_CONNECTION_REFUSED @ http://localhost:1420/:0
[ 6780227ms] [ERROR] Failed to load resource: net::ERR_CONNECTION_REFUSED @ http://localhost:1420/:0
[ 6781229ms] [ERROR] Failed to load resource: net::ERR_CONNECTION_REFUSED @ http://localhost:1420/:0
[ 6782231ms] [ERROR] Failed to load resource: net::ERR_CONNECTION_REFUSED @ http://localhost:1420/:0
[ 6783233ms] [ERROR] Failed to load resource: net::ERR_CONNECTION_REFUSED @ http://localhost:1420/:0
[ 6784235ms] [ERROR] Failed to load resource: net::ERR_CONNECTION_REFUSED @ http://localhost:1420/:0
[ 6785237ms] [ERROR] Failed to load resource: net::ERR_CONNECTION_REFUSED @ http://localhost:1420/:0
[ 6786238ms] [ERROR] Failed to load resource: net::ERR_CONNECTION_REFUSED @ http://localhost:1420/:0
[ 6787242ms] [ERROR] Failed to load resource: net::ERR_CONNECTION_REFUSED @ http://localhost:1420/:0
[ 6788248ms] [ERROR] Failed to load resource: net::ERR_CONNECTION_REFUSED @ http://localhost:1420/:0
[ 6789254ms] [ERROR] Failed to load resource: net::ERR_CONNECTION_REFUSED @ http://localhost:1420/:0
[ 6790257ms] [ERROR] Failed to load resource: net::ERR_CONNECTION_REFUSED @ http://localhost:1420/:0
[ 6791262ms] [ERROR] Failed to load resource: net::ERR_CONNECTION_REFUSED @ http://localhost:1420/:0
[ 6792265ms] [ERROR] Failed to load resource: net::ERR_CONNECTION_REFUSED @ http://localhost:1420/:0
[ 6793267ms] [ERROR] Failed to load resource: net::ERR_CONNECTION_REFUSED @ http://localhost:1420/:0
[ 6794269ms] [ERROR] Failed to load resource: net::ERR_CONNECTION_REFUSED @ http://localhost:1420/:0
[ 6795272ms] [ERROR] Failed to load resource: net::ERR_CONNECTION_REFUSED @ http://localhost:1420/:0
[ 6796275ms] [ERROR] Failed to load resource: net::ERR_CONNECTION_REFUSED @ http://localhost:1420/:0
[ 6797278ms] [ERROR] Failed to load resource: net::ERR_CONNECTION_REFUSED @ http://localhost:1420/:0
[ 6798281ms] [ERROR] Failed to load resource: net::ERR_CONNECTION_REFUSED @ http://localhost:1420/:0
[ 6799287ms] [ERROR] Failed to load resource: net::ERR_CONNECTION_REFUSED @ http://localhost:1420/:0
[ 6800289ms] [ERROR] Failed to load resource: net::ERR_CONNECTION_REFUSED @ http://localhost:1420/:0
[ 6801293ms] [ERROR] Failed to load resource: net::ERR_CONNECTION_REFUSED @ http://localhost:1420/:0
[ 6802296ms] [ERROR] Failed to load resource: net::ERR_CONNECTION_REFUSED @ http://localhost:1420/:0
[ 6803298ms] [ERROR] Failed to load resource: net::ERR_CONNECTION_REFUSED @ http://localhost:1420/:0
[ 6804301ms] [ERROR] Failed to load resource: net::ERR_CONNECTION_REFUSED @ http://localhost:1420/:0
[ 6805304ms] [ERROR] Failed to load resource: net::ERR_CONNECTION_REFUSED @ http://localhost:1420/:0
[ 6806306ms] [ERROR] Failed to load resource: net::ERR_CONNECTION_REFUSED @ http://localhost:1420/:0
[ 6807308ms] [ERROR] Failed to load resource: net::ERR_CONNECTION_REFUSED @ http://localhost:1420/:0
[ 6808311ms] [ERROR] Failed to load resource: net::ERR_CONNECTION_REFUSED @ http://localhost:1420/:0
[ 6809315ms] [ERROR] Failed to load resource: net::ERR_CONNECTION_REFUSED @ http://localhost:1420/:0
[ 6810318ms] [ERROR] Failed to load resource: net::ERR_CONNECTION_REFUSED @ http://localhost:1420/:0
[ 6811321ms] [ERROR] Failed to load resource: net::ERR_CONNECTION_REFUSED @ http://localhost:1420/:0
[ 6812323ms] [ERROR] Failed to load resource: net::ERR_CONNECTION_REFUSED @ http://localhost:1420/:0
[ 6813324ms] [ERROR] Failed to load resource: net::ERR_CONNECTION_REFUSED @ http://localhost:1420/:0
[ 6814327ms] [ERROR] Failed to load resource: net::ERR_CONNECTION_REFUSED @ http://localhost:1420/:0
[ 6815330ms] [ERROR] Failed to load resource: net::ERR_CONNECTION_REFUSED @ http://localhost:1420/:0
[ 6816332ms] [ERROR] Failed to load resource: net::ERR_CONNECTION_REFUSED @ http://localhost:1420/:0
[ 6817334ms] [ERROR] Failed to load resource: net::ERR_CONNECTION_REFUSED @ http://localhost:1420/:0
[ 6818336ms] [ERROR] Failed to load resource: net::ERR_CONNECTION_REFUSED @ http://localhost:1420/:0
[ 6819342ms] [ERROR] Failed to load resource: net::ERR_CONNECTION_REFUSED @ http://localhost:1420/:0
[ 6820345ms] [ERROR] Failed to load resource: net::ERR_CONNECTION_REFUSED @ http://localhost:1420/:0
[ 6821351ms] [ERROR] Failed to load resource: net::ERR_CONNECTION_REFUSED @ http://localhost:1420/:0
[ 6822354ms] [ERROR] Failed to load resource: net::ERR_CONNECTION_REFUSED @ http://localhost:1420/:0
[ 6823357ms] [ERROR] Failed to load resource: net::ERR_CONNECTION_REFUSED @ http://localhost:1420/:0
[ 6824361ms] [ERROR] Failed to load resource: net::ERR_CONNECTION_REFUSED @ http://localhost:1420/:0
[ 6825365ms] [ERROR] Failed to load resource: net::ERR_CONNECTION_REFUSED @ http://localhost:1420/:0
[ 6826368ms] [ERROR] Failed to load resource: net::ERR_CONNECTION_REFUSED @ http://localhost:1420/:0
[ 6827371ms] [ERROR] Failed to load resource: net::ERR_CONNECTION_REFUSED @ http://localhost:1420/:0
[ 6828376ms] [ERROR] Failed to load resource: net::ERR_CONNECTION_REFUSED @ http://localhost:1420/:0
[ 6829381ms] [ERROR] Failed to load resource: net::ERR_CONNECTION_REFUSED @ http://localhost:1420/:0
[ 6830384ms] [ERROR] Failed to load resource: net::ERR_CONNECTION_REFUSED @ http://localhost:1420/:0
[ 6831388ms] [ERROR] Failed to load resource: net::ERR_CONNECTION_REFUSED @ http://localhost:1420/:0
[ 6832390ms] [ERROR] Failed to load resource: net::ERR_CONNECTION_REFUSED @ http://localhost:1420/:0
[ 6833392ms] [ERROR] Failed to load resource: net::ERR_CONNECTION_REFUSED @ http://localhost:1420/:0
[ 6834395ms] [ERROR] Failed to load resource: net::ERR_CONNECTION_REFUSED @ http://localhost:1420/:0
[ 6835400ms] [ERROR] Failed to load resource: net::ERR_CONNECTION_REFUSED @ http://localhost:1420/:0
[ 6836403ms] [ERROR] Failed to load resource: net::ERR_CONNECTION_REFUSED @ http://localhost:1420/:0
[ 6837406ms] [ERROR] Failed to load resource: net::ERR_CONNECTION_REFUSED @ http://localhost:1420/:0
[ 6838408ms] [ERROR] Failed to load resource: net::ERR_CONNECTION_REFUSED @ http://localhost:1420/:0
[ 6839413ms] [ERROR] Failed to load resource: net::ERR_CONNECTION_REFUSED @ http://localhost:1420/:0
[ 6840416ms] [ERROR] Failed to load resource: net::ERR_CONNECTION_REFUSED @ http://localhost:1420/:0
[ 6841845ms] [INFO] %cDownload the React DevTools for a better development experience: https://reactjs.org/link/react-devtools font-weight:bold @ http://localhost:1420/node_modules/.vite/deps/chunk-3OUSE6UW.js?v=2f73116f:21550
[ 6841898ms] TypeError: Cannot read properties of undefined (reading 'transformCallback')
    at transformCallback (http://localhost:1420/node_modules/.vite/deps/chunk-3D3XGJZW.js?v=2f73116f:22:37)
    at listen (http://localhost:1420/node_modules/.vite/deps/chunk-3D3XGJZW.js?v=2f73116f:132:14)
    at http://localhost:1420/src/hooks/useCompanionState.ts:13:5
    at commitHookEffectListMount (http://localhost:1420/node_modules/.vite/deps/chunk-3OUSE6UW.js?v=2f73116f:16915:34)
    at commitPassiveMountOnFiber (http://localhost:1420/node_modules/.vite/deps/chunk-3OUSE6UW.js?v=2f73116f:18156:19)
    at commitPassiveMountEffects_complete (http://localhost:1420/node_modules/.vite/deps/chunk-3OUSE6UW.js?v=2f73116f:18129:17)
    at commitPassiveMountEffects_begin (http://localhost:1420/node_modules/.vite/deps/chunk-3OUSE6UW.js?v=2f73116f:18119:15)
    at commitPassiveMountEffects (http://localhost:1420/node_modules/.vite/deps/chunk-3OUSE6UW.js?v=2f73116f:18109:11)
    at flushPassiveEffectsImpl (http://localhost:1420/node_modules/.vite/deps/chunk-3OUSE6UW.js?v=2f73116f:19490:11)
    at flushPassiveEffects (http://localhost:1420/node_modules/.vite/deps/chunk-3OUSE6UW.js?v=2f73116f:19447:22)
[ 6841899ms] TypeError: Cannot read properties of undefined (reading 'transformCallback')
    at transformCallback (http://localhost:1420/node_modules/.vite/deps/chunk-3D3XGJZW.js?v=2f73116f:22:37)
    at listen (http://localhost:1420/node_modules/.vite/deps/chunk-3D3XGJZW.js?v=2f73116f:132:14)
    at http://localhost:1420/src/hooks/useCompanionState.ts:13:5
    at commitHookEffectListMount (http://localhost:1420/node_modules/.vite/deps/chunk-3OUSE6UW.js?v=2f73116f:16915:34)
    at invokePassiveEffectMountInDEV (http://localhost:1420/node_modules/.vite/deps/chunk-3OUSE6UW.js?v=2f73116f:18324:19)
    at invokeEffectsInDev (http://localhost:1420/node_modules/.vite/deps/chunk-3OUSE6UW.js?v=2f73116f:19701:19)
    at commitDoubleInvokeEffectsInDEV (http://localhost:1420/node_modules/.vite/deps/chunk-3OUSE6UW.js?v=2f73116f:19686:15)
    at flushPassiveEffectsImpl (http://localhost:1420/node_modules/.vite/deps/chunk-3OUSE6UW.js?v=2f73116f:19503:13)
    at flushPassiveEffects (http://localhost:1420/node_modules/.vite/deps/chunk-3OUSE6UW.js?v=2f73116f:19447:22)
    at http://localhost:1420/node_modules/.vite/deps/chunk-3OUSE6UW.js?v=2f73116f:19328:17
[ 6973239ms] TypeError: Cannot read properties of undefined (reading 'transformCallback')
    at transformCallback (http://localhost:1420/node_modules/.vite/deps/chunk-3D3XGJZW.js?v=2f73116f:22:37)
    at listen (http://localhost:1420/node_modules/.vite/deps/chunk-3D3XGJZW.js?v=2f73116f:132:14)
    at http://localhost:1420/src/hooks/useCompanionState.ts:13:5
    at commitHookEffectListMount (http://localhost:1420/node_modules/.vite/deps/chunk-3OUSE6UW.js?v=2f73116f:16915:34)
    at commitPassiveMountOnFiber (http://localhost:1420/node_modules/.vite/deps/chunk-3OUSE6UW.js?v=2f73116f:18156:19)
    at commitPassiveMountEffects_complete (http://localhost:1420/node_modules/.vite/deps/chunk-3OUSE6UW.js?v=2f73116f:18129:17)
    at commitPassiveMountEffects_begin (http://localhost:1420/node_modules/.vite/deps/chunk-3OUSE6UW.js?v=2f73116f:18119:15)
    at commitPassiveMountEffects (http://localhost:1420/node_modules/.vite/deps/chunk-3OUSE6UW.js?v=2f73116f:18109:11)
    at flushPassiveEffectsImpl (http://localhost:1420/node_modules/.vite/deps/chunk-3OUSE6UW.js?v=2f73116f:19490:11)
    at flushPassiveEffects (http://localhost:1420/node_modules/.vite/deps/chunk-3OUSE6UW.js?v=2f73116f:19447:22)
[ 6977138ms] TypeError: Cannot read properties of undefined (reading 'transformCallback')
    at transformCallback (http://localhost:1420/node_modules/.vite/deps/chunk-3D3XGJZW.js?v=2f73116f:22:37)
    at listen (http://localhost:1420/node_modules/.vite/deps/chunk-3D3XGJZW.js?v=2f73116f:132:14)
    at http://localhost:1420/src/hooks/useCompanionState.ts:13:5
    at commitHookEffectListMount (http://localhost:1420/node_modules/.vite/deps/chunk-3OUSE6UW.js?v=2f73116f:16915:34)
    at commitPassiveMountOnFiber (http://localhost:1420/node_modules/.vite/deps/chunk-3OUSE6UW.js?v=2f73116f:18156:19)
    at commitPassiveMountEffects_complete (http://localhost:1420/node_modules/.vite/deps/chunk-3OUSE6UW.js?v=2f73116f:18129:17)
    at commitPassiveMountEffects_begin (http://localhost:1420/node_modules/.vite/deps/chunk-3OUSE6UW.js?v=2f73116f:18119:15)
    at commitPassiveMountEffects (http://localhost:1420/node_modules/.vite/deps/chunk-3OUSE6UW.js?v=2f73116f:18109:11)
    at flushPassiveEffectsImpl (http://localhost:1420/node_modules/.vite/deps/chunk-3OUSE6UW.js?v=2f73116f:19490:11)
    at flushPassiveEffects (http://localhost:1420/node_modules/.vite/deps/chunk-3OUSE6UW.js?v=2f73116f:19447:22)
[ 7021282ms] TypeError: Cannot read properties of undefined (reading 'transformCallback')
    at transformCallback (http://localhost:1420/node_modules/.vite/deps/chunk-3D3XGJZW.js?v=2f73116f:22:37)
    at listen (http://localhost:1420/node_modules/.vite/deps/chunk-3D3XGJZW.js?v=2f73116f:132:14)
    at http://localhost:1420/src/hooks/useCompanionState.ts:13:5
    at commitHookEffectListMount (http://localhost:1420/node_modules/.vite/deps/chunk-3OUSE6UW.js?v=2f73116f:16915:34)
    at commitPassiveMountOnFiber (http://localhost:1420/node_modules/.vite/deps/chunk-3OUSE6UW.js?v=2f73116f:18156:19)
    at commitPassiveMountEffects_complete (http://localhost:1420/node_modules/.vite/deps/chunk-3OUSE6UW.js?v=2f73116f:18129:17)
    at commitPassiveMountEffects_begin (http://localhost:1420/node_modules/.vite/deps/chunk-3OUSE6UW.js?v=2f73116f:18119:15)
    at commitPassiveMountEffects (http://localhost:1420/node_modules/.vite/deps/chunk-3OUSE6UW.js?v=2f73116f:18109:11)
    at flushPassiveEffectsImpl (http://localhost:1420/node_modules/.vite/deps/chunk-3OUSE6UW.js?v=2f73116f:19490:11)
    at flushPassiveEffects (http://localhost:1420/node_modules/.vite/deps/chunk-3OUSE6UW.js?v=2f73116f:19447:22)
[ 7357155ms] TypeError: Cannot read properties of undefined (reading 'transformCallback')
    at transformCallback (http://localhost:1420/node_modules/.vite/deps/chunk-3D3XGJZW.js?v=2f73116f:22:37)
    at listen (http://localhost:1420/node_modules/.vite/deps/chunk-3D3XGJZW.js?v=2f73116f:132:14)
    at http://localhost:1420/src/hooks/useCompanionState.ts:13:5
    at commitHookEffectListMount (http://localhost:1420/node_modules/.vite/deps/chunk-3OUSE6UW.js?v=2f73116f:16915:34)
    at commitPassiveMountOnFiber (http://localhost:1420/node_modules/.vite/deps/chunk-3OUSE6UW.js?v=2f73116f:18156:19)
    at commitPassiveMountEffects_complete (http://localhost:1420/node_modules/.vite/deps/chunk-3OUSE6UW.js?v=2f73116f:18129:17)
    at commitPassiveMountEffects_begin (http://localhost:1420/node_modules/.vite/deps/chunk-3OUSE6UW.js?v=2f73116f:18119:15)
    at commitPassiveMountEffects (http://localhost:1420/node_modules/.vite/deps/chunk-3OUSE6UW.js?v=2f73116f:18109:11)
    at flushPassiveEffectsImpl (http://localhost:1420/node_modules/.vite/deps/chunk-3OUSE6UW.js?v=2f73116f:19490:11)
    at flushPassiveEffects (http://localhost:1420/node_modules/.vite/deps/chunk-3OUSE6UW.js?v=2f73116f:19447:22)
[ 7365798ms] TypeError: Cannot read properties of undefined (reading 'transformCallback')
    at transformCallback (http://localhost:1420/node_modules/.vite/deps/chunk-3D3XGJZW.js?v=2f73116f:22:37)
    at listen (http://localhost:1420/node_modules/.vite/deps/chunk-3D3XGJZW.js?v=2f73116f:132:14)
    at http://localhost:1420/src/hooks/useCompanionState.ts:13:5
    at commitHookEffectListMount (http://localhost:1420/node_modules/.vite/deps/chunk-3OUSE6UW.js?v=2f73116f:16915:34)
    at commitPassiveMountOnFiber (http://localhost:1420/node_modules/.vite/deps/chunk-3OUSE6UW.js?v=2f73116f:18156:19)
    at commitPassiveMountEffects_complete (http://localhost:1420/node_modules/.vite/deps/chunk-3OUSE6UW.js?v=2f73116f:18129:17)
    at commitPassiveMountEffects_begin (http://localhost:1420/node_modules/.vite/deps/chunk-3OUSE6UW.js?v=2f73116f:18119:15)
    at commitPassiveMountEffects (http://localhost:1420/node_modules/.vite/deps/chunk-3OUSE6UW.js?v=2f73116f:18109:11)
    at flushPassiveEffectsImpl (http://localhost:1420/node_modules/.vite/deps/chunk-3OUSE6UW.js?v=2f73116f:19490:11)
    at flushPassiveEffects (http://localhost:1420/node_modules/.vite/deps/chunk-3OUSE6UW.js?v=2f73116f:19447:22)
[ 7863520ms] TypeError: Cannot read properties of undefined (reading 'transformCallback')
    at transformCallback (http://localhost:1420/node_modules/.vite/deps/chunk-3D3XGJZW.js?v=2f73116f:22:37)
    at listen (http://localhost:1420/node_modules/.vite/deps/chunk-3D3XGJZW.js?v=2f73116f:132:14)
    at http://localhost:1420/src/hooks/useCompanionState.ts:13:5
    at commitHookEffectListMount (http://localhost:1420/node_modules/.vite/deps/chunk-3OUSE6UW.js?v=2f73116f:16915:34)
    at commitPassiveMountOnFiber (http://localhost:1420/node_modules/.vite/deps/chunk-3OUSE6UW.js?v=2f73116f:18156:19)
    at commitPassiveMountEffects_complete (http://localhost:1420/node_modules/.vite/deps/chunk-3OUSE6UW.js?v=2f73116f:18129:17)
    at commitPassiveMountEffects_begin (http://localhost:1420/node_modules/.vite/deps/chunk-3OUSE6UW.js?v=2f73116f:18119:15)
    at commitPassiveMountEffects (http://localhost:1420/node_modules/.vite/deps/chunk-3OUSE6UW.js?v=2f73116f:18109:11)
    at flushPassiveEffectsImpl (http://localhost:1420/node_modules/.vite/deps/chunk-3OUSE6UW.js?v=2f73116f:19490:11)
    at flushPassiveEffects (http://localhost:1420/node_modules/.vite/deps/chunk-3OUSE6UW.js?v=2f73116f:19447:22)
[ 8697392ms] [LOG] [vite] server connection lost. Polling for restart... @ http://localhost:1420/@vite/client:559
[ 8697444ms] [ERROR] Failed to load resource: net::ERR_CONNECTION_REFUSED @ http://localhost:1420/:0
[ 8698448ms] [ERROR] Failed to load resource: net::ERR_CONNECTION_REFUSED @ http://localhost:1420/:0
[ 8699453ms] [ERROR] Failed to load resource: net::ERR_CONNECTION_REFUSED @ http://localhost:1420/:0
[ 8700455ms] [ERROR] Failed to load resource: net::ERR_CONNECTION_REFUSED @ http://localhost:1420/:0
[ 8701457ms] [ERROR] Failed to load resource: net::ERR_CONNECTION_REFUSED @ http://localhost:1420/:0
[ 8702459ms] [ERROR] Failed to load resource: net::ERR_CONNECTION_REFUSED @ http://localhost:1420/:0
[ 8703461ms] [ERROR] Failed to load resource: net::ERR_CONNECTION_REFUSED @ http://localhost:1420/:0
[ 8704463ms] [ERROR] Failed to load resource: net::ERR_CONNECTION_REFUSED @ http://localhost:1420/:0
[ 8705466ms] [ERROR] Failed to load resource: net::ERR_CONNECTION_REFUSED @ http://localhost:1420/:0
[ 8706467ms] [ERROR] Failed to load resource: net::ERR_CONNECTION_REFUSED @ http://localhost:1420/:0
[ 8707470ms] [ERROR] Failed to load resource: net::ERR_CONNECTION_REFUSED @ http://localhost:1420/:0
[ 8708473ms] [ERROR] Failed to load resource: net::ERR_CONNECTION_REFUSED @ http://localhost:1420/:0
[ 8709477ms] [ERROR] Failed to load resource: net::ERR_CONNECTION_REFUSED @ http://localhost:1420/:0
[ 8710479ms] [ERROR] Failed to load resource: net::ERR_CONNECTION_REFUSED @ http://localhost:1420/:0
[ 8711481ms] [ERROR] Failed to load resource: net::ERR_CONNECTION_REFUSED @ http://localhost:1420/:0
[ 8712484ms] [ERROR] Failed to load resource: net::ERR_CONNECTION_REFUSED @ http://localhost:1420/:0
[ 8713488ms] [ERROR] Failed to load resource: net::ERR_CONNECTION_REFUSED @ http://localhost:1420/:0
[ 8714490ms] [ERROR] Failed to load resource: net::ERR_CONNECTION_REFUSED @ http://localhost:1420/:0
[ 8715493ms] [ERROR] Failed to load resource: net::ERR_CONNECTION_REFUSED @ http://localhost:1420/:0
[ 8716495ms] [ERROR] Failed to load resource: net::ERR_CONNECTION_REFUSED @ http://localhost:1420/:0
[ 8717497ms] [ERROR] Failed to load resource: net::ERR_CONNECTION_REFUSED @ http://localhost:1420/:0
[ 8718500ms] [ERROR] Failed to load resource: net::ERR_CONNECTION_REFUSED @ http://localhost:1420/:0
[ 8719504ms] [ERROR] Failed to load resource: net::ERR_CONNECTION_REFUSED @ http://localhost:1420/:0
[ 8720507ms] [ERROR] Failed to load resource: net::ERR_CONNECTION_REFUSED @ http://localhost:1420/:0
[ 8721509ms] [ERROR] Failed to load resource: net::ERR_CONNECTION_REFUSED @ http://localhost:1420/:0
[ 8722512ms] [ERROR] Failed to load resource: net::ERR_CONNECTION_REFUSED @ http://localhost:1420/:0
[ 8723515ms] [ERROR] Failed to load resource: net::ERR_CONNECTION_REFUSED @ http://localhost:1420/:0
[ 8724516ms] [ERROR] Failed to load resource: net::ERR_CONNECTION_REFUSED @ http://localhost:1420/:0
[ 8725518ms] [ERROR] Failed to load resource: net::ERR_CONNECTION_REFUSED @ http://localhost:1420/:0
[ 8726520ms] [ERROR] Failed to load resource: net::ERR_CONNECTION_REFUSED @ http://localhost:1420/:0
[ 8727522ms] [ERROR] Failed to load resource: net::ERR_CONNECTION_REFUSED @ http://localhost:1420/:0
[ 8728524ms] [ERROR] Failed to load resource: net::ERR_CONNECTION_REFUSED @ http://localhost:1420/:0
[ 8729527ms] [ERROR] Failed to load resource: net::ERR_CONNECTION_REFUSED @ http://localhost:1420/:0
[ 8730529ms] [ERROR] Failed to load resource: net::ERR_CONNECTION_REFUSED @ http://localhost:1420/:0
[ 8731531ms] [ERROR] Failed to load resource: net::ERR_CONNECTION_REFUSED @ http://localhost:1420/:0
[ 8732534ms] [ERROR] Failed to load resource: net::ERR_CONNECTION_REFUSED @ http://localhost:1420/:0
[ 8733536ms] [ERROR] Failed to load resource: net::ERR_CONNECTION_REFUSED @ http://localhost:1420/:0
[ 8734538ms] [ERROR] Failed to load resource: net::ERR_CONNECTION_REFUSED @ http://localhost:1420/:0
[ 8735540ms] [ERROR] Failed to load resource: net::ERR_CONNECTION_REFUSED @ http://localhost:1420/:0
[ 8736543ms] [ERROR] Failed to load resource: net::ERR_CONNECTION_REFUSED @ http://localhost:1420/:0
[ 8737545ms] [ERROR] Failed to load resource: net::ERR_CONNECTION_REFUSED @ http://localhost:1420/:0
[ 8738546ms] [ERROR] Failed to load resource: net::ERR_CONNECTION_REFUSED @ http://localhost:1420/:0
[ 8739550ms] [ERROR] Failed to load resource: net::ERR_CONNECTION_REFUSED @ http://localhost:1420/:0
[ 8740553ms] [ERROR] Failed to load resource: net::ERR_CONNECTION_REFUSED @ http://localhost:1420/:0
[ 8741555ms] [ERROR] Failed to load resource: net::ERR_CONNECTION_REFUSED @ http://localhost:1420/:0
[ 8742558ms] [ERROR] Failed to load resource: net::ERR_CONNECTION_REFUSED @ http://localhost:1420/:0
[ 8743560ms] [ERROR] Failed to load resource: net::ERR_CONNECTION_REFUSED @ http://localhost:1420/:0
[ 8744563ms] [ERROR] Failed to load resource: net::ERR_CONNECTION_REFUSED @ http://localhost:1420/:0
[ 8745566ms] [ERROR] Failed to load resource: net::ERR_CONNECTION_REFUSED @ http://localhost:1420/:0
[ 8746568ms] [ERROR] Failed to load resource: net::ERR_CONNECTION_REFUSED @ http://localhost:1420/:0
[ 8747571ms] [ERROR] Failed to load resource: net::ERR_CONNECTION_REFUSED @ http://localhost:1420/:0
[ 8748572ms] [ERROR] Failed to load resource: net::ERR_CONNECTION_REFUSED @ http://localhost:1420/:0
[ 8749575ms] [ERROR] Failed to load resource: net::ERR_CONNECTION_REFUSED @ http://localhost:1420/:0
[ 8750577ms] [ERROR] Failed to load resource: net::ERR_CONNECTION_REFUSED @ http://localhost:1420/:0
[ 8751579ms] [ERROR] Failed to load resource: net::ERR_CONNECTION_REFUSED @ http://localhost:1420/:0
[ 8752581ms] [ERROR] Failed to load resource: net::ERR_CONNECTION_REFUSED @ http://localhost:1420/:0
[ 8753583ms] [ERROR] Failed to load resource: net::ERR_CONNECTION_REFUSED @ http://localhost:1420/:0
[ 8754585ms] [ERROR] Failed to load resource: net::ERR_CONNECTION_REFUSED @ http://localhost:1420/:0
[ 8755588ms] [ERROR] Failed to load resource: net::ERR_CONNECTION_REFUSED @ http://localhost:1420/:0
[ 8756590ms] [ERROR] Failed to load resource: net::ERR_CONNECTION_REFUSED @ http://localhost:1420/:0
[ 8757593ms] [ERROR] Failed to load resource: net::ERR_CONNECTION_REFUSED @ http://localhost:1420/:0
[ 8758595ms] [ERROR] Failed to load resource: net::ERR_CONNECTION_REFUSED @ http://localhost:1420/:0
[ 8759600ms] [ERROR] Failed to load resource: net::ERR_CONNECTION_REFUSED @ http://localhost:1420/:0
[ 8760604ms] [ERROR] Failed to load resource: net::ERR_CONNECTION_REFUSED @ http://localhost:1420/:0
[ 8761607ms] [ERROR] Failed to load resource: net::ERR_CONNECTION_REFUSED @ http://localhost:1420/:0
[ 8762609ms] [ERROR] Failed to load resource: net::ERR_CONNECTION_REFUSED @ http://localhost:1420/:0
[ 8763612ms] [ERROR] Failed to load resource: net::ERR_CONNECTION_REFUSED @ http://localhost:1420/:0
[ 8764613ms] [ERROR] Failed to load resource: net::ERR_CONNECTION_REFUSED @ http://localhost:1420/:0
[ 8765618ms] [ERROR] Failed to load resource: net::ERR_CONNECTION_REFUSED @ http://localhost:1420/:0
[ 8766621ms] [ERROR] Failed to load resource: net::ERR_CONNECTION_REFUSED @ http://localhost:1420/:0
[ 8767624ms] [ERROR] Failed to load resource: net::ERR_CONNECTION_REFUSED @ http://localhost:1420/:0
[ 8768626ms] [ERROR] Failed to load resource: net::ERR_CONNECTION_REFUSED @ http://localhost:1420/:0
[ 8769628ms] [ERROR] Failed to load resource: net::ERR_CONNECTION_REFUSED @ http://localhost:1420/:0
[ 8770630ms] [ERROR] Failed to load resource: net::ERR_CONNECTION_REFUSED @ http://localhost:1420/:0
[ 8771633ms] [ERROR] Failed to load resource: net::ERR_CONNECTION_REFUSED @ http://localhost:1420/:0
[ 8772637ms] [ERROR] Failed to load resource: net::ERR_CONNECTION_REFUSED @ http://localhost:1420/:0
[ 8773639ms] [ERROR] Failed to load resource: net::ERR_CONNECTION_REFUSED @ http://localhost:1420/:0
[ 8774642ms] [ERROR] Failed to load resource: net::ERR_CONNECTION_REFUSED @ http://localhost:1420/:0
[ 8775645ms] [ERROR] Failed to load resource: net::ERR_CONNECTION_REFUSED @ http://localhost:1420/:0
[ 8776647ms] [ERROR] Failed to load resource: net::ERR_CONNECTION_REFUSED @ http://localhost:1420/:0
[ 8777649ms] [ERROR] Failed to load resource: net::ERR_CONNECTION_REFUSED @ http://localhost:1420/:0
[ 8778652ms] [ERROR] Failed to load resource: net::ERR_CONNECTION_REFUSED @ http://localhost:1420/:0
[ 8779655ms] [ERROR] Failed to load resource: net::ERR_CONNECTION_REFUSED @ http://localhost:1420/:0
[ 8780660ms] [ERROR] Failed to load resource: net::ERR_CONNECTION_REFUSED @ http://localhost:1420/:0
[ 8781661ms] [ERROR] Failed to load resource: net::ERR_CONNECTION_REFUSED @ http://localhost:1420/:0
[ 8782664ms] [ERROR] Failed to load resource: net::ERR_CONNECTION_REFUSED @ http://localhost:1420/:0
[ 8783667ms] [ERROR] Failed to load resource: net::ERR_CONNECTION_REFUSED @ http://localhost:1420/:0
[ 8784669ms] [ERROR] Failed to load resource: net::ERR_CONNECTION_REFUSED @ http://localhost:1420/:0
[ 8785672ms] [ERROR] Failed to load resource: net::ERR_CONNECTION_REFUSED @ http://localhost:1420/:0
[ 8786675ms] [ERROR] Failed to load resource: net::ERR_CONNECTION_REFUSED @ http://localhost:1420/:0
[ 8787677ms] [ERROR] Failed to load resource: net::ERR_CONNECTION_REFUSED @ http://localhost:1420/:0
[ 8788680ms] [ERROR] Failed to load resource: net::ERR_CONNECTION_REFUSED @ http://localhost:1420/:0
[ 8789683ms] [ERROR] Failed to load resource: net::ERR_CONNECTION_REFUSED @ http://localhost:1420/:0
[ 8790685ms] [ERROR] Failed to load resource: net::ERR_CONNECTION_REFUSED @ http://localhost:1420/:0
[ 8791688ms] [ERROR] Failed to load resource: net::ERR_CONNECTION_REFUSED @ http://localhost:1420/:0
[ 8792695ms] [ERROR] Failed to load resource: net::ERR_CONNECTION_REFUSED @ http://localhost:1420/:0
[ 8793696ms] [ERROR] Failed to load resource: net::ERR_CONNECTION_REFUSED @ http://localhost:1420/:0
[ 8794698ms] [ERROR] Failed to load resource: net::ERR_CONNECTION_REFUSED @ http://localhost:1420/:0
[ 8795700ms] [ERROR] Failed to load resource: net::ERR_CONNECTION_REFUSED @ http://localhost:1420/:0
[ 8796702ms] [ERROR] Failed to load resource: net::ERR_CONNECTION_REFUSED @ http://localhost:1420/:0
[ 8797704ms] [ERROR] Failed to load resource: net::ERR_CONNECTION_REFUSED @ http://localhost:1420/:0
[ 8798708ms] [ERROR] Failed to load resource: net::ERR_CONNECTION_REFUSED @ http://localhost:1420/:0
[ 8799711ms] [ERROR] Failed to load resource: net::ERR_CONNECTION_REFUSED @ http://localhost:1420/:0
[ 8800714ms] [ERROR] Failed to load resource: net::ERR_CONNECTION_REFUSED @ http://localhost:1420/:0
[ 8801718ms] [ERROR] Failed to load resource: net::ERR_CONNECTION_REFUSED @ http://localhost:1420/:0
[ 8802722ms] [ERROR] Failed to load resource: net::ERR_CONNECTION_REFUSED @ http://localhost:1420/:0
[ 8803724ms] [ERROR] Failed to load resource: net::ERR_CONNECTION_REFUSED @ http://localhost:1420/:0
[ 8804726ms] [ERROR] Failed to load resource: net::ERR_CONNECTION_REFUSED @ http://localhost:1420/:0
[ 8805729ms] [ERROR] Failed to load resource: net::ERR_CONNECTION_REFUSED @ http://localhost:1420/:0
[ 8806731ms] [ERROR] Failed to load resource: net::ERR_CONNECTION_REFUSED @ http://localhost:1420/:0
[ 8807733ms] [ERROR] Failed to load resource: net::ERR_CONNECTION_REFUSED @ http://localhost:1420/:0
[ 8808736ms] [ERROR] Failed to load resource: net::ERR_CONNECTION_REFUSED @ http://localhost:1420/:0
[ 8809740ms] [ERROR] Failed to load resource: net::ERR_CONNECTION_REFUSED @ http://localhost:1420/:0
[ 8810743ms] [ERROR] Failed to load resource: net::ERR_CONNECTION_REFUSED @ http://localhost:1420/:0
[ 8811746ms] [ERROR] Failed to load resource: net::ERR_CONNECTION_REFUSED @ http://localhost:1420/:0
[ 8812749ms] [ERROR] Failed to load resource: net::ERR_CONNECTION_REFUSED @ http://localhost:1420/:0
[ 8813751ms] [ERROR] Failed to load resource: net::ERR_CONNECTION_REFUSED @ http://localhost:1420/:0
[ 8814753ms] [ERROR] Failed to load resource: net::ERR_CONNECTION_REFUSED @ http://localhost:1420/:0
[ 8815755ms] [ERROR] Failed to load resource: net::ERR_CONNECTION_REFUSED @ http://localhost:1420/:0
[ 8816757ms] [ERROR] Failed to load resource: net::ERR_CONNECTION_REFUSED @ http://localhost:1420/:0
[ 8817759ms] [ERROR] Failed to load resource: net::ERR_CONNECTION_REFUSED @ http://localhost:1420/:0
[ 8818763ms] [ERROR] Failed to load resource: net::ERR_CONNECTION_REFUSED @ http://localhost:1420/:0
[ 8819767ms] [ERROR] Failed to load resource: net::ERR_CONNECTION_REFUSED @ http://localhost:1420/:0
[ 8820771ms] [ERROR] Failed to load resource: net::ERR_CONNECTION_REFUSED @ http://localhost:1420/:0
[ 8821775ms] [ERROR] Failed to load resource: net::ERR_CONNECTION_REFUSED @ http://localhost:1420/:0
[ 8822780ms] [ERROR] Failed to load resource: net::ERR_CONNECTION_REFUSED @ http://localhost:1420/:0
[ 8823782ms] [ERROR] Failed to load resource: net::ERR_CONNECTION_REFUSED @ http://localhost:1420/:0
[ 8824783ms] [ERROR] Failed to load resource: net::ERR_CONNECTION_REFUSED @ http://localhost:1420/:0
[ 8825785ms] [ERROR] Failed to load resource: net::ERR_CONNECTION_REFUSED @ http://localhost:1420/:0
[ 8826787ms] [ERROR] Failed to load resource: net::ERR_CONNECTION_REFUSED @ http://localhost:1420/:0
[ 8827790ms] [ERROR] Failed to load resource: net::ERR_CONNECTION_REFUSED @ http://localhost:1420/:0
[ 8828794ms] [ERROR] Failed to load resource: net::ERR_CONNECTION_REFUSED @ http://localhost:1420/:0
[ 8829799ms] [ERROR] Failed to load resource: net::ERR_CONNECTION_REFUSED @ http://localhost:1420/:0
[ 8830801ms] [ERROR] Failed to load resource: net::ERR_CONNECTION_REFUSED @ http://localhost:1420/:0
[ 8831805ms] [ERROR] Failed to load resource: net::ERR_CONNECTION_REFUSED @ http://localhost:1420/:0
[ 8832808ms] [ERROR] Failed to load resource: net::ERR_CONNECTION_REFUSED @ http://localhost:1420/:0
[ 8833811ms] [ERROR] Failed to load resource: net::ERR_CONNECTION_REFUSED @ http://localhost:1420/:0
[ 8834813ms] [ERROR] Failed to load resource: net::ERR_CONNECTION_REFUSED @ http://localhost:1420/:0
[ 8835815ms] [ERROR] Failed to load resource: net::ERR_CONNECTION_REFUSED @ http://localhost:1420/:0
[ 8836817ms] [ERROR] Failed to load resource: net::ERR_CONNECTION_REFUSED @ http://localhost:1420/:0
[ 8837819ms] [ERROR] Failed to load resource: net::ERR_CONNECTION_REFUSED @ http://localhost:1420/:0
[ 8838823ms] [ERROR] Failed to load resource: net::ERR_CONNECTION_REFUSED @ http://localhost:1420/:0
[ 8839826ms] [ERROR] Failed to load resource: net::ERR_CONNECTION_REFUSED @ http://localhost:1420/:0
[ 8840830ms] [ERROR] Failed to load resource: net::ERR_CONNECTION_REFUSED @ http://localhost:1420/:0
[ 8841832ms] [ERROR] Failed to load resource: net::ERR_CONNECTION_REFUSED @ http://localhost:1420/:0
[ 8842835ms] [ERROR] Failed to load resource: net::ERR_CONNECTION_REFUSED @ http://localhost:1420/:0
[ 8843838ms] [ERROR] Failed to load resource: net::ERR_CONNECTION_REFUSED @ http://localhost:1420/:0
[ 8844840ms] [ERROR] Failed to load resource: net::ERR_CONNECTION_REFUSED @ http://localhost:1420/:0
[ 8845843ms] [ERROR] Failed to load resource: net::ERR_CONNECTION_REFUSED @ http://localhost:1420/:0
[ 8846844ms] [ERROR] Failed to load resource: net::ERR_CONNECTION_REFUSED @ http://localhost:1420/:0
[ 8847847ms] [ERROR] Failed to load resource: net::ERR_CONNECTION_REFUSED @ http://localhost:1420/:0
[ 8848849ms] [ERROR] Failed to load resource: net::ERR_CONNECTION_REFUSED @ http://localhost:1420/:0
[ 8849852ms] [ERROR] Failed to load resource: net::ERR_CONNECTION_REFUSED @ http://localhost:1420/:0
[ 8850855ms] [ERROR] Failed to load resource: net::ERR_CONNECTION_REFUSED @ http://localhost:1420/:0
[ 8851859ms] [ERROR] Failed to load resource: net::ERR_CONNECTION_REFUSED @ http://localhost:1420/:0
[ 8852865ms] [ERROR] Failed to load resource: net::ERR_CONNECTION_REFUSED @ http://localhost:1420/:0
[ 8853867ms] [ERROR] Failed to load resource: net::ERR_CONNECTION_REFUSED @ http://localhost:1420/:0
[ 8854869ms] [ERROR] Failed to load resource: net::ERR_CONNECTION_REFUSED @ http://localhost:1420/:0
[ 8855873ms] [ERROR] Failed to load resource: net::ERR_CONNECTION_REFUSED @ http://localhost:1420/:0
[ 8856875ms] [ERROR] Failed to load resource: net::ERR_CONNECTION_REFUSED @ http://localhost:1420/:0
[ 8857876ms] [ERROR] Failed to load resource: net::ERR_CONNECTION_REFUSED @ http://localhost:1420/:0
[ 8858882ms] [ERROR] Failed to load resource: net::ERR_CONNECTION_REFUSED @ http://localhost:1420/:0
[ 8859885ms] [ERROR] Failed to load resource: net::ERR_CONNECTION_REFUSED @ http://localhost:1420/:0
[ 8860888ms] [ERROR] Failed to load resource: net::ERR_CONNECTION_REFUSED @ http://localhost:1420/:0
[ 8861893ms] [ERROR] Failed to load resource: net::ERR_CONNECTION_REFUSED @ http://localhost:1420/:0
[ 8862897ms] [ERROR] Failed to load resource: net::ERR_CONNECTION_REFUSED @ http://localhost:1420/:0
[ 8863899ms] [ERROR] Failed to load resource: net::ERR_CONNECTION_REFUSED @ http://localhost:1420/:0
[ 8864902ms] [ERROR] Failed to load resource: net::ERR_CONNECTION_REFUSED @ http://localhost:1420/:0
[ 8865907ms] [ERROR] Failed to load resource: net::ERR_CONNECTION_REFUSED @ http://localhost:1420/:0
[ 8866908ms] [ERROR] Failed to load resource: net::ERR_CONNECTION_REFUSED @ http://localhost:1420/:0
[ 8867911ms] [ERROR] Failed to load resource: net::ERR_CONNECTION_REFUSED @ http://localhost:1420/:0
[ 8868916ms] [ERROR] Failed to load resource: net::ERR_CONNECTION_REFUSED @ http://localhost:1420/:0
[ 8869918ms] [ERROR] Failed to load resource: net::ERR_CONNECTION_REFUSED @ http://localhost:1420/:0
[ 8870920ms] [ERROR] Failed to load resource: net::ERR_CONNECTION_REFUSED @ http://localhost:1420/:0
[ 8871922ms] [ERROR] Failed to load resource: net::ERR_CONNECTION_REFUSED @ http://localhost:1420/:0
[ 8872926ms] [ERROR] Failed to load resource: net::ERR_CONNECTION_REFUSED @ http://localhost:1420/:0
[ 8873929ms] [ERROR] Failed to load resource: net::ERR_CONNECTION_REFUSED @ http://localhost:1420/:0
[ 8874931ms] [ERROR] Failed to load resource: net::ERR_CONNECTION_REFUSED @ http://localhost:1420/:0
[ 8875933ms] [ERROR] Failed to load resource: net::ERR_CONNECTION_REFUSED @ http://localhost:1420/:0
[ 8876936ms] [ERROR] Failed to load resource: net::ERR_CONNECTION_REFUSED @ http://localhost:1420/:0
[ 8877938ms] [ERROR] Failed to load resource: net::ERR_CONNECTION_REFUSED @ http://localhost:1420/:0
[ 8878941ms] [ERROR] Failed to load resource: net::ERR_CONNECTION_REFUSED @ http://localhost:1420/:0
[ 8879944ms] [ERROR] Failed to load resource: net::ERR_CONNECTION_REFUSED @ http://localhost:1420/:0
[ 8880946ms] [ERROR] Failed to load resource: net::ERR_CONNECTION_REFUSED @ http://localhost:1420/:0
[ 8881949ms] [ERROR] Failed to load resource: net::ERR_CONNECTION_REFUSED @ http://localhost:1420/:0
[ 8882953ms] [ERROR] Failed to load resource: net::ERR_CONNECTION_REFUSED @ http://localhost:1420/:0
[ 8883955ms] [ERROR] Failed to load resource: net::ERR_CONNECTION_REFUSED @ http://localhost:1420/:0
[ 8884956ms] [ERROR] Failed to load resource: net::ERR_CONNECTION_REFUSED @ http://localhost:1420/:0
[ 8885961ms] [ERROR] Failed to load resource: net::ERR_CONNECTION_REFUSED @ http://localhost:1420/:0
[ 8886964ms] [ERROR] Failed to load resource: net::ERR_CONNECTION_REFUSED @ http://localhost:1420/:0
[ 8887967ms] [ERROR] Failed to load resource: net::ERR_CONNECTION_REFUSED @ http://localhost:1420/:0
[ 8888974ms] [ERROR] Failed to load resource: net::ERR_CONNECTION_REFUSED @ http://localhost:1420/:0
[ 8889977ms] [ERROR] Failed to load resource: net::ERR_CONNECTION_REFUSED @ http://localhost:1420/:0
[ 8890979ms] [ERROR] Failed to load resource: net::ERR_CONNECTION_REFUSED @ http://localhost:1420/:0
[ 8891986ms] [ERROR] Failed to load resource: net::ERR_CONNECTION_REFUSED @ http://localhost:1420/:0
[ 8892990ms] [ERROR] Failed to load resource: net::ERR_CONNECTION_REFUSED @ http://localhost:1420/:0
[ 8893993ms] [ERROR] Failed to load resource: net::ERR_CONNECTION_REFUSED @ http://localhost:1420/:0
[ 8894995ms] [ERROR] Failed to load resource: net::ERR_CONNECTION_REFUSED @ http://localhost:1420/:0
[ 8896000ms] [ERROR] Failed to load resource: net::ERR_CONNECTION_REFUSED @ http://localhost:1420/:0
[ 8897002ms] [ERROR] Failed to load resource: net::ERR_CONNECTION_REFUSED @ http://localhost:1420/:0
[ 8898007ms] [ERROR] Failed to load resource: net::ERR_CONNECTION_REFUSED @ http://localhost:1420/:0
[ 8899009ms] [ERROR] Failed to load resource: net::ERR_CONNECTION_REFUSED @ http://localhost:1420/:0
[ 8900014ms] [ERROR] Failed to load resource: net::ERR_CONNECTION_REFUSED @ http://localhost:1420/:0
[ 8901016ms] [ERROR] Failed to load resource: net::ERR_CONNECTION_REFUSED @ http://localhost:1420/:0
[ 8902022ms] [ERROR] Failed to load resource: net::ERR_CONNECTION_REFUSED @ http://localhost:1420/:0
[ 8903026ms] [ERROR] Failed to load resource: net::ERR_CONNECTION_REFUSED @ http://localhost:1420/:0
[ 8904029ms] [ERROR] Failed to load resource: net::ERR_CONNECTION_REFUSED @ http://localhost:1420/:0
[ 8905031ms] [ERROR] Failed to load resource: net::ERR_CONNECTION_REFUSED @ http://localhost:1420/:0
[ 8906036ms] [ERROR] Failed to load resource: net::ERR_CONNECTION_REFUSED @ http://localhost:1420/:0
[ 8907039ms] [ERROR] Failed to load resource: net::ERR_CONNECTION_REFUSED @ http://localhost:1420/:0
[ 8908042ms] [ERROR] Failed to load resource: net::ERR_CONNECTION_REFUSED @ http://localhost:1420/:0
[ 8909047ms] [ERROR] Failed to load resource: net::ERR_CONNECTION_REFUSED @ http://localhost:1420/:0
[ 8910053ms] [ERROR] Failed to load resource: net::ERR_CONNECTION_REFUSED @ http://localhost:1420/:0
[ 8911055ms] [ERROR] Failed to load resource: net::ERR_CONNECTION_REFUSED @ http://localhost:1420/:0
[ 8912060ms] [ERROR] Failed to load resource: net::ERR_CONNECTION_REFUSED @ http://localhost:1420/:0
[ 8913064ms] [ERROR] Failed to load resource: net::ERR_CONNECTION_REFUSED @ http://localhost:1420/:0
[ 8914066ms] [ERROR] Failed to load resource: net::ERR_CONNECTION_REFUSED @ http://localhost:1420/:0
[ 8915068ms] [ERROR] Failed to load resource: net::ERR_CONNECTION_REFUSED @ http://localhost:1420/:0
[ 8916073ms] [ERROR] Failed to load resource: net::ERR_CONNECTION_REFUSED @ http://localhost:1420/:0
[ 8917076ms] [ERROR] Failed to load resource: net::ERR_CONNECTION_REFUSED @ http://localhost:1420/:0
[ 8918080ms] [ERROR] Failed to load resource: net::ERR_CONNECTION_REFUSED @ http://localhost:1420/:0
[ 8919085ms] [ERROR] Failed to load resource: net::ERR_CONNECTION_REFUSED @ http://localhost:1420/:0
[ 8920089ms] [ERROR] Failed to load resource: net::ERR_CONNECTION_REFUSED @ http://localhost:1420/:0
[ 8921092ms] [ERROR] Failed to load resource: net::ERR_CONNECTION_REFUSED @ http://localhost:1420/:0
[ 8922095ms] [ERROR] Failed to load resource: net::ERR_CONNECTION_REFUSED @ http://localhost:1420/:0
[ 8923097ms] [ERROR] Failed to load resource: net::ERR_CONNECTION_REFUSED @ http://localhost:1420/:0
[ 8924100ms] [ERROR] Failed to load resource: net::ERR_CONNECTION_REFUSED @ http://localhost:1420/:0
[ 8925102ms] [ERROR] Failed to load resource: net::ERR_CONNECTION_REFUSED @ http://localhost:1420/:0
[ 8926108ms] [ERROR] Failed to load resource: net::ERR_CONNECTION_REFUSED @ http://localhost:1420/:0
[ 8927110ms] [ERROR] Failed to load resource: net::ERR_CONNECTION_REFUSED @ http://localhost:1420/:0
[ 8928116ms] [ERROR] Failed to load resource: net::ERR_CONNECTION_REFUSED @ http://localhost:1420/:0
[ 8929122ms] [ERROR] Failed to load resource: net::ERR_CONNECTION_REFUSED @ http://localhost:1420/:0
[ 8930124ms] [ERROR] Failed to load resource: net::ERR_CONNECTION_REFUSED @ http://localhost:1420/:0
[ 8931127ms] [ERROR] Failed to load resource: net::ERR_CONNECTION_REFUSED @ http://localhost:1420/:0
[ 8932129ms] [ERROR] Failed to load resource: net::ERR_CONNECTION_REFUSED @ http://localhost:1420/:0
[ 8933131ms] [ERROR] Failed to load resource: net::ERR_CONNECTION_REFUSED @ http://localhost:1420/:0
[ 8934133ms] [ERROR] Failed to load resource: net::ERR_CONNECTION_REFUSED @ http://localhost:1420/:0
[ 8935136ms] [ERROR] Failed to load resource: net::ERR_CONNECTION_REFUSED @ http://localhost:1420/:0
[ 8936139ms] [ERROR] Failed to load resource: net::ERR_CONNECTION_REFUSED @ http://localhost:1420/:0
[ 8937141ms] [ERROR] Failed to load resource: net::ERR_CONNECTION_REFUSED @ http://localhost:1420/:0
[ 8938146ms] [ERROR] Failed to load resource: net::ERR_CONNECTION_REFUSED @ http://localhost:1420/:0
[ 8939150ms] [ERROR] Failed to load resource: net::ERR_CONNECTION_REFUSED @ http://localhost:1420/:0
[ 8940155ms] [ERROR] Failed to load resource: net::ERR_CONNECTION_REFUSED @ http://localhost:1420/:0
[ 8941156ms] [ERROR] Failed to load resource: net::ERR_CONNECTION_REFUSED @ http://localhost:1420/:0
[ 8942159ms] [ERROR] Failed to load resource: net::ERR_CONNECTION_REFUSED @ http://localhost:1420/:0
[ 8943161ms] [ERROR] Failed to load resource: net::ERR_CONNECTION_REFUSED @ http://localhost:1420/:0
[ 8944163ms] [ERROR] Failed to load resource: net::ERR_CONNECTION_REFUSED @ http://localhost:1420/:0
[ 8945165ms] [ERROR] Failed to load resource: net::ERR_CONNECTION_REFUSED @ http://localhost:1420/:0
[ 8946169ms] [ERROR] Failed to load resource: net::ERR_CONNECTION_REFUSED @ http://localhost:1420/:0
[ 8947171ms] [ERROR] Failed to load resource: net::ERR_CONNECTION_REFUSED @ http://localhost:1420/:0
[ 8948176ms] [ERROR] Failed to load resource: net::ERR_CONNECTION_REFUSED @ http://localhost:1420/:0
[ 8949182ms] [ERROR] Failed to load resource: net::ERR_CONNECTION_REFUSED @ http://localhost:1420/:0
[ 8950188ms] [ERROR] Failed to load resource: net::ERR_CONNECTION_REFUSED @ http://localhost:1420/:0
[ 8951191ms] [ERROR] Failed to load resource: net::ERR_CONNECTION_REFUSED @ http://localhost:1420/:0
[ 8952197ms] [ERROR] Failed to load resource: net::ERR_CONNECTION_REFUSED @ http://localhost:1420/:0
[ 8953199ms] [ERROR] Failed to load resource: net::ERR_CONNECTION_REFUSED @ http://localhost:1420/:0
[ 8954201ms] [ERROR] Failed to load resource: net::ERR_CONNECTION_REFUSED @ http://localhost:1420/:0
[ 8955204ms] [ERROR] Failed to load resource: net::ERR_CONNECTION_REFUSED @ http://localhost:1420/:0
[ 8956207ms] [ERROR] Failed to load resource: net::ERR_CONNECTION_REFUSED @ http://localhost:1420/:0
[ 8957209ms] [ERROR] Failed to load resource: net::ERR_CONNECTION_REFUSED @ http://localhost:1420/:0
[ 8958211ms] [ERROR] Failed to load resource: net::ERR_CONNECTION_REFUSED @ http://localhost:1420/:0
[ 8959215ms] [ERROR] Failed to load resource: net::ERR_CONNECTION_REFUSED @ http://localhost:1420/:0
[ 8960219ms] [ERROR] Failed to load resource: net::ERR_CONNECTION_REFUSED @ http://localhost:1420/:0
[ 8961222ms] [ERROR] Failed to load resource: net::ERR_CONNECTION_REFUSED @ http://localhost:1420/:0
[ 8962225ms] [ERROR] Failed to load resource: net::ERR_CONNECTION_REFUSED @ http://localhost:1420/:0
[ 8963228ms] [ERROR] Failed to load resource: net::ERR_CONNECTION_REFUSED @ http://localhost:1420/:0
[ 8964231ms] [ERROR] Failed to load resource: net::ERR_CONNECTION_REFUSED @ http://localhost:1420/:0
[ 8965233ms] [ERROR] Failed to load resource: net::ERR_CONNECTION_REFUSED @ http://localhost:1420/:0
[ 8966243ms] [ERROR] Failed to load resource: net::ERR_CONNECTION_REFUSED @ http://localhost:1420/:0
[ 8967244ms] [ERROR] Failed to load resource: net::ERR_CONNECTION_REFUSED @ http://localhost:1420/:0
[ 8968248ms] [ERROR] Failed to load resource: net::ERR_CONNECTION_REFUSED @ http://localhost:1420/:0
[ 8969255ms] [ERROR] Failed to load resource: net::ERR_CONNECTION_REFUSED @ http://localhost:1420/:0
[ 8970258ms] [ERROR] Failed to load resource: net::ERR_CONNECTION_REFUSED @ http://localhost:1420/:0
[ 8971260ms] [ERROR] Failed to load resource: net::ERR_CONNECTION_REFUSED @ http://localhost:1420/:0
[ 8972264ms] [ERROR] Failed to load resource: net::ERR_CONNECTION_REFUSED @ http://localhost:1420/:0
[ 8973267ms] [ERROR] Failed to load resource: net::ERR_CONNECTION_REFUSED @ http://localhost:1420/:0
[ 8974269ms] [ERROR] Failed to load resource: net::ERR_CONNECTION_REFUSED @ http://localhost:1420/:0
[ 8975272ms] [ERROR] Failed to load resource: net::ERR_CONNECTION_REFUSED @ http://localhost:1420/:0
[ 8976276ms] [ERROR] Failed to load resource: net::ERR_CONNECTION_REFUSED @ http://localhost:1420/:0
[ 8977278ms] [ERROR] Failed to load resource: net::ERR_CONNECTION_REFUSED @ http://localhost:1420/:0
[ 8978281ms] [ERROR] Failed to load resource: net::ERR_CONNECTION_REFUSED @ http://localhost:1420/:0
[ 8979286ms] [ERROR] Failed to load resource: net::ERR_CONNECTION_REFUSED @ http://localhost:1420/:0
[ 8980293ms] [ERROR] Failed to load resource: net::ERR_CONNECTION_REFUSED @ http://localhost:1420/:0
[ 8981296ms] [ERROR] Failed to load resource: net::ERR_CONNECTION_REFUSED @ http://localhost:1420/:0
[ 8982298ms] [ERROR] Failed to load resource: net::ERR_CONNECTION_REFUSED @ http://localhost:1420/:0
[ 8983301ms] [ERROR] Failed to load resource: net::ERR_CONNECTION_REFUSED @ http://localhost:1420/:0
[ 8984303ms] [ERROR] Failed to load resource: net::ERR_CONNECTION_REFUSED @ http://localhost:1420/:0
[ 8985305ms] [ERROR] Failed to load resource: net::ERR_CONNECTION_REFUSED @ http://localhost:1420/:0
[ 8986311ms] [ERROR] Failed to load resource: net::ERR_CONNECTION_REFUSED @ http://localhost:1420/:0
[ 8987314ms] [ERROR] Failed to load resource: net::ERR_CONNECTION_REFUSED @ http://localhost:1420/:0
[ 8988315ms] [ERROR] Failed to load resource: net::ERR_CONNECTION_REFUSED @ http://localhost:1420/:0
[ 8989321ms] [ERROR] Failed to load resource: net::ERR_CONNECTION_REFUSED @ http://localhost:1420/:0
[ 8990331ms] [ERROR] Failed to load resource: net::ERR_CONNECTION_REFUSED @ http://localhost:1420/:0
[ 8991334ms] [ERROR] Failed to load resource: net::ERR_CONNECTION_REFUSED @ http://localhost:1420/:0
[ 8992336ms] [ERROR] Failed to load resource: net::ERR_CONNECTION_REFUSED @ http://localhost:1420/:0
[ 8993338ms] [ERROR] Failed to load resource: net::ERR_CONNECTION_REFUSED @ http://localhost:1420/:0
[ 8994341ms] [ERROR] Failed to load resource: net::ERR_CONNECTION_REFUSED @ http://localhost:1420/:0
[ 8995346ms] [ERROR] Failed to load resource: net::ERR_CONNECTION_REFUSED @ http://localhost:1420/:0
[ 8996350ms] [ERROR] Failed to load resource: net::ERR_CONNECTION_REFUSED @ http://localhost:1420/:0
[ 8997352ms] [ERROR] Failed to load resource: net::ERR_CONNECTION_REFUSED @ http://localhost:1420/:0
[ 8998357ms] [ERROR] Failed to load resource: net::ERR_CONNECTION_REFUSED @ http://localhost:1420/:0
[ 8999361ms] [ERROR] Failed to load resource: net::ERR_CONNECTION_REFUSED @ http://localhost:1420/:0
[ 9000364ms] [ERROR] Failed to load resource: net::ERR_CONNECTION_REFUSED @ http://localhost:1420/:0
[ 9001367ms] [ERROR] Failed to load resource: net::ERR_CONNECTION_REFUSED @ http://localhost:1420/:0
[ 9002371ms] [ERROR] Failed to load resource: net::ERR_CONNECTION_REFUSED @ http://localhost:1420/:0
[ 9003372ms] [ERROR] Failed to load resource: net::ERR_CONNECTION_REFUSED @ http://localhost:1420/:0
[ 9004375ms] [ERROR] Failed to load resource: net::ERR_CONNECTION_REFUSED @ http://localhost:1420/:0
[ 9005377ms] [ERROR] Failed to load resource: net::ERR_CONNECTION_REFUSED @ http://localhost:1420/:0
[ 9006380ms] [ERROR] Failed to load resource: net::ERR_CONNECTION_REFUSED @ http://localhost:1420/:0
[ 9007382ms] [ERROR] Failed to load resource: net::ERR_CONNECTION_REFUSED @ http://localhost:1420/:0
[ 9008386ms] [ERROR] Failed to load resource: net::ERR_CONNECTION_REFUSED @ http://localhost:1420/:0
[ 9009391ms] [ERROR] Failed to load resource: net::ERR_CONNECTION_REFUSED @ http://localhost:1420/:0
[ 9010394ms] [ERROR] Failed to load resource: net::ERR_CONNECTION_REFUSED @ http://localhost:1420/:0
[ 9011396ms] [ERROR] Failed to load resource: net::ERR_CONNECTION_REFUSED @ http://localhost:1420/:0
[ 9012401ms] [ERROR] Failed to load resource: net::ERR_CONNECTION_REFUSED @ http://localhost:1420/:0
[ 9013403ms] [ERROR] Failed to load resource: net::ERR_CONNECTION_REFUSED @ http://localhost:1420/:0
[ 9014405ms] [ERROR] Failed to load resource: net::ERR_CONNECTION_REFUSED @ http://localhost:1420/:0
[ 9015407ms] [ERROR] Failed to load resource: net::ERR_CONNECTION_REFUSED @ http://localhost:1420/:0
[ 9016409ms] [ERROR] Failed to load resource: net::ERR_CONNECTION_REFUSED @ http://localhost:1420/:0
[ 9017411ms] [ERROR] Failed to load resource: net::ERR_CONNECTION_REFUSED @ http://localhost:1420/:0
[ 9018414ms] [ERROR] Failed to load resource: net::ERR_CONNECTION_REFUSED @ http://localhost:1420/:0
[ 9019418ms] [ERROR] Failed to load resource: net::ERR_CONNECTION_REFUSED @ http://localhost:1420/:0
[ 9020433ms] [ERROR] Failed to load resource: net::ERR_CONNECTION_REFUSED @ http://localhost:1420/:0
[ 9021435ms] [ERROR] Failed to load resource: net::ERR_CONNECTION_REFUSED @ http://localhost:1420/:0
[ 9022437ms] [ERROR] Failed to load resource: net::ERR_CONNECTION_REFUSED @ http://localhost:1420/:0
[ 9023439ms] [ERROR] Failed to load resource: net::ERR_CONNECTION_REFUSED @ http://localhost:1420/:0
[ 9024443ms] [ERROR] Failed to load resource: net::ERR_CONNECTION_REFUSED @ http://localhost:1420/:0
[ 9025445ms] [ERROR] Failed to load resource: net::ERR_CONNECTION_REFUSED @ http://localhost:1420/:0
[ 9026447ms] [ERROR] Failed to load resource: net::ERR_CONNECTION_REFUSED @ http://localhost:1420/:0
[ 9027450ms] [ERROR] Failed to load resource: net::ERR_CONNECTION_REFUSED @ http://localhost:1420/:0
[ 9028454ms] [ERROR] Failed to load resource: net::ERR_CONNECTION_REFUSED @ http://localhost:1420/:0
[ 9029458ms] [ERROR] Failed to load resource: net::ERR_CONNECTION_REFUSED @ http://localhost:1420/:0
[ 9030475ms] [ERROR] Failed to load resource: net::ERR_CONNECTION_REFUSED @ http://localhost:1420/:0
[ 9031478ms] [ERROR] Failed to load resource: net::ERR_CONNECTION_REFUSED @ http://localhost:1420/:0
[ 9032481ms] [ERROR] Failed to load resource: net::ERR_CONNECTION_REFUSED @ http://localhost:1420/:0
[ 9033484ms] [ERROR] Failed to load resource: net::ERR_CONNECTION_REFUSED @ http://localhost:1420/:0
[ 9034487ms] [ERROR] Failed to load resource: net::ERR_CONNECTION_REFUSED @ http://localhost:1420/:0
[ 9035489ms] [ERROR] Failed to load resource: net::ERR_CONNECTION_REFUSED @ http://localhost:1420/:0
[ 9036493ms] [ERROR] Failed to load resource: net::ERR_CONNECTION_REFUSED @ http://localhost:1420/:0
[ 9037496ms] [ERROR] Failed to load resource: net::ERR_CONNECTION_REFUSED @ http://localhost:1420/:0
[ 9038500ms] [ERROR] Failed to load resource: net::ERR_CONNECTION_REFUSED @ http://localhost:1420/:0
[ 9039502ms] [ERROR] Failed to load resource: net::ERR_CONNECTION_REFUSED @ http://localhost:1420/:0
[ 9040505ms] [ERROR] Failed to load resource: net::ERR_CONNECTION_REFUSED @ http://localhost:1420/:0
[ 9041507ms] [ERROR] Failed to load resource: net::ERR_CONNECTION_REFUSED @ http://localhost:1420/:0
[ 9042511ms] [ERROR] Failed to load resource: net::ERR_CONNECTION_REFUSED @ http://localhost:1420/:0
[ 9043514ms] [ERROR] Failed to load resource: net::ERR_CONNECTION_REFUSED @ http://localhost:1420/:0
[ 9044517ms] [ERROR] Failed to load resource: net::ERR_CONNECTION_REFUSED @ http://localhost:1420/:0
[ 9045520ms] [ERROR] Failed to load resource: net::ERR_CONNECTION_REFUSED @ http://localhost:1420/:0
[ 9046523ms] [ERROR] Failed to load resource: net::ERR_CONNECTION_REFUSED @ http://localhost:1420/:0
[ 9047525ms] [ERROR] Failed to load resource: net::ERR_CONNECTION_REFUSED @ http://localhost:1420/:0
[ 9048529ms] [ERROR] Failed to load resource: net::ERR_CONNECTION_REFUSED @ http://localhost:1420/:0
[ 9049533ms] [ERROR] Failed to load resource: net::ERR_CONNECTION_REFUSED @ http://localhost:1420/:0
[ 9050536ms] [ERROR] Failed to load resource: net::ERR_CONNECTION_REFUSED @ http://localhost:1420/:0
[ 9051539ms] [ERROR] Failed to load resource: net::ERR_CONNECTION_REFUSED @ http://localhost:1420/:0
[ 9052543ms] [ERROR] Failed to load resource: net::ERR_CONNECTION_REFUSED @ http://localhost:1420/:0
[ 9053545ms] [ERROR] Failed to load resource: net::ERR_CONNECTION_REFUSED @ http://localhost:1420/:0
[ 9054548ms] [ERROR] Failed to load resource: net::ERR_CONNECTION_REFUSED @ http://localhost:1420/:0
[ 9055552ms] [ERROR] Failed to load resource: net::ERR_CONNECTION_REFUSED @ http://localhost:1420/:0
[ 9056555ms] [ERROR] Failed to load resource: net::ERR_CONNECTION_REFUSED @ http://localhost:1420/:0
[ 9057557ms] [ERROR] Failed to load resource: net::ERR_CONNECTION_REFUSED @ http://localhost:1420/:0
[ 9058560ms] [ERROR] Failed to load resource: net::ERR_CONNECTION_REFUSED @ http://localhost:1420/:0
[ 9059564ms] [ERROR] Failed to load resource: net::ERR_CONNECTION_REFUSED @ http://localhost:1420/:0
[ 9060567ms] [ERROR] Failed to load resource: net::ERR_CONNECTION_REFUSED @ http://localhost:1420/:0
[ 9061570ms] [ERROR] Failed to load resource: net::ERR_CONNECTION_REFUSED @ http://localhost:1420/:0
[ 9062573ms] [ERROR] Failed to load resource: net::ERR_CONNECTION_REFUSED @ http://localhost:1420/:0
[ 9063576ms] [ERROR] Failed to load resource: net::ERR_CONNECTION_REFUSED @ http://localhost:1420/:0
[ 9064579ms] [ERROR] Failed to load resource: net::ERR_CONNECTION_REFUSED @ http://localhost:1420/:0
[ 9065581ms] [ERROR] Failed to load resource: net::ERR_CONNECTION_REFUSED @ http://localhost:1420/:0
[ 9066584ms] [ERROR] Failed to load resource: net::ERR_CONNECTION_REFUSED @ http://localhost:1420/:0
[ 9067587ms] [ERROR] Failed to load resource: net::ERR_CONNECTION_REFUSED @ http://localhost:1420/:0
[ 9068591ms] [ERROR] Failed to load resource: net::ERR_CONNECTION_REFUSED @ http://localhost:1420/:0
[ 9069598ms] [ERROR] Failed to load resource: net::ERR_CONNECTION_REFUSED @ http://localhost:1420/:0
[ 9070601ms] [ERROR] Failed to load resource: net::ERR_CONNECTION_REFUSED @ http://localhost:1420/:0
[ 9071603ms] [ERROR] Failed to load resource: net::ERR_CONNECTION_REFUSED @ http://localhost:1420/:0
[ 9072607ms] [ERROR] Failed to load resource: net::ERR_CONNECTION_REFUSED @ http://localhost:1420/:0
[ 9073609ms] [ERROR] Failed to load resource: net::ERR_CONNECTION_REFUSED @ http://localhost:1420/:0
[ 9074613ms] [ERROR] Failed to load resource: net::ERR_CONNECTION_REFUSED @ http://localhost:1420/:0
[ 9075616ms] [ERROR] Failed to load resource: net::ERR_CONNECTION_REFUSED @ http://localhost:1420/:0
[ 9076618ms] [ERROR] Failed to load resource: net::ERR_CONNECTION_REFUSED @ http://localhost:1420/:0
[ 9077621ms] [ERROR] Failed to load resource: net::ERR_CONNECTION_REFUSED @ http://localhost:1420/:0
[ 9078624ms] [ERROR] Failed to load resource: net::ERR_CONNECTION_REFUSED @ http://localhost:1420/:0
[ 9079629ms] [ERROR] Failed to load resource: net::ERR_CONNECTION_REFUSED @ http://localhost:1420/:0
[ 9080632ms] [ERROR] Failed to load resource: net::ERR_CONNECTION_REFUSED @ http://localhost:1420/:0
[ 9081636ms] [ERROR] Failed to load resource: net::ERR_CONNECTION_REFUSED @ http://localhost:1420/:0
[ 9082641ms] [ERROR] Failed to load resource: net::ERR_CONNECTION_REFUSED @ http://localhost:1420/:0
[ 9083652ms] [ERROR] Failed to load resource: net::ERR_CONNECTION_REFUSED @ http://localhost:1420/:0
[ 9084654ms] [ERROR] Failed to load resource: net::ERR_CONNECTION_REFUSED @ http://localhost:1420/:0
[ 9085660ms] [ERROR] Failed to load resource: net::ERR_CONNECTION_REFUSED @ http://localhost:1420/:0
[ 9086665ms] [ERROR] Failed to load resource: net::ERR_CONNECTION_REFUSED @ http://localhost:1420/:0
[ 9087668ms] [ERROR] Failed to load resource: net::ERR_CONNECTION_REFUSED @ http://localhost:1420/:0
[ 9088670ms] [ERROR] Failed to load resource: net::ERR_CONNECTION_REFUSED @ http://localhost:1420/:0
[ 9089677ms] [ERROR] Failed to load resource: net::ERR_CONNECTION_REFUSED @ http://localhost:1420/:0
[ 9090679ms] [ERROR] Failed to load resource: net::ERR_CONNECTION_REFUSED @ http://localhost:1420/:0
[ 9091682ms] [ERROR] Failed to load resource: net::ERR_CONNECTION_REFUSED @ http://localhost:1420/:0
[ 9092689ms] [ERROR] Failed to load resource: net::ERR_CONNECTION_REFUSED @ http://localhost:1420/:0
[ 9093691ms] [ERROR] Failed to load resource: net::ERR_CONNECTION_REFUSED @ http://localhost:1420/:0
[ 9094694ms] [ERROR] Failed to load resource: net::ERR_CONNECTION_REFUSED @ http://localhost:1420/:0
[ 9095700ms] [ERROR] Failed to load resource: net::ERR_CONNECTION_REFUSED @ http://localhost:1420/:0
[ 9096704ms] [ERROR] Failed to load resource: net::ERR_CONNECTION_REFUSED @ http://localhost:1420/:0
[ 9097707ms] [ERROR] Failed to load resource: net::ERR_CONNECTION_REFUSED @ http://localhost:1420/:0
[ 9098713ms] [ERROR] Failed to load resource: net::ERR_CONNECTION_REFUSED @ http://localhost:1420/:0
[ 9099717ms] [ERROR] Failed to load resource: net::ERR_CONNECTION_REFUSED @ http://localhost:1420/:0
[ 9100719ms] [ERROR] Failed to load resource: net::ERR_CONNECTION_REFUSED @ http://localhost:1420/:0
[ 9101722ms] [ERROR] Failed to load resource: net::ERR_CONNECTION_REFUSED @ http://localhost:1420/:0
[ 9102726ms] [ERROR] Failed to load resource: net::ERR_CONNECTION_REFUSED @ http://localhost:1420/:0
[ 9103730ms] [ERROR] Failed to load resource: net::ERR_CONNECTION_REFUSED @ http://localhost:1420/:0
[ 9104732ms] [ERROR] Failed to load resource: net::ERR_CONNECTION_REFUSED @ http://localhost:1420/:0
[ 9105736ms] [ERROR] Failed to load resource: net::ERR_CONNECTION_REFUSED @ http://localhost:1420/:0
[ 9106739ms] [ERROR] Failed to load resource: net::ERR_CONNECTION_REFUSED @ http://localhost:1420/:0
[ 9107741ms] [ERROR] Failed to load resource: net::ERR_CONNECTION_REFUSED @ http://localhost:1420/:0
[ 9108747ms] [ERROR] Failed to load resource: net::ERR_CONNECTION_REFUSED @ http://localhost:1420/:0
[ 9109753ms] [ERROR] Failed to load resource: net::ERR_CONNECTION_REFUSED @ http://localhost:1420/:0
[ 9110756ms] [ERROR] Failed to load resource: net::ERR_CONNECTION_REFUSED @ http://localhost:1420/:0
[ 9111761ms] [ERROR] Failed to load resource: net::ERR_CONNECTION_REFUSED @ http://localhost:1420/:0
[ 9112765ms] [ERROR] Failed to load resource: net::ERR_CONNECTION_REFUSED @ http://localhost:1420/:0
[ 9113768ms] [ERROR] Failed to load resource: net::ERR_CONNECTION_REFUSED @ http://localhost:1420/:0
[ 9114770ms] [ERROR] Failed to load resource: net::ERR_CONNECTION_REFUSED @ http://localhost:1420/:0
[ 9115776ms] [ERROR] Failed to load resource: net::ERR_CONNECTION_REFUSED @ http://localhost:1420/:0
[ 9116779ms] [ERROR] Failed to load resource: net::ERR_CONNECTION_REFUSED @ http://localhost:1420/:0
[ 9117781ms] [ERROR] Failed to load resource: net::ERR_CONNECTION_REFUSED @ http://localhost:1420/:0
[ 9118786ms] [ERROR] Failed to load resource: net::ERR_CONNECTION_REFUSED @ http://localhost:1420/:0
[ 9119790ms] [ERROR] Failed to load resource: net::ERR_CONNECTION_REFUSED @ http://localhost:1420/:0
[ 9120794ms] [ERROR] Failed to load resource: net::ERR_CONNECTION_REFUSED @ http://localhost:1420/:0
[ 9121797ms] [ERROR] Failed to load resource: net::ERR_CONNECTION_REFUSED @ http://localhost:1420/:0
[ 9122803ms] [ERROR] Failed to load resource: net::ERR_CONNECTION_REFUSED @ http://localhost:1420/:0
[ 9123805ms] [ERROR] Failed to load resource: net::ERR_CONNECTION_REFUSED @ http://localhost:1420/:0
[ 9124808ms] [ERROR] Failed to load resource: net::ERR_CONNECTION_REFUSED @ http://localhost:1420/:0
[ 9125813ms] [ERROR] Failed to load resource: net::ERR_CONNECTION_REFUSED @ http://localhost:1420/:0
[ 9126815ms] [ERROR] Failed to load resource: net::ERR_CONNECTION_REFUSED @ http://localhost:1420/:0
[ 9127817ms] [ERROR] Failed to load resource: net::ERR_CONNECTION_REFUSED @ http://localhost:1420/:0
[ 9128823ms] [ERROR] Failed to load resource: net::ERR_CONNECTION_REFUSED @ http://localhost:1420/:0
[ 9129828ms] [ERROR] Failed to load resource: net::ERR_CONNECTION_REFUSED @ http://localhost:1420/:0
[ 9130833ms] [ERROR] Failed to load resource: net::ERR_CONNECTION_REFUSED @ http://localhost:1420/:0
[ 9131837ms] [ERROR] Failed to load resource: net::ERR_CONNECTION_REFUSED @ http://localhost:1420/:0
[ 9132841ms] [ERROR] Failed to load resource: net::ERR_CONNECTION_REFUSED @ http://localhost:1420/:0
[ 9133843ms] [ERROR] Failed to load resource: net::ERR_CONNECTION_REFUSED @ http://localhost:1420/:0
[ 9134845ms] [ERROR] Failed to load resource: net::ERR_CONNECTION_REFUSED @ http://localhost:1420/:0
[ 9135850ms] [ERROR] Failed to load resource: net::ERR_CONNECTION_REFUSED @ http://localhost:1420/:0
[ 9136859ms] [ERROR] Failed to load resource: net::ERR_CONNECTION_REFUSED @ http://localhost:1420/:0
[ 9137861ms] [ERROR] Failed to load resource: net::ERR_CONNECTION_REFUSED @ http://localhost:1420/:0
[ 9138865ms] [ERROR] Failed to load resource: net::ERR_CONNECTION_REFUSED @ http://localhost:1420/:0
[ 9139871ms] [ERROR] Failed to load resource: net::ERR_CONNECTION_REFUSED @ http://localhost:1420/:0
[ 9140874ms] [ERROR] Failed to load resource: net::ERR_CONNECTION_REFUSED @ http://localhost:1420/:0
[ 9141879ms] [ERROR] Failed to load resource: net::ERR_CONNECTION_REFUSED @ http://localhost:1420/:0
[ 9142885ms] [ERROR] Failed to load resource: net::ERR_CONNECTION_REFUSED @ http://localhost:1420/:0
[ 9143887ms] [ERROR] Failed to load resource: net::ERR_CONNECTION_REFUSED @ http://localhost:1420/:0
[ 9144889ms] [ERROR] Failed to load resource: net::ERR_CONNECTION_REFUSED @ http://localhost:1420/:0
[ 9145897ms] [ERROR] Failed to load resource: net::ERR_CONNECTION_REFUSED @ http://localhost:1420/:0
[ 9146900ms] [ERROR] Failed to load resource: net::ERR_CONNECTION_REFUSED @ http://localhost:1420/:0
[ 9147902ms] [ERROR] Failed to load resource: net::ERR_CONNECTION_REFUSED @ http://localhost:1420/:0
[ 9148907ms] [ERROR] Failed to load resource: net::ERR_CONNECTION_REFUSED @ http://localhost:1420/:0
[ 9149913ms] [ERROR] Failed to load resource: net::ERR_CONNECTION_REFUSED @ http://localhost:1420/:0
[ 9150915ms] [ERROR] Failed to load resource: net::ERR_CONNECTION_REFUSED @ http://localhost:1420/:0
[ 9151920ms] [ERROR] Failed to load resource: net::ERR_CONNECTION_REFUSED @ http://localhost:1420/:0
[ 9152925ms] [ERROR] Failed to load resource: net::ERR_CONNECTION_REFUSED @ http://localhost:1420/:0
[ 9153927ms] [ERROR] Failed to load resource: net::ERR_CONNECTION_REFUSED @ http://localhost:1420/:0
[ 9154930ms] [ERROR] Failed to load resource: net::ERR_CONNECTION_REFUSED @ http://localhost:1420/:0
[ 9155934ms] [ERROR] Failed to load resource: net::ERR_CONNECTION_REFUSED @ http://localhost:1420/:0
[ 9156936ms] [ERROR] Failed to load resource: net::ERR_CONNECTION_REFUSED @ http://localhost:1420/:0
[ 9157938ms] [ERROR] Failed to load resource: net::ERR_CONNECTION_REFUSED @ http://localhost:1420/:0
[ 9158944ms] [ERROR] Failed to load resource: net::ERR_CONNECTION_REFUSED @ http://localhost:1420/:0
[ 9159949ms] [ERROR] Failed to load resource: net::ERR_CONNECTION_REFUSED @ http://localhost:1420/:0
[ 9160952ms] [ERROR] Failed to load resource: net::ERR_CONNECTION_REFUSED @ http://localhost:1420/:0
[ 9161958ms] [ERROR] Failed to load resource: net::ERR_CONNECTION_REFUSED @ http://localhost:1420/:0
[ 9162963ms] [ERROR] Failed to load resource: net::ERR_CONNECTION_REFUSED @ http://localhost:1420/:0
[ 9163965ms] [ERROR] Failed to load resource: net::ERR_CONNECTION_REFUSED @ http://localhost:1420/:0
[ 9164968ms] [ERROR] Failed to load resource: net::ERR_CONNECTION_REFUSED @ http://localhost:1420/:0
[ 9165973ms] [ERROR] Failed to load resource: net::ERR_CONNECTION_REFUSED @ http://localhost:1420/:0
[ 9166976ms] [ERROR] Failed to load resource: net::ERR_CONNECTION_REFUSED @ http://localhost:1420/:0
[ 9167979ms] [ERROR] Failed to load resource: net::ERR_CONNECTION_REFUSED @ http://localhost:1420/:0
[ 9168983ms] [ERROR] Failed to load resource: net::ERR_CONNECTION_REFUSED @ http://localhost:1420/:0
[ 9169989ms] [ERROR] Failed to load resource: net::ERR_CONNECTION_REFUSED @ http://localhost:1420/:0
[ 9170992ms] [ERROR] Failed to load resource: net::ERR_CONNECTION_REFUSED @ http://localhost:1420/:0
[ 9171996ms] [ERROR] Failed to load resource: net::ERR_CONNECTION_REFUSED @ http://localhost:1420/:0
[ 9172998ms] [ERROR] Failed to load resource: net::ERR_CONNECTION_REFUSED @ http://localhost:1420/:0
[ 9174001ms] [ERROR] Failed to load resource: net::ERR_CONNECTION_REFUSED @ http://localhost:1420/:0
[ 9175004ms] [ERROR] Failed to load resource: net::ERR_CONNECTION_REFUSED @ http://localhost:1420/:0
[ 9176008ms] [ERROR] Failed to load resource: net::ERR_CONNECTION_REFUSED @ http://localhost:1420/:0
[ 9177011ms] [ERROR] Failed to load resource: net::ERR_CONNECTION_REFUSED @ http://localhost:1420/:0
[ 9178014ms] [ERROR] Failed to load resource: net::ERR_CONNECTION_REFUSED @ http://localhost:1420/:0
[ 9179020ms] [ERROR] Failed to load resource: net::ERR_CONNECTION_REFUSED @ http://localhost:1420/:0
[ 9180024ms] [ERROR] Failed to load resource: net::ERR_CONNECTION_REFUSED @ http://localhost:1420/:0
[ 9181027ms] [ERROR] Failed to load resource: net::ERR_CONNECTION_REFUSED @ http://localhost:1420/:0
[ 9182031ms] [ERROR] Failed to load resource: net::ERR_CONNECTION_REFUSED @ http://localhost:1420/:0
[ 9183038ms] [ERROR] Failed to load resource: net::ERR_CONNECTION_REFUSED @ http://localhost:1420/:0
[ 9184041ms] [ERROR] Failed to load resource: net::ERR_CONNECTION_REFUSED @ http://localhost:1420/:0
[ 9185044ms] [ERROR] Failed to load resource: net::ERR_CONNECTION_REFUSED @ http://localhost:1420/:0
[ 9186048ms] [ERROR] Failed to load resource: net::ERR_CONNECTION_REFUSED @ http://localhost:1420/:0
[ 9187051ms] [ERROR] Failed to load resource: net::ERR_CONNECTION_REFUSED @ http://localhost:1420/:0
[ 9188064ms] [ERROR] Failed to load resource: net::ERR_CONNECTION_REFUSED @ http://localhost:1420/:0
[ 9189070ms] [ERROR] Failed to load resource: net::ERR_CONNECTION_REFUSED @ http://localhost:1420/:0
[ 9190073ms] [ERROR] Failed to load resource: net::ERR_CONNECTION_REFUSED @ http://localhost:1420/:0
[ 9191076ms] [ERROR] Failed to load resource: net::ERR_CONNECTION_REFUSED @ http://localhost:1420/:0
[ 9192080ms] [ERROR] Failed to load resource: net::ERR_CONNECTION_REFUSED @ http://localhost:1420/:0
[ 9193087ms] [ERROR] Failed to load resource: net::ERR_CONNECTION_REFUSED @ http://localhost:1420/:0
[ 9194089ms] [ERROR] Failed to load resource: net::ERR_CONNECTION_REFUSED @ http://localhost:1420/:0
[ 9195091ms] [ERROR] Failed to load resource: net::ERR_CONNECTION_REFUSED @ http://localhost:1420/:0
[ 9196097ms] [ERROR] Failed to load resource: net::ERR_CONNECTION_REFUSED @ http://localhost:1420/:0
[ 9197100ms] [ERROR] Failed to load resource: net::ERR_CONNECTION_REFUSED @ http://localhost:1420/:0
[ 9198103ms] [ERROR] Failed to load resource: net::ERR_CONNECTION_REFUSED @ http://localhost:1420/:0
[ 9199109ms] [ERROR] Failed to load resource: net::ERR_CONNECTION_REFUSED @ http://localhost:1420/:0
[ 9200113ms] [ERROR] Failed to load resource: net::ERR_CONNECTION_REFUSED @ http://localhost:1420/:0
[ 9201116ms] [ERROR] Failed to load resource: net::ERR_CONNECTION_REFUSED @ http://localhost:1420/:0
[ 9202123ms] [ERROR] Failed to load resource: net::ERR_CONNECTION_REFUSED @ http://localhost:1420/:0
[ 9203129ms] [ERROR] Failed to load resource: net::ERR_CONNECTION_REFUSED @ http://localhost:1420/:0
[ 9204132ms] [ERROR] Failed to load resource: net::ERR_CONNECTION_REFUSED @ http://localhost:1420/:0
[ 9205134ms] [ERROR] Failed to load resource: net::ERR_CONNECTION_REFUSED @ http://localhost:1420/:0
[ 9206139ms] [ERROR] Failed to load resource: net::ERR_CONNECTION_REFUSED @ http://localhost:1420/:0
[ 9207141ms] [ERROR] Failed to load resource: net::ERR_CONNECTION_REFUSED @ http://localhost:1420/:0
[ 9208144ms] [ERROR] Failed to load resource: net::ERR_CONNECTION_REFUSED @ http://localhost:1420/:0
[ 9209149ms] [ERROR] Failed to load resource: net::ERR_CONNECTION_REFUSED @ http://localhost:1420/:0
[ 9210154ms] [ERROR] Failed to load resource: net::ERR_CONNECTION_REFUSED @ http://localhost:1420/:0
[ 9211157ms] [ERROR] Failed to load resource: net::ERR_CONNECTION_REFUSED @ http://localhost:1420/:0
[ 9212162ms] [ERROR] Failed to load resource: net::ERR_CONNECTION_REFUSED @ http://localhost:1420/:0
[ 9213168ms] [ERROR] Failed to load resource: net::ERR_CONNECTION_REFUSED @ http://localhost:1420/:0
[ 9214171ms] [ERROR] Failed to load resource: net::ERR_CONNECTION_REFUSED @ http://localhost:1420/:0
[ 9215174ms] [ERROR] Failed to load resource: net::ERR_CONNECTION_REFUSED @ http://localhost:1420/:0
[ 9216177ms] [ERROR] Failed to load resource: net::ERR_CONNECTION_REFUSED @ http://localhost:1420/:0
[ 9217180ms] [ERROR] Failed to load resource: net::ERR_CONNECTION_REFUSED @ http://localhost:1420/:0
[ 9218185ms] [ERROR] Failed to load resource: net::ERR_CONNECTION_REFUSED @ http://localhost:1420/:0
[ 9219192ms] [ERROR] Failed to load resource: net::ERR_CONNECTION_REFUSED @ http://localhost:1420/:0
[ 9220197ms] [ERROR] Failed to load resource: net::ERR_CONNECTION_REFUSED @ http://localhost:1420/:0
[ 9221200ms] [ERROR] Failed to load resource: net::ERR_CONNECTION_REFUSED @ http://localhost:1420/:0
[ 9222206ms] [ERROR] Failed to load resource: net::ERR_CONNECTION_REFUSED @ http://localhost:1420/:0
[ 9223209ms] [ERROR] Failed to load resource: net::ERR_CONNECTION_REFUSED @ http://localhost:1420/:0
[ 9224211ms] [ERROR] Failed to load resource: net::ERR_CONNECTION_REFUSED @ http://localhost:1420/:0
[ 9225213ms] [ERROR] Failed to load resource: net::ERR_CONNECTION_REFUSED @ http://localhost:1420/:0
[ 9226216ms] [ERROR] Failed to load resource: net::ERR_CONNECTION_REFUSED @ http://localhost:1420/:0
[ 9227219ms] [ERROR] Failed to load resource: net::ERR_CONNECTION_REFUSED @ http://localhost:1420/:0
[ 9228222ms] [ERROR] Failed to load resource: net::ERR_CONNECTION_REFUSED @ http://localhost:1420/:0
[ 9229227ms] [ERROR] Failed to load resource: net::ERR_CONNECTION_REFUSED @ http://localhost:1420/:0
[ 9230231ms] [ERROR] Failed to load resource: net::ERR_CONNECTION_REFUSED @ http://localhost:1420/:0
[ 9231234ms] [ERROR] Failed to load resource: net::ERR_CONNECTION_REFUSED @ http://localhost:1420/:0
[ 9232235ms] [ERROR] Failed to load resource: net::ERR_CONNECTION_REFUSED @ http://localhost:1420/:0
[ 9233240ms] [ERROR] Failed to load resource: net::ERR_CONNECTION_REFUSED @ http://localhost:1420/:0
[ 9234244ms] [ERROR] Failed to load resource: net::ERR_CONNECTION_REFUSED @ http://localhost:1420/:0
[ 9235245ms] [ERROR] Failed to load resource: net::ERR_CONNECTION_REFUSED @ http://localhost:1420/:0
[ 9236250ms] [ERROR] Failed to load resource: net::ERR_CONNECTION_REFUSED @ http://localhost:1420/:0
[ 9237253ms] [ERROR] Failed to load resource: net::ERR_CONNECTION_REFUSED @ http://localhost:1420/:0
[ 9238257ms] [ERROR] Failed to load resource: net::ERR_CONNECTION_REFUSED @ http://localhost:1420/:0
[ 9239264ms] [ERROR] Failed to load resource: net::ERR_CONNECTION_REFUSED @ http://localhost:1420/:0
[ 9240270ms] [ERROR] Failed to load resource: net::ERR_CONNECTION_REFUSED @ http://localhost:1420/:0
[ 9241273ms] [ERROR] Failed to load resource: net::ERR_CONNECTION_REFUSED @ http://localhost:1420/:0
[ 9242277ms] [ERROR] Failed to load resource: net::ERR_CONNECTION_REFUSED @ http://localhost:1420/:0
[ 9243279ms] [ERROR] Failed to load resource: net::ERR_CONNECTION_REFUSED @ http://localhost:1420/:0
[ 9244282ms] [ERROR] Failed to load resource: net::ERR_CONNECTION_REFUSED @ http://localhost:1420/:0
[ 9245284ms] [ERROR] Failed to load resource: net::ERR_CONNECTION_REFUSED @ http://localhost:1420/:0
[ 9246290ms] [ERROR] Failed to load resource: net::ERR_CONNECTION_REFUSED @ http://localhost:1420/:0
[ 9247293ms] [ERROR] Failed to load resource: net::ERR_CONNECTION_REFUSED @ http://localhost:1420/:0
[ 9248297ms] [ERROR] Failed to load resource: net::ERR_CONNECTION_REFUSED @ http://localhost:1420/:0
[ 9249306ms] [ERROR] Failed to load resource: net::ERR_CONNECTION_REFUSED @ http://localhost:1420/:0
[ 9250312ms] [ERROR] Failed to load resource: net::ERR_CONNECTION_REFUSED @ http://localhost:1420/:0
[ 9251314ms] [ERROR] Failed to load resource: net::ERR_CONNECTION_REFUSED @ http://localhost:1420/:0
[ 9252318ms] [ERROR] Failed to load resource: net::ERR_CONNECTION_REFUSED @ http://localhost:1420/:0
[ 9253320ms] [ERROR] Failed to load resource: net::ERR_CONNECTION_REFUSED @ http://localhost:1420/:0
[ 9254322ms] [ERROR] Failed to load resource: net::ERR_CONNECTION_REFUSED @ http://localhost:1420/:0
[ 9255325ms] [ERROR] Failed to load resource: net::ERR_CONNECTION_REFUSED @ http://localhost:1420/:0
[ 9256330ms] [ERROR] Failed to load resource: net::ERR_CONNECTION_REFUSED @ http://localhost:1420/:0
[ 9257333ms] [ERROR] Failed to load resource: net::ERR_CONNECTION_REFUSED @ http://localhost:1420/:0
[ 9258338ms] [ERROR] Failed to load resource: net::ERR_CONNECTION_REFUSED @ http://localhost:1420/:0
[ 9259347ms] [ERROR] Failed to load resource: net::ERR_CONNECTION_REFUSED @ http://localhost:1420/:0
[ 9260352ms] [ERROR] Failed to load resource: net::ERR_CONNECTION_REFUSED @ http://localhost:1420/:0
[ 9261355ms] [ERROR] Failed to load resource: net::ERR_CONNECTION_REFUSED @ http://localhost:1420/:0
[ 9262360ms] [ERROR] Failed to load resource: net::ERR_CONNECTION_REFUSED @ http://localhost:1420/:0
[ 9263363ms] [ERROR] Failed to load resource: net::ERR_CONNECTION_REFUSED @ http://localhost:1420/:0
[ 9264364ms] [ERROR] Failed to load resource: net::ERR_CONNECTION_REFUSED @ http://localhost:1420/:0
[ 9265366ms] [ERROR] Failed to load resource: net::ERR_CONNECTION_REFUSED @ http://localhost:1420/:0
[ 9266371ms] [ERROR] Failed to load resource: net::ERR_CONNECTION_REFUSED @ http://localhost:1420/:0
[ 9267374ms] [ERROR] Failed to load resource: net::ERR_CONNECTION_REFUSED @ http://localhost:1420/:0
[ 9268378ms] [ERROR] Failed to load resource: net::ERR_CONNECTION_REFUSED @ http://localhost:1420/:0
[ 9269383ms] [ERROR] Failed to load resource: net::ERR_CONNECTION_REFUSED @ http://localhost:1420/:0
[ 9270390ms] [ERROR] Failed to load resource: net::ERR_CONNECTION_REFUSED @ http://localhost:1420/:0
[ 9271393ms] [ERROR] Failed to load resource: net::ERR_CONNECTION_REFUSED @ http://localhost:1420/:0
[ 9272398ms] [ERROR] Failed to load resource: net::ERR_CONNECTION_REFUSED @ http://localhost:1420/:0
[ 9273400ms] [ERROR] Failed to load resource: net::ERR_CONNECTION_REFUSED @ http://localhost:1420/:0
[ 9274404ms] [ERROR] Failed to load resource: net::ERR_CONNECTION_REFUSED @ http://localhost:1420/:0
[ 9275407ms] [ERROR] Failed to load resource: net::ERR_CONNECTION_REFUSED @ http://localhost:1420/:0
[ 9276413ms] [ERROR] Failed to load resource: net::ERR_CONNECTION_REFUSED @ http://localhost:1420/:0
[ 9277415ms] [ERROR] Failed to load resource: net::ERR_CONNECTION_REFUSED @ http://localhost:1420/:0
[ 9278419ms] [ERROR] Failed to load resource: net::ERR_CONNECTION_REFUSED @ http://localhost:1420/:0
[ 9279425ms] [ERROR] Failed to load resource: net::ERR_CONNECTION_REFUSED @ http://localhost:1420/:0
[ 9280428ms] [ERROR] Failed to load resource: net::ERR_CONNECTION_REFUSED @ http://localhost:1420/:0
[ 9281432ms] [ERROR] Failed to load resource: net::ERR_CONNECTION_REFUSED @ http://localhost:1420/:0
[ 9282436ms] [ERROR] Failed to load resource: net::ERR_CONNECTION_REFUSED @ http://localhost:1420/:0
[ 9283439ms] [ERROR] Failed to load resource: net::ERR_CONNECTION_REFUSED @ http://localhost:1420/:0
[ 9284442ms] [ERROR] Failed to load resource: net::ERR_CONNECTION_REFUSED @ http://localhost:1420/:0
[ 9285445ms] [ERROR] Failed to load resource: net::ERR_CONNECTION_REFUSED @ http://localhost:1420/:0
[ 9286450ms] [ERROR] Failed to load resource: net::ERR_CONNECTION_REFUSED @ http://localhost:1420/:0
[ 9287452ms] [ERROR] Failed to load resource: net::ERR_CONNECTION_REFUSED @ http://localhost:1420/:0
[ 9288456ms] [ERROR] Failed to load resource: net::ERR_CONNECTION_REFUSED @ http://localhost:1420/:0
[ 9289459ms] [ERROR] Failed to load resource: net::ERR_CONNECTION_REFUSED @ http://localhost:1420/:0
[ 9290462ms] [ERROR] Failed to load resource: net::ERR_CONNECTION_REFUSED @ http://localhost:1420/:0
[ 9291464ms] [ERROR] Failed to load resource: net::ERR_CONNECTION_REFUSED @ http://localhost:1420/:0
[ 9292467ms] [ERROR] Failed to load resource: net::ERR_CONNECTION_REFUSED @ http://localhost:1420/:0
[ 9293470ms] [ERROR] Failed to load resource: net::ERR_CONNECTION_REFUSED @ http://localhost:1420/:0
[ 9294472ms] [ERROR] Failed to load resource: net::ERR_CONNECTION_REFUSED @ http://localhost:1420/:0
[ 9295474ms] [ERROR] Failed to load resource: net::ERR_CONNECTION_REFUSED @ http://localhost:1420/:0
[ 9296480ms] [ERROR] Failed to load resource: net::ERR_CONNECTION_REFUSED @ http://localhost:1420/:0
[ 9297483ms] [ERROR] Failed to load resource: net::ERR_CONNECTION_REFUSED @ http://localhost:1420/:0
[ 9298485ms] [ERROR] Failed to load resource: net::ERR_CONNECTION_REFUSED @ http://localhost:1420/:0
[ 9299489ms] [ERROR] Failed to load resource: net::ERR_CONNECTION_REFUSED @ http://localhost:1420/:0
[ 9300491ms] [ERROR] Failed to load resource: net::ERR_CONNECTION_REFUSED @ http://localhost:1420/:0
[ 9301494ms] [ERROR] Failed to load resource: net::ERR_CONNECTION_REFUSED @ http://localhost:1420/:0
[ 9302497ms] [ERROR] Failed to load resource: net::ERR_CONNECTION_REFUSED @ http://localhost:1420/:0
[ 9303500ms] [ERROR] Failed to load resource: net::ERR_CONNECTION_REFUSED @ http://localhost:1420/:0
[ 9304502ms] [ERROR] Failed to load resource: net::ERR_CONNECTION_REFUSED @ http://localhost:1420/:0
[ 9305506ms] [ERROR] Failed to load resource: net::ERR_CONNECTION_REFUSED @ http://localhost:1420/:0
[ 9306510ms] [ERROR] Failed to load resource: net::ERR_CONNECTION_REFUSED @ http://localhost:1420/:0
[ 9307513ms] [ERROR] Failed to load resource: net::ERR_CONNECTION_REFUSED @ http://localhost:1420/:0
[ 9308517ms] [ERROR] Failed to load resource: net::ERR_CONNECTION_REFUSED @ http://localhost:1420/:0
[ 9309519ms] [ERROR] Failed to load resource: net::ERR_CONNECTION_REFUSED @ http://localhost:1420/:0
[ 9310536ms] [ERROR] Failed to load resource: net::ERR_CONNECTION_REFUSED @ http://localhost:1420/:0
[ 9311539ms] [ERROR] Failed to load resource: net::ERR_CONNECTION_REFUSED @ http://localhost:1420/:0
[ 9312545ms] [ERROR] Failed to load resource: net::ERR_CONNECTION_REFUSED @ http://localhost:1420/:0
[ 9313548ms] [ERROR] Failed to load resource: net::ERR_CONNECTION_REFUSED @ http://localhost:1420/:0
[ 9314551ms] [ERROR] Failed to load resource: net::ERR_CONNECTION_REFUSED @ http://localhost:1420/:0
[ 9315554ms] [ERROR] Failed to load resource: net::ERR_CONNECTION_REFUSED @ http://localhost:1420/:0
[ 9316559ms] [ERROR] Failed to load resource: net::ERR_CONNECTION_REFUSED @ http://localhost:1420/:0
[ 9317562ms] [ERROR] Failed to load resource: net::ERR_CONNECTION_REFUSED @ http://localhost:1420/:0
[ 9318565ms] [ERROR] Failed to load resource: net::ERR_CONNECTION_REFUSED @ http://localhost:1420/:0
[ 9319572ms] [ERROR] Failed to load resource: net::ERR_CONNECTION_REFUSED @ http://localhost:1420/:0
[ 9320577ms] [ERROR] Failed to load resource: net::ERR_CONNECTION_REFUSED @ http://localhost:1420/:0
[ 9321579ms] [ERROR] Failed to load resource: net::ERR_CONNECTION_REFUSED @ http://localhost:1420/:0
[ 9322584ms] [ERROR] Failed to load resource: net::ERR_CONNECTION_REFUSED @ http://localhost:1420/:0
[ 9323586ms] [ERROR] Failed to load resource: net::ERR_CONNECTION_REFUSED @ http://localhost:1420/:0
[ 9324590ms] [ERROR] Failed to load resource: net::ERR_CONNECTION_REFUSED @ http://localhost:1420/:0
[ 9325594ms] [ERROR] Failed to load resource: net::ERR_CONNECTION_REFUSED @ http://localhost:1420/:0
[ 9326601ms] [ERROR] Failed to load resource: net::ERR_CONNECTION_REFUSED @ http://localhost:1420/:0
[ 9327602ms] [ERROR] Failed to load resource: net::ERR_CONNECTION_REFUSED @ http://localhost:1420/:0
[ 9328605ms] [ERROR] Failed to load resource: net::ERR_CONNECTION_REFUSED @ http://localhost:1420/:0
[ 9329611ms] [ERROR] Failed to load resource: net::ERR_CONNECTION_REFUSED @ http://localhost:1420/:0
[ 9330616ms] [ERROR] Failed to load resource: net::ERR_CONNECTION_REFUSED @ http://localhost:1420/:0
[ 9331618ms] [ERROR] Failed to load resource: net::ERR_CONNECTION_REFUSED @ http://localhost:1420/:0
[ 9332622ms] [ERROR] Failed to load resource: net::ERR_CONNECTION_REFUSED @ http://localhost:1420/:0
[ 9333624ms] [ERROR] Failed to load resource: net::ERR_CONNECTION_REFUSED @ http://localhost:1420/:0
[ 9334629ms] [ERROR] Failed to load resource: net::ERR_CONNECTION_REFUSED @ http://localhost:1420/:0
[ 9335633ms] [ERROR] Failed to load resource: net::ERR_CONNECTION_REFUSED @ http://localhost:1420/:0
[ 9336640ms] [ERROR] Failed to load resource: net::ERR_CONNECTION_REFUSED @ http://localhost:1420/:0
[ 9337643ms] [ERROR] Failed to load resource: net::ERR_CONNECTION_REFUSED @ http://localhost:1420/:0
[ 9338646ms] [ERROR] Failed to load resource: net::ERR_CONNECTION_REFUSED @ http://localhost:1420/:0
[ 9339651ms] [ERROR] Failed to load resource: net::ERR_CONNECTION_REFUSED @ http://localhost:1420/:0
[ 9340654ms] [ERROR] Failed to load resource: net::ERR_CONNECTION_REFUSED @ http://localhost:1420/:0
[ 9341658ms] [ERROR] Failed to load resource: net::ERR_CONNECTION_REFUSED @ http://localhost:1420/:0
[ 9342663ms] [ERROR] Failed to load resource: net::ERR_CONNECTION_REFUSED @ http://localhost:1420/:0
[ 9343683ms] [ERROR] Failed to load resource: net::ERR_CONNECTION_REFUSED @ http://localhost:1420/:0
[ 9344687ms] [ERROR] Failed to load resource: net::ERR_CONNECTION_REFUSED @ http://localhost:1420/:0
[ 9345692ms] [ERROR] Failed to load resource: net::ERR_CONNECTION_REFUSED @ http://localhost:1420/:0
[ 9346700ms] [ERROR] Failed to load resource: net::ERR_CONNECTION_REFUSED @ http://localhost:1420/:0
[ 9347702ms] [ERROR] Failed to load resource: net::ERR_CONNECTION_REFUSED @ http://localhost:1420/:0
[ 9348705ms] [ERROR] Failed to load resource: net::ERR_CONNECTION_REFUSED @ http://localhost:1420/:0
[ 9349711ms] [ERROR] Failed to load resource: net::ERR_CONNECTION_REFUSED @ http://localhost:1420/:0
[ 9350714ms] [ERROR] Failed to load resource: net::ERR_CONNECTION_REFUSED @ http://localhost:1420/:0
[ 9351716ms] [ERROR] Failed to load resource: net::ERR_CONNECTION_REFUSED @ http://localhost:1420/:0
[ 9352721ms] [ERROR] Failed to load resource: net::ERR_CONNECTION_REFUSED @ http://localhost:1420/:0
[ 9353723ms] [ERROR] Failed to load resource: net::ERR_CONNECTION_REFUSED @ http://localhost:1420/:0
[ 9354726ms] [ERROR] Failed to load resource: net::ERR_CONNECTION_REFUSED @ http://localhost:1420/:0
[ 9355733ms] [ERROR] Failed to load resource: net::ERR_CONNECTION_REFUSED @ http://localhost:1420/:0
[ 9356742ms] [ERROR] Failed to load resource: net::ERR_CONNECTION_REFUSED @ http://localhost:1420/:0
[ 9357745ms] [ERROR] Failed to load resource: net::ERR_CONNECTION_REFUSED @ http://localhost:1420/:0
[ 9358749ms] [ERROR] Failed to load resource: net::ERR_CONNECTION_REFUSED @ http://localhost:1420/:0
[ 9359753ms] [ERROR] Failed to load resource: net::ERR_CONNECTION_REFUSED @ http://localhost:1420/:0
[ 9360756ms] [ERROR] Failed to load resource: net::ERR_CONNECTION_REFUSED @ http://localhost:1420/:0
[ 9361760ms] [ERROR] Failed to load resource: net::ERR_CONNECTION_REFUSED @ http://localhost:1420/:0
[ 9362765ms] [ERROR] Failed to load resource: net::ERR_CONNECTION_REFUSED @ http://localhost:1420/:0
[ 9363769ms] [ERROR] Failed to load resource: net::ERR_CONNECTION_REFUSED @ http://localhost:1420/:0
[ 9364772ms] [ERROR] Failed to load resource: net::ERR_CONNECTION_REFUSED @ http://localhost:1420/:0
[ 9365779ms] [ERROR] Failed to load resource: net::ERR_CONNECTION_REFUSED @ http://localhost:1420/:0
[ 9366783ms] [ERROR] Failed to load resource: net::ERR_CONNECTION_REFUSED @ http://localhost:1420/:0
[ 9367787ms] [ERROR] Failed to load resource: net::ERR_CONNECTION_REFUSED @ http://localhost:1420/:0
[ 9368795ms] [ERROR] Failed to load resource: net::ERR_CONNECTION_REFUSED @ http://localhost:1420/:0
[ 9369801ms] [ERROR] Failed to load resource: net::ERR_CONNECTION_REFUSED @ http://localhost:1420/:0
[ 9370804ms] [ERROR] Failed to load resource: net::ERR_CONNECTION_REFUSED @ http://localhost:1420/:0
[ 9371806ms] [ERROR] Failed to load resource: net::ERR_CONNECTION_REFUSED @ http://localhost:1420/:0
[ 9372812ms] [ERROR] Failed to load resource: net::ERR_CONNECTION_REFUSED @ http://localhost:1420/:0
[ 9373816ms] [ERROR] Failed to load resource: net::ERR_CONNECTION_REFUSED @ http://localhost:1420/:0
[ 9374821ms] [ERROR] Failed to load resource: net::ERR_CONNECTION_REFUSED @ http://localhost:1420/:0
[ 9375830ms] [ERROR] Failed to load resource: net::ERR_CONNECTION_REFUSED @ http://localhost:1420/:0
[ 9376837ms] [ERROR] Failed to load resource: net::ERR_CONNECTION_REFUSED @ http://localhost:1420/:0
[ 9377840ms] [ERROR] Failed to load resource: net::ERR_CONNECTION_REFUSED @ http://localhost:1420/:0
[ 9378844ms] [ERROR] Failed to load resource: net::ERR_CONNECTION_REFUSED @ http://localhost:1420/:0
[ 9379851ms] [ERROR] Failed to load resource: net::ERR_CONNECTION_REFUSED @ http://localhost:1420/:0
[ 9380855ms] [ERROR] Failed to load resource: net::ERR_CONNECTION_REFUSED @ http://localhost:1420/:0
[ 9381858ms] [ERROR] Failed to load resource: net::ERR_CONNECTION_REFUSED @ http://localhost:1420/:0
[ 9382864ms] [ERROR] Failed to load resource: net::ERR_CONNECTION_REFUSED @ http://localhost:1420/:0
[ 9383867ms] [ERROR] Failed to load resource: net::ERR_CONNECTION_REFUSED @ http://localhost:1420/:0
[ 9384870ms] [ERROR] Failed to load resource: net::ERR_CONNECTION_REFUSED @ http://localhost:1420/:0
[ 9385875ms] [ERROR] Failed to load resource: net::ERR_CONNECTION_REFUSED @ http://localhost:1420/:0
[ 9386879ms] [ERROR] Failed to load resource: net::ERR_CONNECTION_REFUSED @ http://localhost:1420/:0
[ 9387882ms] [ERROR] Failed to load resource: net::ERR_CONNECTION_REFUSED @ http://localhost:1420/:0
[ 9388887ms] [ERROR] Failed to load resource: net::ERR_CONNECTION_REFUSED @ http://localhost:1420/:0
[ 9389892ms] [ERROR] Failed to load resource: net::ERR_CONNECTION_REFUSED @ http://localhost:1420/:0
[ 9390895ms] [ERROR] Failed to load resource: net::ERR_CONNECTION_REFUSED @ http://localhost:1420/:0
[ 9391900ms] [ERROR] Failed to load resource: net::ERR_CONNECTION_REFUSED @ http://localhost:1420/:0
[ 9392904ms] [ERROR] Failed to load resource: net::ERR_CONNECTION_REFUSED @ http://localhost:1420/:0
[ 9393908ms] [ERROR] Failed to load resource: net::ERR_CONNECTION_REFUSED @ http://localhost:1420/:0
[ 9394910ms] [ERROR] Failed to load resource: net::ERR_CONNECTION_REFUSED @ http://localhost:1420/:0
[ 9395916ms] [ERROR] Failed to load resource: net::ERR_CONNECTION_REFUSED @ http://localhost:1420/:0
[ 9396919ms] [ERROR] Failed to load resource: net::ERR_CONNECTION_REFUSED @ http://localhost:1420/:0
[ 9397921ms] [ERROR] Failed to load resource: net::ERR_CONNECTION_REFUSED @ http://localhost:1420/:0
[ 9398927ms] [ERROR] Failed to load resource: net::ERR_CONNECTION_REFUSED @ http://localhost:1420/:0
[ 9399934ms] [ERROR] Failed to load resource: net::ERR_CONNECTION_REFUSED @ http://localhost:1420/:0
[ 9400937ms] [ERROR] Failed to load resource: net::ERR_CONNECTION_REFUSED @ http://localhost:1420/:0
[ 9401943ms] [ERROR] Failed to load resource: net::ERR_CONNECTION_REFUSED @ http://localhost:1420/:0
[ 9402949ms] [ERROR] Failed to load resource: net::ERR_CONNECTION_REFUSED @ http://localhost:1420/:0
[ 9403951ms] [ERROR] Failed to load resource: net::ERR_CONNECTION_REFUSED @ http://localhost:1420/:0
[ 9404954ms] [ERROR] Failed to load resource: net::ERR_CONNECTION_REFUSED @ http://localhost:1420/:0
[ 9405957ms] [ERROR] Failed to load resource: net::ERR_CONNECTION_REFUSED @ http://localhost:1420/:0
[ 9406960ms] [ERROR] Failed to load resource: net::ERR_CONNECTION_REFUSED @ http://localhost:1420/:0
[ 9407962ms] [ERROR] Failed to load resource: net::ERR_CONNECTION_REFUSED @ http://localhost:1420/:0
[ 9408968ms] [ERROR] Failed to load resource: net::ERR_CONNECTION_REFUSED @ http://localhost:1420/:0
[ 9409974ms] [ERROR] Failed to load resource: net::ERR_CONNECTION_REFUSED @ http://localhost:1420/:0
[ 9410977ms] [ERROR] Failed to load resource: net::ERR_CONNECTION_REFUSED @ http://localhost:1420/:0
[ 9411980ms] [ERROR] Failed to load resource: net::ERR_CONNECTION_REFUSED @ http://localhost:1420/:0
[ 9412986ms] [ERROR] Failed to load resource: net::ERR_CONNECTION_REFUSED @ http://localhost:1420/:0
[ 9413988ms] [ERROR] Failed to load resource: net::ERR_CONNECTION_REFUSED @ http://localhost:1420/:0
[ 9414992ms] [ERROR] Failed to load resource: net::ERR_CONNECTION_REFUSED @ http://localhost:1420/:0
[ 9415998ms] [ERROR] Failed to load resource: net::ERR_CONNECTION_REFUSED @ http://localhost:1420/:0
[ 9417002ms] [ERROR] Failed to load resource: net::ERR_CONNECTION_REFUSED @ http://localhost:1420/:0
[ 9418013ms] [ERROR] Failed to load resource: net::ERR_CONNECTION_REFUSED @ http://localhost:1420/:0
[ 9419021ms] [ERROR] Failed to load resource: net::ERR_CONNECTION_REFUSED @ http://localhost:1420/:0
[ 9420028ms] [ERROR] Failed to load resource: net::ERR_CONNECTION_REFUSED @ http://localhost:1420/:0
[ 9421030ms] [ERROR] Failed to load resource: net::ERR_CONNECTION_REFUSED @ http://localhost:1420/:0
[ 9422035ms] [ERROR] Failed to load resource: net::ERR_CONNECTION_REFUSED @ http://localhost:1420/:0
[ 9423040ms] [ERROR] Failed to load resource: net::ERR_CONNECTION_REFUSED @ http://localhost:1420/:0
[ 9424043ms] [ERROR] Failed to load resource: net::ERR_CONNECTION_REFUSED @ http://localhost:1420/:0
[ 9425045ms] [ERROR] Failed to load resource: net::ERR_CONNECTION_REFUSED @ http://localhost:1420/:0
[ 9426050ms] [ERROR] Failed to load resource: net::ERR_CONNECTION_REFUSED @ http://localhost:1420/:0
[ 9427052ms] [ERROR] Failed to load resource: net::ERR_CONNECTION_REFUSED @ http://localhost:1420/:0
[ 9428054ms] [ERROR] Failed to load resource: net::ERR_CONNECTION_REFUSED @ http://localhost:1420/:0
[ 9429060ms] [ERROR] Failed to load resource: net::ERR_CONNECTION_REFUSED @ http://localhost:1420/:0
[ 9430066ms] [ERROR] Failed to load resource: net::ERR_CONNECTION_REFUSED @ http://localhost:1420/:0
[ 9431068ms] [ERROR] Failed to load resource: net::ERR_CONNECTION_REFUSED @ http://localhost:1420/:0
[ 9432075ms] [ERROR] Failed to load resource: net::ERR_CONNECTION_REFUSED @ http://localhost:1420/:0
[ 9433080ms] [ERROR] Failed to load resource: net::ERR_CONNECTION_REFUSED @ http://localhost:1420/:0
[ 9434083ms] [ERROR] Failed to load resource: net::ERR_CONNECTION_REFUSED @ http://localhost:1420/:0
[ 9435086ms] [ERROR] Failed to load resource: net::ERR_CONNECTION_REFUSED @ http://localhost:1420/:0
[ 9436091ms] [ERROR] Failed to load resource: net::ERR_CONNECTION_REFUSED @ http://localhost:1420/:0
[ 9437094ms] [ERROR] Failed to load resource: net::ERR_CONNECTION_REFUSED @ http://localhost:1420/:0
[ 9438096ms] [ERROR] Failed to load resource: net::ERR_CONNECTION_REFUSED @ http://localhost:1420/:0
[ 9439100ms] [ERROR] Failed to load resource: net::ERR_CONNECTION_REFUSED @ http://localhost:1420/:0
[ 9440108ms] [ERROR] Failed to load resource: net::ERR_CONNECTION_REFUSED @ http://localhost:1420/:0
[ 9441111ms] [ERROR] Failed to load resource: net::ERR_CONNECTION_REFUSED @ http://localhost:1420/:0
[ 9442117ms] [ERROR] Failed to load resource: net::ERR_CONNECTION_REFUSED @ http://localhost:1420/:0
[ 9443123ms] [ERROR] Failed to load resource: net::ERR_CONNECTION_REFUSED @ http://localhost:1420/:0
[ 9444126ms] [ERROR] Failed to load resource: net::ERR_CONNECTION_REFUSED @ http://localhost:1420/:0
[ 9445130ms] [ERROR] Failed to load resource: net::ERR_CONNECTION_REFUSED @ http://localhost:1420/:0
[ 9446137ms] [ERROR] Failed to load resource: net::ERR_CONNECTION_REFUSED @ http://localhost:1420/:0
[ 9447140ms] [ERROR] Failed to load resource: net::ERR_CONNECTION_REFUSED @ http://localhost:1420/:0
[ 9448142ms] [ERROR] Failed to load resource: net::ERR_CONNECTION_REFUSED @ http://localhost:1420/:0
[ 9449147ms] [ERROR] Failed to load resource: net::ERR_CONNECTION_REFUSED @ http://localhost:1420/:0
[ 9450151ms] [ERROR] Failed to load resource: net::ERR_CONNECTION_REFUSED @ http://localhost:1420/:0
[ 9451154ms] [ERROR] Failed to load resource: net::ERR_CONNECTION_REFUSED @ http://localhost:1420/:0
[ 9452161ms] [ERROR] Failed to load resource: net::ERR_CONNECTION_REFUSED @ http://localhost:1420/:0
[ 9453166ms] [ERROR] Failed to load resource: net::ERR_CONNECTION_REFUSED @ http://localhost:1420/:0
[ 9454170ms] [ERROR] Failed to load resource: net::ERR_CONNECTION_REFUSED @ http://localhost:1420/:0
[ 9455173ms] [ERROR] Failed to load resource: net::ERR_CONNECTION_REFUSED @ http://localhost:1420/:0
[ 9456178ms] [ERROR] Failed to load resource: net::ERR_CONNECTION_REFUSED @ http://localhost:1420/:0
[ 9457181ms] [ERROR] Failed to load resource: net::ERR_CONNECTION_REFUSED @ http://localhost:1420/:0
[ 9458184ms] [ERROR] Failed to load resource: net::ERR_CONNECTION_REFUSED @ http://localhost:1420/:0
[ 9459189ms] [ERROR] Failed to load resource: net::ERR_CONNECTION_REFUSED @ http://localhost:1420/:0
[ 9460194ms] [ERROR] Failed to load resource: net::ERR_CONNECTION_REFUSED @ http://localhost:1420/:0
[ 9461198ms] [ERROR] Failed to load resource: net::ERR_CONNECTION_REFUSED @ http://localhost:1420/:0
[ 9462204ms] [ERROR] Failed to load resource: net::ERR_CONNECTION_REFUSED @ http://localhost:1420/:0
[ 9463216ms] [ERROR] Failed to load resource: net::ERR_CONNECTION_REFUSED @ http://localhost:1420/:0
[ 9464219ms] [ERROR] Failed to load resource: net::ERR_CONNECTION_REFUSED @ http://localhost:1420/:0
[ 9465221ms] [ERROR] Failed to load resource: net::ERR_CONNECTION_REFUSED @ http://localhost:1420/:0
[ 9466229ms] [ERROR] Failed to load resource: net::ERR_CONNECTION_REFUSED @ http://localhost:1420/:0
[ 9467233ms] [ERROR] Failed to load resource: net::ERR_CONNECTION_REFUSED @ http://localhost:1420/:0
[ 9468237ms] [ERROR] Failed to load resource: net::ERR_CONNECTION_REFUSED @ http://localhost:1420/:0
[ 9469249ms] [ERROR] Failed to load resource: net::ERR_CONNECTION_REFUSED @ http://localhost:1420/:0
[ 9470254ms] [ERROR] Failed to load resource: net::ERR_CONNECTION_REFUSED @ http://localhost:1420/:0
[ 9471258ms] [ERROR] Failed to load resource: net::ERR_CONNECTION_REFUSED @ http://localhost:1420/:0
[ 9472260ms] [ERROR] Failed to load resource: net::ERR_CONNECTION_REFUSED @ http://localhost:1420/:0
[ 9473266ms] [ERROR] Failed to load resource: net::ERR_CONNECTION_REFUSED @ http://localhost:1420/:0
[ 9474268ms] [ERROR] Failed to load resource: net::ERR_CONNECTION_REFUSED @ http://localhost:1420/:0
[ 9475273ms] [ERROR] Failed to load resource: net::ERR_CONNECTION_REFUSED @ http://localhost:1420/:0
[ 9476276ms] [ERROR] Failed to load resource: net::ERR_CONNECTION_REFUSED @ http://localhost:1420/:0
[ 9477279ms] [ERROR] Failed to load resource: net::ERR_CONNECTION_REFUSED @ http://localhost:1420/:0
[ 9478284ms] [ERROR] Failed to load resource: net::ERR_CONNECTION_REFUSED @ http://localhost:1420/:0
[ 9479289ms] [ERROR] Failed to load resource: net::ERR_CONNECTION_REFUSED @ http://localhost:1420/:0
[ 9480294ms] [ERROR] Failed to load resource: net::ERR_CONNECTION_REFUSED @ http://localhost:1420/:0
[ 9481299ms] [ERROR] Failed to load resource: net::ERR_CONNECTION_REFUSED @ http://localhost:1420/:0
[ 9482303ms] [ERROR] Failed to load resource: net::ERR_CONNECTION_REFUSED @ http://localhost:1420/:0
[ 9483306ms] [ERROR] Failed to load resource: net::ERR_CONNECTION_REFUSED @ http://localhost:1420/:0
[ 9484308ms] [ERROR] Failed to load resource: net::ERR_CONNECTION_REFUSED @ http://localhost:1420/:0
[ 9485312ms] [ERROR] Failed to load resource: net::ERR_CONNECTION_REFUSED @ http://localhost:1420/:0
[ 9486318ms] [ERROR] Failed to load resource: net::ERR_CONNECTION_REFUSED @ http://localhost:1420/:0
[ 9487321ms] [ERROR] Failed to load resource: net::ERR_CONNECTION_REFUSED @ http://localhost:1420/:0
[ 9488326ms] [ERROR] Failed to load resource: net::ERR_CONNECTION_REFUSED @ http://localhost:1420/:0
[ 9489332ms] [ERROR] Failed to load resource: net::ERR_CONNECTION_REFUSED @ http://localhost:1420/:0
[ 9490338ms] [ERROR] Failed to load resource: net::ERR_CONNECTION_REFUSED @ http://localhost:1420/:0
[ 9491341ms] [ERROR] Failed to load resource: net::ERR_CONNECTION_REFUSED @ http://localhost:1420/:0
[ 9492346ms] [ERROR] Failed to load resource: net::ERR_CONNECTION_REFUSED @ http://localhost:1420/:0
[ 9493350ms] [ERROR] Failed to load resource: net::ERR_CONNECTION_REFUSED @ http://localhost:1420/:0
[ 9494353ms] [ERROR] Failed to load resource: net::ERR_CONNECTION_REFUSED @ http://localhost:1420/:0
[ 9495355ms] [ERROR] Failed to load resource: net::ERR_CONNECTION_REFUSED @ http://localhost:1420/:0
[ 9496358ms] [ERROR] Failed to load resource: net::ERR_CONNECTION_REFUSED @ http://localhost:1420/:0
[ 9497367ms] [ERROR] Failed to load resource: net::ERR_CONNECTION_REFUSED @ http://localhost:1420/:0
[ 9498370ms] [ERROR] Failed to load resource: net::ERR_CONNECTION_REFUSED @ http://localhost:1420/:0
[ 9499376ms] [ERROR] Failed to load resource: net::ERR_CONNECTION_REFUSED @ http://localhost:1420/:0
[ 9500379ms] [ERROR] Failed to load resource: net::ERR_CONNECTION_REFUSED @ http://localhost:1420/:0
[ 9501382ms] [ERROR] Failed to load resource: net::ERR_CONNECTION_REFUSED @ http://localhost:1420/:0
[ 9502386ms] [ERROR] Failed to load resource: net::ERR_CONNECTION_REFUSED @ http://localhost:1420/:0
[ 9503404ms] [ERROR] Failed to load resource: net::ERR_CONNECTION_REFUSED @ http://localhost:1420/:0
[ 9504407ms] [ERROR] Failed to load resource: net::ERR_CONNECTION_REFUSED @ http://localhost:1420/:0
[ 9505420ms] [ERROR] Failed to load resource: net::ERR_CONNECTION_REFUSED @ http://localhost:1420/:0
[ 9506427ms] [ERROR] Failed to load resource: net::ERR_CONNECTION_REFUSED @ http://localhost:1420/:0
[ 9507636ms] [ERROR] Failed to load resource: net::ERR_CONNECTION_REFUSED @ http://localhost:1420/:0
[ 9508639ms] [ERROR] Failed to load resource: net::ERR_CONNECTION_REFUSED @ http://localhost:1420/:0
[ 9509643ms] [ERROR] Failed to load resource: net::ERR_CONNECTION_REFUSED @ http://localhost:1420/:0
[ 9510646ms] [ERROR] Failed to load resource: net::ERR_CONNECTION_REFUSED @ http://localhost:1420/:0
[ 9511650ms] [ERROR] Failed to load resource: net::ERR_CONNECTION_REFUSED @ http://localhost:1420/:0
[ 9512654ms] [ERROR] Failed to load resource: net::ERR_CONNECTION_REFUSED @ http://localhost:1420/:0
[ 9513656ms] [ERROR] Failed to load resource: net::ERR_CONNECTION_REFUSED @ http://localhost:1420/:0
[ 9514659ms] [ERROR] Failed to load resource: net::ERR_CONNECTION_REFUSED @ http://localhost:1420/:0
[ 9515664ms] [ERROR] Failed to load resource: net::ERR_CONNECTION_REFUSED @ http://localhost:1420/:0
[ 9516675ms] [ERROR] Failed to load resource: net::ERR_CONNECTION_REFUSED @ http://localhost:1420/:0
[ 9517678ms] [ERROR] Failed to load resource: net::ERR_CONNECTION_REFUSED @ http://localhost:1420/:0
[ 9518682ms] [ERROR] Failed to load resource: net::ERR_CONNECTION_REFUSED @ http://localhost:1420/:0
[ 9519688ms] [ERROR] Failed to load resource: net::ERR_CONNECTION_REFUSED @ http://localhost:1420/:0
[ 9520691ms] [ERROR] Failed to load resource: net::ERR_CONNECTION_REFUSED @ http://localhost:1420/:0
[ 9521693ms] [ERROR] Failed to load resource: net::ERR_CONNECTION_REFUSED @ http://localhost:1420/:0
[ 9522696ms] [ERROR] Failed to load resource: net::ERR_CONNECTION_REFUSED @ http://localhost:1420/:0
[ 9523700ms] [ERROR] Failed to load resource: net::ERR_CONNECTION_REFUSED @ http://localhost:1420/:0
[ 9524707ms] [ERROR] Failed to load resource: net::ERR_CONNECTION_REFUSED @ http://localhost:1420/:0
[ 9525710ms] [ERROR] Failed to load resource: net::ERR_CONNECTION_REFUSED @ http://localhost:1420/:0
[ 9526716ms] [ERROR] Failed to load resource: net::ERR_CONNECTION_REFUSED @ http://localhost:1420/:0
[ 9527722ms] [ERROR] Failed to load resource: net::ERR_CONNECTION_REFUSED @ http://localhost:1420/:0
[ 9528726ms] [ERROR] Failed to load resource: net::ERR_CONNECTION_REFUSED @ http://localhost:1420/:0
[ 9529732ms] [ERROR] Failed to load resource: net::ERR_CONNECTION_REFUSED @ http://localhost:1420/:0
[ 9530736ms] [ERROR] Failed to load resource: net::ERR_CONNECTION_REFUSED @ http://localhost:1420/:0
[ 9531742ms] [ERROR] Failed to load resource: net::ERR_CONNECTION_REFUSED @ http://localhost:1420/:0
[ 9532747ms] [ERROR] Failed to load resource: net::ERR_CONNECTION_REFUSED @ http://localhost:1420/:0
[ 9533749ms] [ERROR] Failed to load resource: net::ERR_CONNECTION_REFUSED @ http://localhost:1420/:0
[ 9534753ms] [ERROR] Failed to load resource: net::ERR_CONNECTION_REFUSED @ http://localhost:1420/:0
[ 9535756ms] [ERROR] Failed to load resource: net::ERR_CONNECTION_REFUSED @ http://localhost:1420/:0
[ 9536758ms] [ERROR] Failed to load resource: net::ERR_CONNECTION_REFUSED @ http://localhost:1420/:0
[ 9537762ms] [ERROR] Failed to load resource: net::ERR_CONNECTION_REFUSED @ http://localhost:1420/:0
[ 9538772ms] [ERROR] Failed to load resource: net::ERR_CONNECTION_REFUSED @ http://localhost:1420/:0
[ 9539776ms] [ERROR] Failed to load resource: net::ERR_CONNECTION_REFUSED @ http://localhost:1420/:0
[ 9540778ms] [ERROR] Failed to load resource: net::ERR_CONNECTION_REFUSED @ http://localhost:1420/:0
[ 9541803ms] [ERROR] Failed to load resource: net::ERR_CONNECTION_REFUSED @ http://localhost:1420/:0
[ 9542812ms] [ERROR] Failed to load resource: net::ERR_CONNECTION_REFUSED @ http://localhost:1420/:0
[ 9543816ms] [ERROR] Failed to load resource: net::ERR_CONNECTION_REFUSED @ http://localhost:1420/:0
[ 9544820ms] [ERROR] Failed to load resource: net::ERR_CONNECTION_REFUSED @ http://localhost:1420/:0
[ 9545824ms] [ERROR] Failed to load resource: net::ERR_CONNECTION_REFUSED @ http://localhost:1420/:0
[ 9546828ms] [ERROR] Failed to load resource: net::ERR_CONNECTION_REFUSED @ http://localhost:1420/:0
[ 9547830ms] [ERROR] Failed to load resource: net::ERR_CONNECTION_REFUSED @ http://localhost:1420/:0
[ 9548836ms] [ERROR] Failed to load resource: net::ERR_CONNECTION_REFUSED @ http://localhost:1420/:0
[ 9549838ms] [ERROR] Failed to load resource: net::ERR_CONNECTION_REFUSED @ http://localhost:1420/:0
[ 9550841ms] [ERROR] Failed to load resource: net::ERR_CONNECTION_REFUSED @ http://localhost:1420/:0
[ 9551844ms] [ERROR] Failed to load resource: net::ERR_CONNECTION_REFUSED @ http://localhost:1420/:0
[ 9552850ms] [ERROR] Failed to load resource: net::ERR_CONNECTION_REFUSED @ http://localhost:1420/:0
[ 9553853ms] [ERROR] Failed to load resource: net::ERR_CONNECTION_REFUSED @ http://localhost:1420/:0
[ 9554856ms] [ERROR] Failed to load resource: net::ERR_CONNECTION_REFUSED @ http://localhost:1420/:0
[ 9555860ms] [ERROR] Failed to load resource: net::ERR_CONNECTION_REFUSED @ http://localhost:1420/:0
[ 9556866ms] [ERROR] Failed to load resource: net::ERR_CONNECTION_REFUSED @ http://localhost:1420/:0
[ 9557869ms] [ERROR] Failed to load resource: net::ERR_CONNECTION_REFUSED @ http://localhost:1420/:0
[ 9558871ms] [ERROR] Failed to load resource: net::ERR_CONNECTION_REFUSED @ http://localhost:1420/:0
[ 9559876ms] [ERROR] Failed to load resource: net::ERR_CONNECTION_REFUSED @ http://localhost:1420/:0
[ 9560878ms] [ERROR] Failed to load resource: net::ERR_CONNECTION_REFUSED @ http://localhost:1420/:0
[ 9561883ms] [ERROR] Failed to load resource: net::ERR_CONNECTION_REFUSED @ http://localhost:1420/:0
[ 9562885ms] [ERROR] Failed to load resource: net::ERR_CONNECTION_REFUSED @ http://localhost:1420/:0
[ 9563889ms] [ERROR] Failed to load resource: net::ERR_CONNECTION_REFUSED @ http://localhost:1420/:0
[ 9564892ms] [ERROR] Failed to load resource: net::ERR_CONNECTION_REFUSED @ http://localhost:1420/:0
[ 9565895ms] [ERROR] Failed to load resource: net::ERR_CONNECTION_REFUSED @ http://localhost:1420/:0
[ 9566901ms] [ERROR] Failed to load resource: net::ERR_CONNECTION_REFUSED @ http://localhost:1420/:0
[ 9567904ms] [ERROR] Failed to load resource: net::ERR_CONNECTION_REFUSED @ http://localhost:1420/:0
[ 9568926ms] [ERROR] Failed to load resource: net::ERR_CONNECTION_REFUSED @ http://localhost:1420/:0
[ 9569935ms] [ERROR] Failed to load resource: net::ERR_CONNECTION_REFUSED @ http://localhost:1420/:0
[ 9570938ms] [ERROR] Failed to load resource: net::ERR_CONNECTION_REFUSED @ http://localhost:1420/:0
[ 9571946ms] [ERROR] Failed to load resource: net::ERR_CONNECTION_REFUSED @ http://localhost:1420/:0
[ 9572952ms] [ERROR] Failed to load resource: net::ERR_CONNECTION_REFUSED @ http://localhost:1420/:0
[ 9573956ms] [ERROR] Failed to load resource: net::ERR_CONNECTION_REFUSED @ http://localhost:1420/:0
[ 9574959ms] [ERROR] Failed to load resource: net::ERR_CONNECTION_REFUSED @ http://localhost:1420/:0
[ 9575961ms] [ERROR] Failed to load resource: net::ERR_CONNECTION_REFUSED @ http://localhost:1420/:0
[ 9576969ms] [ERROR] Failed to load resource: net::ERR_CONNECTION_REFUSED @ http://localhost:1420/:0
[ 9577972ms] [ERROR] Failed to load resource: net::ERR_CONNECTION_REFUSED @ http://localhost:1420/:0
[ 9578978ms] [ERROR] Failed to load resource: net::ERR_CONNECTION_REFUSED @ http://localhost:1420/:0
[ 9579984ms] [ERROR] Failed to load resource: net::ERR_CONNECTION_REFUSED @ http://localhost:1420/:0
[ 9580987ms] [ERROR] Failed to load resource: net::ERR_CONNECTION_REFUSED @ http://localhost:1420/:0
[ 9581991ms] [ERROR] Failed to load resource: net::ERR_CONNECTION_REFUSED @ http://localhost:1420/:0
[ 9582998ms] [ERROR] Failed to load resource: net::ERR_CONNECTION_REFUSED @ http://localhost:1420/:0
[ 9584001ms] [ERROR] Failed to load resource: net::ERR_CONNECTION_REFUSED @ http://localhost:1420/:0
[ 9585004ms] [ERROR] Failed to load resource: net::ERR_CONNECTION_REFUSED @ http://localhost:1420/:0
[ 9586006ms] [ERROR] Failed to load resource: net::ERR_CONNECTION_REFUSED @ http://localhost:1420/:0
[ 9587020ms] [ERROR] Failed to load resource: net::ERR_CONNECTION_REFUSED @ http://localhost:1420/:0
[ 9588023ms] [ERROR] Failed to load resource: net::ERR_CONNECTION_REFUSED @ http://localhost:1420/:0
[ 9589027ms] [ERROR] Failed to load resource: net::ERR_CONNECTION_REFUSED @ http://localhost:1420/:0
[ 9590032ms] [ERROR] Failed to load resource: net::ERR_CONNECTION_REFUSED @ http://localhost:1420/:0
[ 9591035ms] [ERROR] Failed to load resource: net::ERR_CONNECTION_REFUSED @ http://localhost:1420/:0
[ 9592038ms] [ERROR] Failed to load resource: net::ERR_CONNECTION_REFUSED @ http://localhost:1420/:0
[ 9593041ms] [ERROR] Failed to load resource: net::ERR_CONNECTION_REFUSED @ http://localhost:1420/:0
[ 9594045ms] [ERROR] Failed to load resource: net::ERR_CONNECTION_REFUSED @ http://localhost:1420/:0
[ 9595077ms] [ERROR] Failed to load resource: net::ERR_CONNECTION_REFUSED @ http://localhost:1420/:0
[ 9596081ms] [ERROR] Failed to load resource: net::ERR_CONNECTION_REFUSED @ http://localhost:1420/:0
[ 9597143ms] [ERROR] Failed to load resource: net::ERR_CONNECTION_REFUSED @ http://localhost:1420/:0
[ 9598146ms] [ERROR] Failed to load resource: net::ERR_CONNECTION_REFUSED @ http://localhost:1420/:0
[ 9599150ms] [ERROR] Failed to load resource: net::ERR_CONNECTION_REFUSED @ http://localhost:1420/:0
[ 9600153ms] [ERROR] Failed to load resource: net::ERR_CONNECTION_REFUSED @ http://localhost:1420/:0
[ 9601423ms] [ERROR] Failed to load resource: net::ERR_CONNECTION_REFUSED @ http://localhost:1420/:0
[ 9602429ms] [ERROR] Failed to load resource: net::ERR_CONNECTION_REFUSED @ http://localhost:1420/:0
[ 9603436ms] [ERROR] Failed to load resource: net::ERR_CONNECTION_REFUSED @ http://localhost:1420/:0
[ 9604438ms] [ERROR] Failed to load resource: net::ERR_CONNECTION_REFUSED @ http://localhost:1420/:0
[ 9605442ms] [ERROR] Failed to load resource: net::ERR_CONNECTION_REFUSED @ http://localhost:1420/:0
[ 9606460ms] [ERROR] Failed to load resource: net::ERR_CONNECTION_REFUSED @ http://localhost:1420/:0
[ 9607468ms] [ERROR] Failed to load resource: net::ERR_CONNECTION_REFUSED @ http://localhost:1420/:0
[ 9608470ms] [ERROR] Failed to load resource: net::ERR_CONNECTION_REFUSED @ http://localhost:1420/:0
[ 9609473ms] [ERROR] Failed to load resource: net::ERR_CONNECTION_REFUSED @ http://localhost:1420/:0
[ 9610477ms] [ERROR] Failed to load resource: net::ERR_CONNECTION_REFUSED @ http://localhost:1420/:0
[ 9611479ms] [ERROR] Failed to load resource: net::ERR_CONNECTION_REFUSED @ http://localhost:1420/:0
[ 9612483ms] [ERROR] Failed to load resource: net::ERR_CONNECTION_REFUSED @ http://localhost:1420/:0
[ 9613496ms] [ERROR] Failed to load resource: net::ERR_CONNECTION_REFUSED @ http://localhost:1420/:0
[ 9614500ms] [ERROR] Failed to load resource: net::ERR_CONNECTION_REFUSED @ http://localhost:1420/:0
[ 9615504ms] [ERROR] Failed to load resource: net::ERR_CONNECTION_REFUSED @ http://localhost:1420/:0
[ 9616506ms] [ERROR] Failed to load resource: net::ERR_CONNECTION_REFUSED @ http://localhost:1420/:0
[ 9617510ms] [ERROR] Failed to load resource: net::ERR_CONNECTION_REFUSED @ http://localhost:1420/:0
[ 9618512ms] [ERROR] Failed to load resource: net::ERR_CONNECTION_REFUSED @ http://localhost:1420/:0
[ 9619516ms] [ERROR] Failed to load resource: net::ERR_CONNECTION_REFUSED @ http://localhost:1420/:0
[ 9620520ms] [ERROR] Failed to load resource: net::ERR_CONNECTION_REFUSED @ http://localhost:1420/:0
[ 9621524ms] [ERROR] Failed to load resource: net::ERR_CONNECTION_REFUSED @ http://localhost:1420/:0
[ 9622527ms] [ERROR] Failed to load resource: net::ERR_CONNECTION_REFUSED @ http://localhost:1420/:0
[ 9623529ms] [ERROR] Failed to load resource: net::ERR_CONNECTION_REFUSED @ http://localhost:1420/:0
[ 9624532ms] [ERROR] Failed to load resource: net::ERR_CONNECTION_REFUSED @ http://localhost:1420/:0
[ 9625534ms] [ERROR] Failed to load resource: net::ERR_CONNECTION_REFUSED @ http://localhost:1420/:0
[ 9626537ms] [ERROR] Failed to load resource: net::ERR_CONNECTION_REFUSED @ http://localhost:1420/:0
[ 9627540ms] [ERROR] Failed to load resource: net::ERR_CONNECTION_REFUSED @ http://localhost:1420/:0
[ 9628544ms] [ERROR] Failed to load resource: net::ERR_CONNECTION_REFUSED @ http://localhost:1420/:0
[ 9629545ms] [ERROR] Failed to load resource: net::ERR_CONNECTION_REFUSED @ http://localhost:1420/:0
[ 9630560ms] [ERROR] Failed to load resource: net::ERR_CONNECTION_REFUSED @ http://localhost:1420/:0
[ 9631563ms] [ERROR] Failed to load resource: net::ERR_CONNECTION_REFUSED @ http://localhost:1420/:0
[ 9632566ms] [ERROR] Failed to load resource: net::ERR_CONNECTION_REFUSED @ http://localhost:1420/:0
[ 9633570ms] [ERROR] Failed to load resource: net::ERR_CONNECTION_REFUSED @ http://localhost:1420/:0
[ 9634573ms] [ERROR] Failed to load resource: net::ERR_CONNECTION_REFUSED @ http://localhost:1420/:0
[ 9635576ms] [ERROR] Failed to load resource: net::ERR_CONNECTION_REFUSED @ http://localhost:1420/:0
[ 9636580ms] [ERROR] Failed to load resource: net::ERR_CONNECTION_REFUSED @ http://localhost:1420/:0
[ 9637583ms] [ERROR] Failed to load resource: net::ERR_CONNECTION_REFUSED @ http://localhost:1420/:0
[ 9638587ms] [ERROR] Failed to load resource: net::ERR_CONNECTION_REFUSED @ http://localhost:1420/:0
[ 9639592ms] [ERROR] Failed to load resource: net::ERR_CONNECTION_REFUSED @ http://localhost:1420/:0
[ 9640596ms] [ERROR] Failed to load resource: net::ERR_CONNECTION_REFUSED @ http://localhost:1420/:0
[ 9641598ms] [ERROR] Failed to load resource: net::ERR_CONNECTION_REFUSED @ http://localhost:1420/:0
[ 9642601ms] [ERROR] Failed to load resource: net::ERR_CONNECTION_REFUSED @ http://localhost:1420/:0
[ 9643605ms] [ERROR] Failed to load resource: net::ERR_CONNECTION_REFUSED @ http://localhost:1420/:0
[ 9644608ms] [ERROR] Failed to load resource: net::ERR_CONNECTION_REFUSED @ http://localhost:1420/:0
[ 9645611ms] [ERROR] Failed to load resource: net::ERR_CONNECTION_REFUSED @ http://localhost:1420/:0
[ 9646615ms] [ERROR] Failed to load resource: net::ERR_CONNECTION_REFUSED @ http://localhost:1420/:0
[ 9647618ms] [ERROR] Failed to load resource: net::ERR_CONNECTION_REFUSED @ http://localhost:1420/:0
[ 9648620ms] [ERROR] Failed to load resource: net::ERR_CONNECTION_REFUSED @ http://localhost:1420/:0
[ 9649625ms] [ERROR] Failed to load resource: net::ERR_CONNECTION_REFUSED @ http://localhost:1420/:0
[ 9650628ms] [ERROR] Failed to load resource: net::ERR_CONNECTION_REFUSED @ http://localhost:1420/:0
[ 9651631ms] [ERROR] Failed to load resource: net::ERR_CONNECTION_REFUSED @ http://localhost:1420/:0
[ 9652634ms] [ERROR] Failed to load resource: net::ERR_CONNECTION_REFUSED @ http://localhost:1420/:0
[ 9653638ms] [ERROR] Failed to load resource: net::ERR_CONNECTION_REFUSED @ http://localhost:1420/:0
[ 9654640ms] [ERROR] Failed to load resource: net::ERR_CONNECTION_REFUSED @ http://localhost:1420/:0
[ 9655643ms] [ERROR] Failed to load resource: net::ERR_CONNECTION_REFUSED @ http://localhost:1420/:0
[ 9656648ms] [ERROR] Failed to load resource: net::ERR_CONNECTION_REFUSED @ http://localhost:1420/:0
[ 9657651ms] [ERROR] Failed to load resource: net::ERR_CONNECTION_REFUSED @ http://localhost:1420/:0
[ 9658656ms] [ERROR] Failed to load resource: net::ERR_CONNECTION_REFUSED @ http://localhost:1420/:0
[ 9659660ms] [ERROR] Failed to load resource: net::ERR_CONNECTION_REFUSED @ http://localhost:1420/:0
[ 9660662ms] [ERROR] Failed to load resource: net::ERR_CONNECTION_REFUSED @ http://localhost:1420/:0
[ 9661665ms] [ERROR] Failed to load resource: net::ERR_CONNECTION_REFUSED @ http://localhost:1420/:0
[ 9662667ms] [ERROR] Failed to load resource: net::ERR_CONNECTION_REFUSED @ http://localhost:1420/:0
[ 9663671ms] [ERROR] Failed to load resource: net::ERR_CONNECTION_REFUSED @ http://localhost:1420/:0
[ 9664677ms] [ERROR] Failed to load resource: net::ERR_CONNECTION_REFUSED @ http://localhost:1420/:0
[ 9665719ms] [ERROR] Failed to load resource: net::ERR_CONNECTION_REFUSED @ http://localhost:1420/:0
[ 9666769ms] [ERROR] Failed to load resource: net::ERR_CONNECTION_REFUSED @ http://localhost:1420/:0
[ 9667969ms] [ERROR] Failed to load resource: net::ERR_CONNECTION_REFUSED @ http://localhost:1420/:0
[ 9669002ms] [ERROR] Failed to load resource: net::ERR_CONNECTION_REFUSED @ http://localhost:1420/:0
[ 9670044ms] [ERROR] Failed to load resource: net::ERR_CONNECTION_REFUSED @ http://localhost:1420/:0
[ 9671047ms] [ERROR] Failed to load resource: net::ERR_CONNECTION_REFUSED @ http://localhost:1420/:0
[ 9672053ms] [ERROR] Failed to load resource: net::ERR_CONNECTION_REFUSED @ http://localhost:1420/:0
[ 9673057ms] [ERROR] Failed to load resource: net::ERR_CONNECTION_REFUSED @ http://localhost:1420/:0
[ 9674061ms] [ERROR] Failed to load resource: net::ERR_CONNECTION_REFUSED @ http://localhost:1420/:0
[ 9675063ms] [ERROR] Failed to load resource: net::ERR_CONNECTION_REFUSED @ http://localhost:1420/:0
[ 9676067ms] [ERROR] Failed to load resource: net::ERR_CONNECTION_REFUSED @ http://localhost:1420/:0
[ 9677097ms] [ERROR] Failed to load resource: net::ERR_CONNECTION_REFUSED @ http://localhost:1420/:0
[ 9678100ms] [ERROR] Failed to load resource: net::ERR_CONNECTION_REFUSED @ http://localhost:1420/:0
[ 9679104ms] [ERROR] Failed to load resource: net::ERR_CONNECTION_REFUSED @ http://localhost:1420/:0
[ 9680108ms] [ERROR] Failed to load resource: net::ERR_CONNECTION_REFUSED @ http://localhost:1420/:0
[ 9681112ms] [ERROR] Failed to load resource: net::ERR_CONNECTION_REFUSED @ http://localhost:1420/:0
[ 9682115ms] [ERROR] Failed to load resource: net::ERR_CONNECTION_REFUSED @ http://localhost:1420/:0
[ 9683119ms] [ERROR] Failed to load resource: net::ERR_CONNECTION_REFUSED @ http://localhost:1420/:0
[ 9684122ms] [ERROR] Failed to load resource: net::ERR_CONNECTION_REFUSED @ http://localhost:1420/:0
[ 9685125ms] [ERROR] Failed to load resource: net::ERR_CONNECTION_REFUSED @ http://localhost:1420/:0
[ 9686128ms] [ERROR] Failed to load resource: net::ERR_CONNECTION_REFUSED @ http://localhost:1420/:0
[ 9687130ms] [ERROR] Failed to load resource: net::ERR_CONNECTION_REFUSED @ http://localhost:1420/:0
[ 9688136ms] [ERROR] Failed to load resource: net::ERR_CONNECTION_REFUSED @ http://localhost:1420/:0
[ 9689139ms] [ERROR] Failed to load resource: net::ERR_CONNECTION_REFUSED @ http://localhost:1420/:0
[ 9690142ms] [ERROR] Failed to load resource: net::ERR_CONNECTION_REFUSED @ http://localhost:1420/:0
[ 9691146ms] [ERROR] Failed to load resource: net::ERR_CONNECTION_REFUSED @ http://localhost:1420/:0
[ 9692149ms] [ERROR] Failed to load resource: net::ERR_CONNECTION_REFUSED @ http://localhost:1420/:0
[ 9693154ms] [ERROR] Failed to load resource: net::ERR_CONNECTION_REFUSED @ http://localhost:1420/:0
[ 9694156ms] [ERROR] Failed to load resource: net::ERR_CONNECTION_REFUSED @ http://localhost:1420/:0
[ 9695160ms] [ERROR] Failed to load resource: net::ERR_CONNECTION_REFUSED @ http://localhost:1420/:0
[ 9696163ms] [ERROR] Failed to load resource: net::ERR_CONNECTION_REFUSED @ http://localhost:1420/:0
[ 9697166ms] [ERROR] Failed to load resource: net::ERR_CONNECTION_REFUSED @ http://localhost:1420/:0
[ 9698168ms] [ERROR] Failed to load resource: net::ERR_CONNECTION_REFUSED @ http://localhost:1420/:0
[ 9699174ms] [ERROR] Failed to load resource: net::ERR_CONNECTION_REFUSED @ http://localhost:1420/:0
[ 9700179ms] [ERROR] Failed to load resource: net::ERR_CONNECTION_REFUSED @ http://localhost:1420/:0
[ 9701208ms] [ERROR] Failed to load resource: net::ERR_CONNECTION_REFUSED @ http://localhost:1420/:0
[ 9702215ms] [ERROR] Failed to load resource: net::ERR_CONNECTION_REFUSED @ http://localhost:1420/:0
[ 9703221ms] [ERROR] Failed to load resource: net::ERR_CONNECTION_REFUSED @ http://localhost:1420/:0
[ 9704223ms] [ERROR] Failed to load resource: net::ERR_CONNECTION_REFUSED @ http://localhost:1420/:0
[ 9705227ms] [ERROR] Failed to load resource: net::ERR_CONNECTION_REFUSED @ http://localhost:1420/:0
[ 9706230ms] [ERROR] Failed to load resource: net::ERR_CONNECTION_REFUSED @ http://localhost:1420/:0
[ 9707234ms] [ERROR] Failed to load resource: net::ERR_CONNECTION_REFUSED @ http://localhost:1420/:0
[ 9708238ms] [ERROR] Failed to load resource: net::ERR_CONNECTION_REFUSED @ http://localhost:1420/:0
[ 9709242ms] [ERROR] Failed to load resource: net::ERR_CONNECTION_REFUSED @ http://localhost:1420/:0
[ 9710248ms] [ERROR] Failed to load resource: net::ERR_CONNECTION_REFUSED @ http://localhost:1420/:0
[ 9711251ms] [ERROR] Failed to load resource: net::ERR_CONNECTION_REFUSED @ http://localhost:1420/:0
[ 9712255ms] [ERROR] Failed to load resource: net::ERR_CONNECTION_REFUSED @ http://localhost:1420/:0
[ 9713258ms] [ERROR] Failed to load resource: net::ERR_CONNECTION_REFUSED @ http://localhost:1420/:0
[ 9714261ms] [ERROR] Failed to load resource: net::ERR_CONNECTION_REFUSED @ http://localhost:1420/:0
[ 9715263ms] [ERROR] Failed to load resource: net::ERR_CONNECTION_REFUSED @ http://localhost:1420/:0
[ 9716267ms] [ERROR] Failed to load resource: net::ERR_CONNECTION_REFUSED @ http://localhost:1420/:0
[ 9717270ms] [ERROR] Failed to load resource: net::ERR_CONNECTION_REFUSED @ http://localhost:1420/:0
[ 9718272ms] [ERROR] Failed to load resource: net::ERR_CONNECTION_REFUSED @ http://localhost:1420/:0
[ 9719277ms] [ERROR] Failed to load resource: net::ERR_CONNECTION_REFUSED @ http://localhost:1420/:0
[ 9720280ms] [ERROR] Failed to load resource: net::ERR_CONNECTION_REFUSED @ http://localhost:1420/:0
[ 9721283ms] [ERROR] Failed to load resource: net::ERR_CONNECTION_REFUSED @ http://localhost:1420/:0
[ 9722287ms] [ERROR] Failed to load resource: net::ERR_CONNECTION_REFUSED @ http://localhost:1420/:0
[ 9723290ms] [ERROR] Failed to load resource: net::ERR_CONNECTION_REFUSED @ http://localhost:1420/:0
[ 9724294ms] [ERROR] Failed to load resource: net::ERR_CONNECTION_REFUSED @ http://localhost:1420/:0
[ 9725296ms] [ERROR] Failed to load resource: net::ERR_CONNECTION_REFUSED @ http://localhost:1420/:0
[ 9726301ms] [ERROR] Failed to load resource: net::ERR_CONNECTION_REFUSED @ http://localhost:1420/:0
[ 9727304ms] [ERROR] Failed to load resource: net::ERR_CONNECTION_REFUSED @ http://localhost:1420/:0
[ 9728358ms] [ERROR] Failed to load resource: net::ERR_CONNECTION_REFUSED @ http://localhost:1420/:0
[ 9729363ms] [ERROR] Failed to load resource: net::ERR_CONNECTION_REFUSED @ http://localhost:1420/:0
[ 9730367ms] [ERROR] Failed to load resource: net::ERR_CONNECTION_REFUSED @ http://localhost:1420/:0
[ 9731370ms] [ERROR] Failed to load resource: net::ERR_CONNECTION_REFUSED @ http://localhost:1420/:0
[ 9732372ms] [ERROR] Failed to load resource: net::ERR_CONNECTION_REFUSED @ http://localhost:1420/:0
[ 9733376ms] [ERROR] Failed to load resource: net::ERR_CONNECTION_REFUSED @ http://localhost:1420/:0
[ 9734380ms] [ERROR] Failed to load resource: net::ERR_CONNECTION_REFUSED @ http://localhost:1420/:0
[ 9735383ms] [ERROR] Failed to load resource: net::ERR_CONNECTION_REFUSED @ http://localhost:1420/:0
[ 9736388ms] [ERROR] Failed to load resource: net::ERR_CONNECTION_REFUSED @ http://localhost:1420/:0
[ 9737390ms] [ERROR] Failed to load resource: net::ERR_CONNECTION_REFUSED @ http://localhost:1420/:0
[ 9738394ms] [ERROR] Failed to load resource: net::ERR_CONNECTION_REFUSED @ http://localhost:1420/:0
[ 9739397ms] [ERROR] Failed to load resource: net::ERR_CONNECTION_REFUSED @ http://localhost:1420/:0
[ 9740400ms] [ERROR] Failed to load resource: net::ERR_CONNECTION_REFUSED @ http://localhost:1420/:0
[ 9741406ms] [ERROR] Failed to load resource: net::ERR_CONNECTION_REFUSED @ http://localhost:1420/:0
[ 9742552ms] [ERROR] Failed to load resource: net::ERR_CONNECTION_REFUSED @ http://localhost:1420/:0
[ 9743593ms] [ERROR] Failed to load resource: net::ERR_CONNECTION_REFUSED @ http://localhost:1420/:0
[ 9744620ms] [ERROR] Failed to load resource: net::ERR_CONNECTION_REFUSED @ http://localhost:1420/:0
[ 9745631ms] [ERROR] Failed to load resource: net::ERR_CONNECTION_REFUSED @ http://localhost:1420/:0
[ 9746639ms] [ERROR] Failed to load resource: net::ERR_CONNECTION_REFUSED @ http://localhost:1420/:0
[ 9747644ms] [ERROR] Failed to load resource: net::ERR_CONNECTION_REFUSED @ http://localhost:1420/:0
[ 9748662ms] [ERROR] Failed to load resource: net::ERR_CONNECTION_REFUSED @ http://localhost:1420/:0
[ 9749670ms] [ERROR] Failed to load resource: net::ERR_CONNECTION_REFUSED @ http://localhost:1420/:0
[ 9750727ms] [ERROR] Failed to load resource: net::ERR_CONNECTION_REFUSED @ http://localhost:1420/:0
[ 9751745ms] [ERROR] Failed to load resource: net::ERR_CONNECTION_REFUSED @ http://localhost:1420/:0
[ 9752751ms] [ERROR] Failed to load resource: net::ERR_CONNECTION_REFUSED @ http://localhost:1420/:0
[ 9753769ms] [ERROR] Failed to load resource: net::ERR_CONNECTION_REFUSED @ http://localhost:1420/:0
[ 9754785ms] [ERROR] Failed to load resource: net::ERR_CONNECTION_REFUSED @ http://localhost:1420/:0
[ 9755830ms] [ERROR] Failed to load resource: net::ERR_CONNECTION_REFUSED @ http://localhost:1420/:0
[ 9756834ms] [ERROR] Failed to load resource: net::ERR_CONNECTION_REFUSED @ http://localhost:1420/:0
[ 9757839ms] [ERROR] Failed to load resource: net::ERR_CONNECTION_REFUSED @ http://localhost:1420/:0
[ 9758843ms] [ERROR] Failed to load resource: net::ERR_CONNECTION_REFUSED @ http://localhost:1420/:0
[ 9759848ms] [ERROR] Failed to load resource: net::ERR_CONNECTION_REFUSED @ http://localhost:1420/:0
[ 9760850ms] [ERROR] Failed to load resource: net::ERR_CONNECTION_REFUSED @ http://localhost:1420/:0
[ 9761854ms] [ERROR] Failed to load resource: net::ERR_CONNECTION_REFUSED @ http://localhost:1420/:0
[ 9762858ms] [ERROR] Failed to load resource: net::ERR_CONNECTION_REFUSED @ http://localhost:1420/:0
[ 9763862ms] [ERROR] Failed to load resource: net::ERR_CONNECTION_REFUSED @ http://localhost:1420/:0
[ 9764864ms] [ERROR] Failed to load resource: net::ERR_CONNECTION_REFUSED @ http://localhost:1420/:0
[ 9765866ms] [ERROR] Failed to load resource: net::ERR_CONNECTION_REFUSED @ http://localhost:1420/:0
[ 9766872ms] [ERROR] Failed to load resource: net::ERR_CONNECTION_REFUSED @ http://localhost:1420/:0
[ 9767874ms] [ERROR] Failed to load resource: net::ERR_CONNECTION_REFUSED @ http://localhost:1420/:0
[ 9768879ms] [ERROR] Failed to load resource: net::ERR_CONNECTION_REFUSED @ http://localhost:1420/:0
[ 9769882ms] [ERROR] Failed to load resource: net::ERR_CONNECTION_REFUSED @ http://localhost:1420/:0
[ 9770885ms] [ERROR] Failed to load resource: net::ERR_CONNECTION_REFUSED @ http://localhost:1420/:0
[ 9771890ms] [ERROR] Failed to load resource: net::ERR_CONNECTION_REFUSED @ http://localhost:1420/:0
[ 9772894ms] [ERROR] Failed to load resource: net::ERR_CONNECTION_REFUSED @ http://localhost:1420/:0
[ 9773896ms] [ERROR] Failed to load resource: net::ERR_CONNECTION_REFUSED @ http://localhost:1420/:0
[ 9774899ms] [ERROR] Failed to load resource: net::ERR_CONNECTION_REFUSED @ http://localhost:1420/:0
[ 9775901ms] [ERROR] Failed to load resource: net::ERR_CONNECTION_REFUSED @ http://localhost:1420/:0
[ 9776905ms] [ERROR] Failed to load resource: net::ERR_CONNECTION_REFUSED @ http://localhost:1420/:0
[ 9777908ms] [ERROR] Failed to load resource: net::ERR_CONNECTION_REFUSED @ http://localhost:1420/:0
[ 9778912ms] [ERROR] Failed to load resource: net::ERR_CONNECTION_REFUSED @ http://localhost:1420/:0
[ 9779916ms] [ERROR] Failed to load resource: net::ERR_CONNECTION_REFUSED @ http://localhost:1420/:0
[ 9780920ms] [ERROR] Failed to load resource: net::ERR_CONNECTION_REFUSED @ http://localhost:1420/:0
[ 9781924ms] [ERROR] Failed to load resource: net::ERR_CONNECTION_REFUSED @ http://localhost:1420/:0
[ 9782927ms] [ERROR] Failed to load resource: net::ERR_CONNECTION_REFUSED @ http://localhost:1420/:0
[ 9783930ms] [ERROR] Failed to load resource: net::ERR_CONNECTION_REFUSED @ http://localhost:1420/:0
[ 9784935ms] [ERROR] Failed to load resource: net::ERR_CONNECTION_REFUSED @ http://localhost:1420/:0
[ 9785937ms] [ERROR] Failed to load resource: net::ERR_CONNECTION_REFUSED @ http://localhost:1420/:0
[ 9786943ms] [ERROR] Failed to load resource: net::ERR_CONNECTION_REFUSED @ http://localhost:1420/:0
[ 9787945ms] [ERROR] Failed to load resource: net::ERR_CONNECTION_REFUSED @ http://localhost:1420/:0
[ 9788948ms] [ERROR] Failed to load resource: net::ERR_CONNECTION_REFUSED @ http://localhost:1420/:0
[ 9789979ms] [ERROR] Failed to load resource: net::ERR_CONNECTION_REFUSED @ http://localhost:1420/:0
[ 9790987ms] [ERROR] Failed to load resource: net::ERR_CONNECTION_REFUSED @ http://localhost:1420/:0
[ 9791991ms] [ERROR] Failed to load resource: net::ERR_CONNECTION_REFUSED @ http://localhost:1420/:0
[ 9792996ms] [ERROR] Failed to load resource: net::ERR_CONNECTION_REFUSED @ http://localhost:1420/:0
[ 9793999ms] [ERROR] Failed to load resource: net::ERR_CONNECTION_REFUSED @ http://localhost:1420/:0
[ 9795002ms] [ERROR] Failed to load resource: net::ERR_CONNECTION_REFUSED @ http://localhost:1420/:0
[ 9796004ms] [ERROR] Failed to load resource: net::ERR_CONNECTION_REFUSED @ http://localhost:1420/:0
[ 9797007ms] [ERROR] Failed to load resource: net::ERR_CONNECTION_REFUSED @ http://localhost:1420/:0
[ 9798010ms] [ERROR] Failed to load resource: net::ERR_CONNECTION_REFUSED @ http://localhost:1420/:0
[ 9799014ms] [ERROR] Failed to load resource: net::ERR_CONNECTION_REFUSED @ http://localhost:1420/:0
[ 9800017ms] [ERROR] Failed to load resource: net::ERR_CONNECTION_REFUSED @ http://localhost:1420/:0
[ 9801020ms] [ERROR] Failed to load resource: net::ERR_CONNECTION_REFUSED @ http://localhost:1420/:0
[ 9802023ms] [ERROR] Failed to load resource: net::ERR_CONNECTION_REFUSED @ http://localhost:1420/:0
[ 9803027ms] [ERROR] Failed to load resource: net::ERR_CONNECTION_REFUSED @ http://localhost:1420/:0
[ 9804029ms] [ERROR] Failed to load resource: net::ERR_CONNECTION_REFUSED @ http://localhost:1420/:0
[ 9805032ms] [ERROR] Failed to load resource: net::ERR_CONNECTION_REFUSED @ http://localhost:1420/:0
[ 9806036ms] [ERROR] Failed to load resource: net::ERR_CONNECTION_REFUSED @ http://localhost:1420/:0
[ 9807038ms] [ERROR] Failed to load resource: net::ERR_CONNECTION_REFUSED @ http://localhost:1420/:0
[ 9808040ms] [ERROR] Failed to load resource: net::ERR_CONNECTION_REFUSED @ http://localhost:1420/:0
[ 9809042ms] [ERROR] Failed to load resource: net::ERR_CONNECTION_REFUSED @ http://localhost:1420/:0
[ 9810047ms] [ERROR] Failed to load resource: net::ERR_CONNECTION_REFUSED @ http://localhost:1420/:0
[ 9811049ms] [ERROR] Failed to load resource: net::ERR_CONNECTION_REFUSED @ http://localhost:1420/:0
[ 9812053ms] [ERROR] Failed to load resource: net::ERR_CONNECTION_REFUSED @ http://localhost:1420/:0
[ 9813056ms] [ERROR] Failed to load resource: net::ERR_CONNECTION_REFUSED @ http://localhost:1420/:0
[ 9814059ms] [ERROR] Failed to load resource: net::ERR_CONNECTION_REFUSED @ http://localhost:1420/:0
[ 9815063ms] [ERROR] Failed to load resource: net::ERR_CONNECTION_REFUSED @ http://localhost:1420/:0
[ 9816066ms] [ERROR] Failed to load resource: net::ERR_CONNECTION_REFUSED @ http://localhost:1420/:0
[ 9817072ms] [ERROR] Failed to load resource: net::ERR_CONNECTION_REFUSED @ http://localhost:1420/:0
[ 9818074ms] [ERROR] Failed to load resource: net::ERR_CONNECTION_REFUSED @ http://localhost:1420/:0
[ 9819078ms] [ERROR] Failed to load resource: net::ERR_CONNECTION_REFUSED @ http://localhost:1420/:0
[ 9820082ms] [ERROR] Failed to load resource: net::ERR_CONNECTION_REFUSED @ http://localhost:1420/:0
[ 9821086ms] [ERROR] Failed to load resource: net::ERR_CONNECTION_REFUSED @ http://localhost:1420/:0
[ 9822088ms] [ERROR] Failed to load resource: net::ERR_CONNECTION_REFUSED @ http://localhost:1420/:0
[ 9823092ms] [ERROR] Failed to load resource: net::ERR_CONNECTION_REFUSED @ http://localhost:1420/:0
[ 9824095ms] [ERROR] Failed to load resource: net::ERR_CONNECTION_REFUSED @ http://localhost:1420/:0
[ 9825098ms] [ERROR] Failed to load resource: net::ERR_CONNECTION_REFUSED @ http://localhost:1420/:0
[ 9826101ms] [ERROR] Failed to load resource: net::ERR_CONNECTION_REFUSED @ http://localhost:1420/:0
[ 9827118ms] [ERROR] Failed to load resource: net::ERR_CONNECTION_REFUSED @ http://localhost:1420/:0
[ 9828121ms] [ERROR] Failed to load resource: net::ERR_CONNECTION_REFUSED @ http://localhost:1420/:0
[ 9829124ms] [ERROR] Failed to load resource: net::ERR_CONNECTION_REFUSED @ http://localhost:1420/:0
[ 9830129ms] [ERROR] Failed to load resource: net::ERR_CONNECTION_REFUSED @ http://localhost:1420/:0
[ 9831131ms] [ERROR] Failed to load resource: net::ERR_CONNECTION_REFUSED @ http://localhost:1420/:0
[ 9832133ms] [ERROR] Failed to load resource: net::ERR_CONNECTION_REFUSED @ http://localhost:1420/:0
[ 9833138ms] [ERROR] Failed to load resource: net::ERR_CONNECTION_REFUSED @ http://localhost:1420/:0
[ 9834141ms] [ERROR] Failed to load resource: net::ERR_CONNECTION_REFUSED @ http://localhost:1420/:0
[ 9835145ms] [ERROR] Failed to load resource: net::ERR_CONNECTION_REFUSED @ http://localhost:1420/:0
[ 9836149ms] [ERROR] Failed to load resource: net::ERR_CONNECTION_REFUSED @ http://localhost:1420/:0
[ 9837152ms] [ERROR] Failed to load resource: net::ERR_CONNECTION_REFUSED @ http://localhost:1420/:0
[ 9838154ms] [ERROR] Failed to load resource: net::ERR_CONNECTION_REFUSED @ http://localhost:1420/:0
[ 9839158ms] [ERROR] Failed to load resource: net::ERR_CONNECTION_REFUSED @ http://localhost:1420/:0
[ 9840162ms] [ERROR] Failed to load resource: net::ERR_CONNECTION_REFUSED @ http://localhost:1420/:0
[ 9841164ms] [ERROR] Failed to load resource: net::ERR_CONNECTION_REFUSED @ http://localhost:1420/:0
[ 9842167ms] [ERROR] Failed to load resource: net::ERR_CONNECTION_REFUSED @ http://localhost:1420/:0
[ 9843171ms] [ERROR] Failed to load resource: net::ERR_CONNECTION_REFUSED @ http://localhost:1420/:0
[ 9844173ms] [ERROR] Failed to load resource: net::ERR_CONNECTION_REFUSED @ http://localhost:1420/:0
[ 9845178ms] [ERROR] Failed to load resource: net::ERR_CONNECTION_REFUSED @ http://localhost:1420/:0
[ 9846181ms] [ERROR] Failed to load resource: net::ERR_CONNECTION_REFUSED @ http://localhost:1420/:0
[ 9847183ms] [ERROR] Failed to load resource: net::ERR_CONNECTION_REFUSED @ http://localhost:1420/:0
[ 9848186ms] [ERROR] Failed to load resource: net::ERR_CONNECTION_REFUSED @ http://localhost:1420/:0
[ 9849189ms] [ERROR] Failed to load resource: net::ERR_CONNECTION_REFUSED @ http://localhost:1420/:0
[ 9850195ms] [ERROR] Failed to load resource: net::ERR_CONNECTION_REFUSED @ http://localhost:1420/:0
[ 9851198ms] [ERROR] Failed to load resource: net::ERR_CONNECTION_REFUSED @ http://localhost:1420/:0
[ 9852202ms] [ERROR] Failed to load resource: net::ERR_CONNECTION_REFUSED @ http://localhost:1420/:0
[ 9853207ms] [ERROR] Failed to load resource: net::ERR_CONNECTION_REFUSED @ http://localhost:1420/:0
[ 9854210ms] [ERROR] Failed to load resource: net::ERR_CONNECTION_REFUSED @ http://localhost:1420/:0
[ 9855220ms] [ERROR] Failed to load resource: net::ERR_CONNECTION_REFUSED @ http://localhost:1420/:0
[ 9856224ms] [ERROR] Failed to load resource: net::ERR_CONNECTION_REFUSED @ http://localhost:1420/:0
[ 9857227ms] [ERROR] Failed to load resource: net::ERR_CONNECTION_REFUSED @ http://localhost:1420/:0
[ 9858229ms] [ERROR] Failed to load resource: net::ERR_CONNECTION_REFUSED @ http://localhost:1420/:0
[ 9859233ms] [ERROR] Failed to load resource: net::ERR_CONNECTION_REFUSED @ http://localhost:1420/:0
[ 9860237ms] [ERROR] Failed to load resource: net::ERR_CONNECTION_REFUSED @ http://localhost:1420/:0
[ 9861240ms] [ERROR] Failed to load resource: net::ERR_CONNECTION_REFUSED @ http://localhost:1420/:0
[ 9862243ms] [ERROR] Failed to load resource: net::ERR_CONNECTION_REFUSED @ http://localhost:1420/:0
[ 9863247ms] [ERROR] Failed to load resource: net::ERR_CONNECTION_REFUSED @ http://localhost:1420/:0
[ 9864250ms] [ERROR] Failed to load resource: net::ERR_CONNECTION_REFUSED @ http://localhost:1420/:0
[ 9865252ms] [ERROR] Failed to load resource: net::ERR_CONNECTION_REFUSED @ http://localhost:1420/:0
[ 9866256ms] [ERROR] Failed to load resource: net::ERR_CONNECTION_REFUSED @ http://localhost:1420/:0
[ 9867258ms] [ERROR] Failed to load resource: net::ERR_CONNECTION_REFUSED @ http://localhost:1420/:0
[ 9868261ms] [ERROR] Failed to load resource: net::ERR_CONNECTION_REFUSED @ http://localhost:1420/:0
[ 9869266ms] [ERROR] Failed to load resource: net::ERR_CONNECTION_REFUSED @ http://localhost:1420/:0
[ 9870268ms] [ERROR] Failed to load resource: net::ERR_CONNECTION_REFUSED @ http://localhost:1420/:0
[ 9871271ms] [ERROR] Failed to load resource: net::ERR_CONNECTION_REFUSED @ http://localhost:1420/:0
[ 9872274ms] [ERROR] Failed to load resource: net::ERR_CONNECTION_REFUSED @ http://localhost:1420/:0
[ 9873279ms] [ERROR] Failed to load resource: net::ERR_CONNECTION_REFUSED @ http://localhost:1420/:0
[ 9874282ms] [ERROR] Failed to load resource: net::ERR_CONNECTION_REFUSED @ http://localhost:1420/:0
[ 9875285ms] [ERROR] Failed to load resource: net::ERR_CONNECTION_REFUSED @ http://localhost:1420/:0
[ 9876289ms] [ERROR] Failed to load resource: net::ERR_CONNECTION_REFUSED @ http://localhost:1420/:0
[ 9877293ms] [ERROR] Failed to load resource: net::ERR_CONNECTION_REFUSED @ http://localhost:1420/:0
[ 9878296ms] [ERROR] Failed to load resource: net::ERR_CONNECTION_REFUSED @ http://localhost:1420/:0
[ 9879300ms] [ERROR] Failed to load resource: net::ERR_CONNECTION_REFUSED @ http://localhost:1420/:0
[ 9880304ms] [ERROR] Failed to load resource: net::ERR_CONNECTION_REFUSED @ http://localhost:1420/:0
[ 9881306ms] [ERROR] Failed to load resource: net::ERR_CONNECTION_REFUSED @ http://localhost:1420/:0
[ 9882309ms] [ERROR] Failed to load resource: net::ERR_CONNECTION_REFUSED @ http://localhost:1420/:0
[ 9883314ms] [ERROR] Failed to load resource: net::ERR_CONNECTION_REFUSED @ http://localhost:1420/:0
[ 9884317ms] [ERROR] Failed to load resource: net::ERR_CONNECTION_REFUSED @ http://localhost:1420/:0
[ 9885320ms] [ERROR] Failed to load resource: net::ERR_CONNECTION_REFUSED @ http://localhost:1420/:0
[ 9886334ms] [ERROR] Failed to load resource: net::ERR_CONNECTION_REFUSED @ http://localhost:1420/:0
[ 9887338ms] [ERROR] Failed to load resource: net::ERR_CONNECTION_REFUSED @ http://localhost:1420/:0
[ 9888340ms] [ERROR] Failed to load resource: net::ERR_CONNECTION_REFUSED @ http://localhost:1420/:0
[ 9889343ms] [ERROR] Failed to load resource: net::ERR_CONNECTION_REFUSED @ http://localhost:1420/:0
[ 9890346ms] [ERROR] Failed to load resource: net::ERR_CONNECTION_REFUSED @ http://localhost:1420/:0
[ 9891348ms] [ERROR] Failed to load resource: net::ERR_CONNECTION_REFUSED @ http://localhost:1420/:0
[ 9892352ms] [ERROR] Failed to load resource: net::ERR_CONNECTION_REFUSED @ http://localhost:1420/:0
[ 9893356ms] [ERROR] Failed to load resource: net::ERR_CONNECTION_REFUSED @ http://localhost:1420/:0
[ 9894361ms] [ERROR] Failed to load resource: net::ERR_CONNECTION_REFUSED @ http://localhost:1420/:0
[ 9895363ms] [ERROR] Failed to load resource: net::ERR_CONNECTION_REFUSED @ http://localhost:1420/:0
[ 9896367ms] [ERROR] Failed to load resource: net::ERR_CONNECTION_REFUSED @ http://localhost:1420/:0
[ 9897371ms] [ERROR] Failed to load resource: net::ERR_CONNECTION_REFUSED @ http://localhost:1420/:0
[ 9898374ms] [ERROR] Failed to load resource: net::ERR_CONNECTION_REFUSED @ http://localhost:1420/:0
[ 9899380ms] [ERROR] Failed to load resource: net::ERR_CONNECTION_REFUSED @ http://localhost:1420/:0
[ 9900383ms] [ERROR] Failed to load resource: net::ERR_CONNECTION_REFUSED @ http://localhost:1420/:0
[ 9901385ms] [ERROR] Failed to load resource: net::ERR_CONNECTION_REFUSED @ http://localhost:1420/:0
[ 9902389ms] [ERROR] Failed to load resource: net::ERR_CONNECTION_REFUSED @ http://localhost:1420/:0
[ 9903416ms] [ERROR] Failed to load resource: net::ERR_CONNECTION_REFUSED @ http://localhost:1420/:0
[ 9904419ms] [ERROR] Failed to load resource: net::ERR_CONNECTION_REFUSED @ http://localhost:1420/:0
[ 9905422ms] [ERROR] Failed to load resource: net::ERR_CONNECTION_REFUSED @ http://localhost:1420/:0
[ 9906425ms] [ERROR] Failed to load resource: net::ERR_CONNECTION_REFUSED @ http://localhost:1420/:0
[ 9907429ms] [ERROR] Failed to load resource: net::ERR_CONNECTION_REFUSED @ http://localhost:1420/:0
[ 9908434ms] [ERROR] Failed to load resource: net::ERR_CONNECTION_REFUSED @ http://localhost:1420/:0
[ 9909438ms] [ERROR] Failed to load resource: net::ERR_CONNECTION_REFUSED @ http://localhost:1420/:0
[ 9910440ms] [ERROR] Failed to load resource: net::ERR_CONNECTION_REFUSED @ http://localhost:1420/:0
[ 9911444ms] [ERROR] Failed to load resource: net::ERR_CONNECTION_REFUSED @ http://localhost:1420/:0
[ 9912446ms] [ERROR] Failed to load resource: net::ERR_CONNECTION_REFUSED @ http://localhost:1420/:0
[ 9913449ms] [ERROR] Failed to load resource: net::ERR_CONNECTION_REFUSED @ http://localhost:1420/:0
[ 9914452ms] [ERROR] Failed to load resource: net::ERR_CONNECTION_REFUSED @ http://localhost:1420/:0
[ 9915455ms] [ERROR] Failed to load resource: net::ERR_CONNECTION_REFUSED @ http://localhost:1420/:0
[ 9916459ms] [ERROR] Failed to load resource: net::ERR_CONNECTION_REFUSED @ http://localhost:1420/:0
[ 9917462ms] [ERROR] Failed to load resource: net::ERR_CONNECTION_REFUSED @ http://localhost:1420/:0
[ 9918464ms] [ERROR] Failed to load resource: net::ERR_CONNECTION_REFUSED @ http://localhost:1420/:0
[ 9919468ms] [ERROR] Failed to load resource: net::ERR_CONNECTION_REFUSED @ http://localhost:1420/:0
[ 9920471ms] [ERROR] Failed to load resource: net::ERR_CONNECTION_REFUSED @ http://localhost:1420/:0
[ 9921474ms] [ERROR] Failed to load resource: net::ERR_CONNECTION_REFUSED @ http://localhost:1420/:0
[ 9922476ms] [ERROR] Failed to load resource: net::ERR_CONNECTION_REFUSED @ http://localhost:1420/:0
[ 9923480ms] [ERROR] Failed to load resource: net::ERR_CONNECTION_REFUSED @ http://localhost:1420/:0
[ 9924482ms] [ERROR] Failed to load resource: net::ERR_CONNECTION_REFUSED @ http://localhost:1420/:0
[ 9925486ms] [ERROR] Failed to load resource: net::ERR_CONNECTION_REFUSED @ http://localhost:1420/:0
[ 9926489ms] [ERROR] Failed to load resource: net::ERR_CONNECTION_REFUSED @ http://localhost:1420/:0
[ 9927491ms] [ERROR] Failed to load resource: net::ERR_CONNECTION_REFUSED @ http://localhost:1420/:0
[ 9928495ms] [ERROR] Failed to load resource: net::ERR_CONNECTION_REFUSED @ http://localhost:1420/:0
[ 9929497ms] [ERROR] Failed to load resource: net::ERR_CONNECTION_REFUSED @ http://localhost:1420/:0
[ 9930502ms] [ERROR] Failed to load resource: net::ERR_CONNECTION_REFUSED @ http://localhost:1420/:0
[ 9931505ms] [ERROR] Failed to load resource: net::ERR_CONNECTION_REFUSED @ http://localhost:1420/:0
[ 9932508ms] [ERROR] Failed to load resource: net::ERR_CONNECTION_REFUSED @ http://localhost:1420/:0
[ 9933525ms] [ERROR] Failed to load resource: net::ERR_CONNECTION_REFUSED @ http://localhost:1420/:0
[ 9934528ms] [ERROR] Failed to load resource: net::ERR_CONNECTION_REFUSED @ http://localhost:1420/:0
[ 9935530ms] [ERROR] Failed to load resource: net::ERR_CONNECTION_REFUSED @ http://localhost:1420/:0
[ 9936534ms] [ERROR] Failed to load resource: net::ERR_CONNECTION_REFUSED @ http://localhost:1420/:0
[ 9937537ms] [ERROR] Failed to load resource: net::ERR_CONNECTION_REFUSED @ http://localhost:1420/:0
[ 9938541ms] [ERROR] Failed to load resource: net::ERR_CONNECTION_REFUSED @ http://localhost:1420/:0
[ 9939546ms] [ERROR] Failed to load resource: net::ERR_CONNECTION_REFUSED @ http://localhost:1420/:0
[ 9940548ms] [ERROR] Failed to load resource: net::ERR_CONNECTION_REFUSED @ http://localhost:1420/:0
[ 9941552ms] [ERROR] Failed to load resource: net::ERR_CONNECTION_REFUSED @ http://localhost:1420/:0
[ 9942557ms] [ERROR] Failed to load resource: net::ERR_CONNECTION_REFUSED @ http://localhost:1420/:0
[ 9943561ms] [ERROR] Failed to load resource: net::ERR_CONNECTION_REFUSED @ http://localhost:1420/:0
[ 9944565ms] [ERROR] Failed to load resource: net::ERR_CONNECTION_REFUSED @ http://localhost:1420/:0
[ 9945568ms] [ERROR] Failed to load resource: net::ERR_CONNECTION_REFUSED @ http://localhost:1420/:0
[ 9946572ms] [ERROR] Failed to load resource: net::ERR_CONNECTION_REFUSED @ http://localhost:1420/:0
[ 9947574ms] [ERROR] Failed to load resource: net::ERR_CONNECTION_REFUSED @ http://localhost:1420/:0
[ 9948578ms] [ERROR] Failed to load resource: net::ERR_CONNECTION_REFUSED @ http://localhost:1420/:0
[ 9949582ms] [ERROR] Failed to load resource: net::ERR_CONNECTION_REFUSED @ http://localhost:1420/:0
[ 9950584ms] [ERROR] Failed to load resource: net::ERR_CONNECTION_REFUSED @ http://localhost:1420/:0
[ 9951588ms] [ERROR] Failed to load resource: net::ERR_CONNECTION_REFUSED @ http://localhost:1420/:0
[ 9952591ms] [ERROR] Failed to load resource: net::ERR_CONNECTION_REFUSED @ http://localhost:1420/:0
[ 9953595ms] [ERROR] Failed to load resource: net::ERR_CONNECTION_REFUSED @ http://localhost:1420/:0
[ 9954598ms] [ERROR] Failed to load resource: net::ERR_CONNECTION_REFUSED @ http://localhost:1420/:0
[ 9955604ms] [ERROR] Failed to load resource: net::ERR_CONNECTION_REFUSED @ http://localhost:1420/:0
[ 9956608ms] [ERROR] Failed to load resource: net::ERR_CONNECTION_REFUSED @ http://localhost:1420/:0
[ 9957612ms] [ERROR] Failed to load resource: net::ERR_CONNECTION_REFUSED @ http://localhost:1420/:0
[ 9958616ms] [ERROR] Failed to load resource: net::ERR_CONNECTION_REFUSED @ http://localhost:1420/:0
[ 9959620ms] [ERROR] Failed to load resource: net::ERR_CONNECTION_REFUSED @ http://localhost:1420/:0
[ 9960643ms] [ERROR] Failed to load resource: net::ERR_CONNECTION_REFUSED @ http://localhost:1420/:0
[ 9961645ms] [ERROR] Failed to load resource: net::ERR_CONNECTION_REFUSED @ http://localhost:1420/:0
[ 9962648ms] [ERROR] Failed to load resource: net::ERR_CONNECTION_REFUSED @ http://localhost:1420/:0
[ 9963650ms] [ERROR] Failed to load resource: net::ERR_CONNECTION_REFUSED @ http://localhost:1420/:0
[ 9964653ms] [ERROR] Failed to load resource: net::ERR_CONNECTION_REFUSED @ http://localhost:1420/:0
[ 9965656ms] [ERROR] Failed to load resource: net::ERR_CONNECTION_REFUSED @ http://localhost:1420/:0
[ 9966659ms] [ERROR] Failed to load resource: net::ERR_CONNECTION_REFUSED @ http://localhost:1420/:0
[ 9967661ms] [ERROR] Failed to load resource: net::ERR_CONNECTION_REFUSED @ http://localhost:1420/:0
[ 9968665ms] [ERROR] Failed to load resource: net::ERR_CONNECTION_REFUSED @ http://localhost:1420/:0
[ 9969669ms] [ERROR] Failed to load resource: net::ERR_CONNECTION_REFUSED @ http://localhost:1420/:0
[ 9970672ms] [ERROR] Failed to load resource: net::ERR_CONNECTION_REFUSED @ http://localhost:1420/:0
[ 9971675ms] [ERROR] Failed to load resource: net::ERR_CONNECTION_REFUSED @ http://localhost:1420/:0
[ 9972678ms] [ERROR] Failed to load resource: net::ERR_CONNECTION_REFUSED @ http://localhost:1420/:0
[ 9973682ms] [ERROR] Failed to load resource: net::ERR_CONNECTION_REFUSED @ http://localhost:1420/:0
[ 9974683ms] [ERROR] Failed to load resource: net::ERR_CONNECTION_REFUSED @ http://localhost:1420/:0
[ 9975686ms] [ERROR] Failed to load resource: net::ERR_CONNECTION_REFUSED @ http://localhost:1420/:0
[ 9976689ms] [ERROR] Failed to load resource: net::ERR_CONNECTION_REFUSED @ http://localhost:1420/:0
[ 9977692ms] [ERROR] Failed to load resource: net::ERR_CONNECTION_REFUSED @ http://localhost:1420/:0
[ 9978694ms] [ERROR] Failed to load resource: net::ERR_CONNECTION_REFUSED @ http://localhost:1420/:0
[ 9979698ms] [ERROR] Failed to load resource: net::ERR_CONNECTION_REFUSED @ http://localhost:1420/:0
[ 9980701ms] [ERROR] Failed to load resource: net::ERR_CONNECTION_REFUSED @ http://localhost:1420/:0
[ 9981704ms] [ERROR] Failed to load resource: net::ERR_CONNECTION_REFUSED @ http://localhost:1420/:0
[ 9982707ms] [ERROR] Failed to load resource: net::ERR_CONNECTION_REFUSED @ http://localhost:1420/:0
[ 9983709ms] [ERROR] Failed to load resource: net::ERR_CONNECTION_REFUSED @ http://localhost:1420/:0
[ 9984712ms] [ERROR] Failed to load resource: net::ERR_CONNECTION_REFUSED @ http://localhost:1420/:0
[ 9985714ms] [ERROR] Failed to load resource: net::ERR_CONNECTION_REFUSED @ http://localhost:1420/:0
[ 9986719ms] [ERROR] Failed to load resource: net::ERR_CONNECTION_REFUSED @ http://localhost:1420/:0
[ 9987723ms] [ERROR] Failed to load resource: net::ERR_CONNECTION_REFUSED @ http://localhost:1420/:0
[ 9988725ms] [ERROR] Failed to load resource: net::ERR_CONNECTION_REFUSED @ http://localhost:1420/:0
[ 9989729ms] [ERROR] Failed to load resource: net::ERR_CONNECTION_REFUSED @ http://localhost:1420/:0
[ 9990731ms] [ERROR] Failed to load resource: net::ERR_CONNECTION_REFUSED @ http://localhost:1420/:0
[ 9991734ms] [ERROR] Failed to load resource: net::ERR_CONNECTION_REFUSED @ http://localhost:1420/:0
[ 9992737ms] [ERROR] Failed to load resource: net::ERR_CONNECTION_REFUSED @ http://localhost:1420/:0
[ 9993740ms] [ERROR] Failed to load resource: net::ERR_CONNECTION_REFUSED @ http://localhost:1420/:0
[ 9994742ms] [ERROR] Failed to load resource: net::ERR_CONNECTION_REFUSED @ http://localhost:1420/:0
[ 9995745ms] [ERROR] Failed to load resource: net::ERR_CONNECTION_REFUSED @ http://localhost:1420/:0
[ 9996749ms] [ERROR] Failed to load resource: net::ERR_CONNECTION_REFUSED @ http://localhost:1420/:0
[ 9997752ms] [ERROR] Failed to load resource: net::ERR_CONNECTION_REFUSED @ http://localhost:1420/:0
[ 9998755ms] [ERROR] Failed to load resource: net::ERR_CONNECTION_REFUSED @ http://localhost:1420/:0
[ 9999759ms] [ERROR] Failed to load resource: net::ERR_CONNECTION_REFUSED @ http://localhost:1420/:0
[10000763ms] [ERROR] Failed to load resource: net::ERR_CONNECTION_REFUSED @ http://localhost:1420/:0
[10001766ms] [ERROR] Failed to load resource: net::ERR_CONNECTION_REFUSED @ http://localhost:1420/:0
[10002769ms] [ERROR] Failed to load resource: net::ERR_CONNECTION_REFUSED @ http://localhost:1420/:0
[10003772ms] [ERROR] Failed to load resource: net::ERR_CONNECTION_REFUSED @ http://localhost:1420/:0
[10004775ms] [ERROR] Failed to load resource: net::ERR_CONNECTION_REFUSED @ http://localhost:1420/:0
[10005777ms] [ERROR] Failed to load resource: net::ERR_CONNECTION_REFUSED @ http://localhost:1420/:0
[10006781ms] [ERROR] Failed to load resource: net::ERR_CONNECTION_REFUSED @ http://localhost:1420/:0
[10007783ms] [ERROR] Failed to load resource: net::ERR_CONNECTION_REFUSED @ http://localhost:1420/:0
[10008786ms] [ERROR] Failed to load resource: net::ERR_CONNECTION_REFUSED @ http://localhost:1420/:0
[10009792ms] [ERROR] Failed to load resource: net::ERR_CONNECTION_REFUSED @ http://localhost:1420/:0
[10010797ms] [ERROR] Failed to load resource: net::ERR_CONNECTION_REFUSED @ http://localhost:1420/:0
[10011800ms] [ERROR] Failed to load resource: net::ERR_CONNECTION_REFUSED @ http://localhost:1420/:0
[10012803ms] [ERROR] Failed to load resource: net::ERR_CONNECTION_REFUSED @ http://localhost:1420/:0
[10013805ms] [ERROR] Failed to load resource: net::ERR_CONNECTION_REFUSED @ http://localhost:1420/:0
[10014809ms] [ERROR] Failed to load resource: net::ERR_CONNECTION_REFUSED @ http://localhost:1420/:0
[10015811ms] [ERROR] Failed to load resource: net::ERR_CONNECTION_REFUSED @ http://localhost:1420/:0
[10016816ms] [ERROR] Failed to load resource: net::ERR_CONNECTION_REFUSED @ http://localhost:1420/:0
[10017819ms] [ERROR] Failed to load resource: net::ERR_CONNECTION_REFUSED @ http://localhost:1420/:0
[10018822ms] [ERROR] Failed to load resource: net::ERR_CONNECTION_REFUSED @ http://localhost:1420/:0
[10019826ms] [ERROR] Failed to load resource: net::ERR_CONNECTION_REFUSED @ http://localhost:1420/:0
[10020828ms] [ERROR] Failed to load resource: net::ERR_CONNECTION_REFUSED @ http://localhost:1420/:0
[10021831ms] [ERROR] Failed to load resource: net::ERR_CONNECTION_REFUSED @ http://localhost:1420/:0
[10022834ms] [ERROR] Failed to load resource: net::ERR_CONNECTION_REFUSED @ http://localhost:1420/:0
[10023836ms] [ERROR] Failed to load resource: net::ERR_CONNECTION_REFUSED @ http://localhost:1420/:0
[10024839ms] [ERROR] Failed to load resource: net::ERR_CONNECTION_REFUSED @ http://localhost:1420/:0
[10025842ms] [ERROR] Failed to load resource: net::ERR_CONNECTION_REFUSED @ http://localhost:1420/:0
[10026847ms] [ERROR] Failed to load resource: net::ERR_CONNECTION_REFUSED @ http://localhost:1420/:0
[10027851ms] [ERROR] Failed to load resource: net::ERR_CONNECTION_REFUSED @ http://localhost:1420/:0
[10028856ms] [ERROR] Failed to load resource: net::ERR_CONNECTION_REFUSED @ http://localhost:1420/:0
[10029860ms] [ERROR] Failed to load resource: net::ERR_CONNECTION_REFUSED @ http://localhost:1420/:0
[10030862ms] [ERROR] Failed to load resource: net::ERR_CONNECTION_REFUSED @ http://localhost:1420/:0
[10031866ms] [ERROR] Failed to load resource: net::ERR_CONNECTION_REFUSED @ http://localhost:1420/:0
[10032871ms] [ERROR] Failed to load resource: net::ERR_CONNECTION_REFUSED @ http://localhost:1420/:0
[10033874ms] [ERROR] Failed to load resource: net::ERR_CONNECTION_REFUSED @ http://localhost:1420/:0
[10034877ms] [ERROR] Failed to load resource: net::ERR_CONNECTION_REFUSED @ http://localhost:1420/:0
[10035885ms] [ERROR] Failed to load resource: net::ERR_CONNECTION_REFUSED @ http://localhost:1420/:0
[10036889ms] [ERROR] Failed to load resource: net::ERR_CONNECTION_REFUSED @ http://localhost:1420/:0
[10037891ms] [ERROR] Failed to load resource: net::ERR_CONNECTION_REFUSED @ http://localhost:1420/:0
[10038894ms] [ERROR] Failed to load resource: net::ERR_CONNECTION_REFUSED @ http://localhost:1420/:0
[10039897ms] [ERROR] Failed to load resource: net::ERR_CONNECTION_REFUSED @ http://localhost:1420/:0
[10040901ms] [ERROR] Failed to load resource: net::ERR_CONNECTION_REFUSED @ http://localhost:1420/:0
[10041904ms] [ERROR] Failed to load resource: net::ERR_CONNECTION_REFUSED @ http://localhost:1420/:0
[10042910ms] [ERROR] Failed to load resource: net::ERR_CONNECTION_REFUSED @ http://localhost:1420/:0
[10043912ms] [ERROR] Failed to load resource: net::ERR_CONNECTION_REFUSED @ http://localhost:1420/:0
[10044915ms] [ERROR] Failed to load resource: net::ERR_CONNECTION_REFUSED @ http://localhost:1420/:0
[10045918ms] [ERROR] Failed to load resource: net::ERR_CONNECTION_REFUSED @ http://localhost:1420/:0
[10046922ms] [ERROR] Failed to load resource: net::ERR_CONNECTION_REFUSED @ http://localhost:1420/:0
[10047926ms] [ERROR] Failed to load resource: net::ERR_CONNECTION_REFUSED @ http://localhost:1420/:0
[10048929ms] [ERROR] Failed to load resource: net::ERR_CONNECTION_REFUSED @ http://localhost:1420/:0
[10049934ms] [ERROR] Failed to load resource: net::ERR_CONNECTION_REFUSED @ http://localhost:1420/:0
[10050937ms] [ERROR] Failed to load resource: net::ERR_CONNECTION_REFUSED @ http://localhost:1420/:0
[10051941ms] [ERROR] Failed to load resource: net::ERR_CONNECTION_REFUSED @ http://localhost:1420/:0
[10052944ms] [ERROR] Failed to load resource: net::ERR_CONNECTION_REFUSED @ http://localhost:1420/:0
[10053951ms] [ERROR] Failed to load resource: net::ERR_CONNECTION_REFUSED @ http://localhost:1420/:0
[10054954ms] [ERROR] Failed to load resource: net::ERR_CONNECTION_REFUSED @ http://localhost:1420/:0
[10055958ms] [ERROR] Failed to load resource: net::ERR_CONNECTION_REFUSED @ http://localhost:1420/:0
[10056962ms] [ERROR] Failed to load resource: net::ERR_CONNECTION_REFUSED @ http://localhost:1420/:0
[10057965ms] [ERROR] Failed to load resource: net::ERR_CONNECTION_REFUSED @ http://localhost:1420/:0
[10058968ms] [ERROR] Failed to load resource: net::ERR_CONNECTION_REFUSED @ http://localhost:1420/:0
[10059972ms] [ERROR] Failed to load resource: net::ERR_CONNECTION_REFUSED @ http://localhost:1420/:0
[10060975ms] [ERROR] Failed to load resource: net::ERR_CONNECTION_REFUSED @ http://localhost:1420/:0
[10061978ms] [ERROR] Failed to load resource: net::ERR_CONNECTION_REFUSED @ http://localhost:1420/:0
[10062982ms] [ERROR] Failed to load resource: net::ERR_CONNECTION_REFUSED @ http://localhost:1420/:0
[10064001ms] [ERROR] Failed to load resource: net::ERR_CONNECTION_REFUSED @ http://localhost:1420/:0
[10065003ms] [ERROR] Failed to load resource: net::ERR_CONNECTION_REFUSED @ http://localhost:1420/:0
[10066006ms] [ERROR] Failed to load resource: net::ERR_CONNECTION_REFUSED @ http://localhost:1420/:0
[10067009ms] [ERROR] Failed to load resource: net::ERR_CONNECTION_REFUSED @ http://localhost:1420/:0
[10068011ms] [ERROR] Failed to load resource: net::ERR_CONNECTION_REFUSED @ http://localhost:1420/:0
[10069015ms] [ERROR] Failed to load resource: net::ERR_CONNECTION_REFUSED @ http://localhost:1420/:0
[10070019ms] [ERROR] Failed to load resource: net::ERR_CONNECTION_REFUSED @ http://localhost:1420/:0
[10071021ms] [ERROR] Failed to load resource: net::ERR_CONNECTION_REFUSED @ http://localhost:1420/:0
[10072025ms] [ERROR] Failed to load resource: net::ERR_CONNECTION_REFUSED @ http://localhost:1420/:0
[10073029ms] [ERROR] Failed to load resource: net::ERR_CONNECTION_REFUSED @ http://localhost:1420/:0
[10074032ms] [ERROR] Failed to load resource: net::ERR_CONNECTION_REFUSED @ http://localhost:1420/:0
[10075035ms] [ERROR] Failed to load resource: net::ERR_CONNECTION_REFUSED @ http://localhost:1420/:0
[10076040ms] [ERROR] Failed to load resource: net::ERR_CONNECTION_REFUSED @ http://localhost:1420/:0
[10077043ms] [ERROR] Failed to load resource: net::ERR_CONNECTION_REFUSED @ http://localhost:1420/:0
[10078047ms] [ERROR] Failed to load resource: net::ERR_CONNECTION_REFUSED @ http://localhost:1420/:0
[10079050ms] [ERROR] Failed to load resource: net::ERR_CONNECTION_REFUSED @ http://localhost:1420/:0
[10080054ms] [ERROR] Failed to load resource: net::ERR_CONNECTION_REFUSED @ http://localhost:1420/:0
[10081057ms] [ERROR] Failed to load resource: net::ERR_CONNECTION_REFUSED @ http://localhost:1420/:0
[10082060ms] [ERROR] Failed to load resource: net::ERR_CONNECTION_REFUSED @ http://localhost:1420/:0
[10083063ms] [ERROR] Failed to load resource: net::ERR_CONNECTION_REFUSED @ http://localhost:1420/:0
[10084067ms] [ERROR] Failed to load resource: net::ERR_CONNECTION_REFUSED @ http://localhost:1420/:0
[10085069ms] [ERROR] Failed to load resource: net::ERR_CONNECTION_REFUSED @ http://localhost:1420/:0
[10086074ms] [ERROR] Failed to load resource: net::ERR_CONNECTION_REFUSED @ http://localhost:1420/:0
[10087076ms] [ERROR] Failed to load resource: net::ERR_CONNECTION_REFUSED @ http://localhost:1420/:0
[10088086ms] [ERROR] Failed to load resource: net::ERR_CONNECTION_REFUSED @ http://localhost:1420/:0
[10089090ms] [ERROR] Failed to load resource: net::ERR_CONNECTION_REFUSED @ http://localhost:1420/:0
[10090093ms] [ERROR] Failed to load resource: net::ERR_CONNECTION_REFUSED @ http://localhost:1420/:0
[10091095ms] [ERROR] Failed to load resource: net::ERR_CONNECTION_REFUSED @ http://localhost:1420/:0
[10092100ms] [ERROR] Failed to load resource: net::ERR_CONNECTION_REFUSED @ http://localhost:1420/:0
[10093103ms] [ERROR] Failed to load resource: net::ERR_CONNECTION_REFUSED @ http://localhost:1420/:0
[10094106ms] [ERROR] Failed to load resource: net::ERR_CONNECTION_REFUSED @ http://localhost:1420/:0
[10095109ms] [ERROR] Failed to load resource: net::ERR_CONNECTION_REFUSED @ http://localhost:1420/:0
[10096111ms] [ERROR] Failed to load resource: net::ERR_CONNECTION_REFUSED @ http://localhost:1420/:0
[10097115ms] [ERROR] Failed to load resource: net::ERR_CONNECTION_REFUSED @ http://localhost:1420/:0
[10098118ms] [ERROR] Failed to load resource: net::ERR_CONNECTION_REFUSED @ http://localhost:1420/:0
[10099121ms] [ERROR] Failed to load resource: net::ERR_CONNECTION_REFUSED @ http://localhost:1420/:0
[10100126ms] [ERROR] Failed to load resource: net::ERR_CONNECTION_REFUSED @ http://localhost:1420/:0
[10101129ms] [ERROR] Failed to load resource: net::ERR_CONNECTION_REFUSED @ http://localhost:1420/:0
[10102135ms] [ERROR] Failed to load resource: net::ERR_CONNECTION_REFUSED @ http://localhost:1420/:0
[10103138ms] [ERROR] Failed to load resource: net::ERR_CONNECTION_REFUSED @ http://localhost:1420/:0
[10104142ms] [ERROR] Failed to load resource: net::ERR_CONNECTION_REFUSED @ http://localhost:1420/:0
[10105144ms] [ERROR] Failed to load resource: net::ERR_CONNECTION_REFUSED @ http://localhost:1420/:0
[10106148ms] [ERROR] Failed to load resource: net::ERR_CONNECTION_REFUSED @ http://localhost:1420/:0
[10107151ms] [ERROR] Failed to load resource: net::ERR_CONNECTION_REFUSED @ http://localhost:1420/:0
[10108155ms] [ERROR] Failed to load resource: net::ERR_CONNECTION_REFUSED @ http://localhost:1420/:0
[10109160ms] [ERROR] Failed to load resource: net::ERR_CONNECTION_REFUSED @ http://localhost:1420/:0
[10110165ms] [ERROR] Failed to load resource: net::ERR_CONNECTION_REFUSED @ http://localhost:1420/:0
[10111167ms] [ERROR] Failed to load resource: net::ERR_CONNECTION_REFUSED @ http://localhost:1420/:0
[10112170ms] [ERROR] Failed to load resource: net::ERR_CONNECTION_REFUSED @ http://localhost:1420/:0
[10113173ms] [ERROR] Failed to load resource: net::ERR_CONNECTION_REFUSED @ http://localhost:1420/:0
[10114175ms] [ERROR] Failed to load resource: net::ERR_CONNECTION_REFUSED @ http://localhost:1420/:0
[10115177ms] [ERROR] Failed to load resource: net::ERR_CONNECTION_REFUSED @ http://localhost:1420/:0
[10116181ms] [ERROR] Failed to load resource: net::ERR_CONNECTION_REFUSED @ http://localhost:1420/:0
[10117197ms] [ERROR] Failed to load resource: net::ERR_CONNECTION_REFUSED @ http://localhost:1420/:0
[10118200ms] [ERROR] Failed to load resource: net::ERR_CONNECTION_REFUSED @ http://localhost:1420/:0
[10119203ms] [ERROR] Failed to load resource: net::ERR_CONNECTION_REFUSED @ http://localhost:1420/:0
[10120207ms] [ERROR] Failed to load resource: net::ERR_CONNECTION_REFUSED @ http://localhost:1420/:0
[10121209ms] [ERROR] Failed to load resource: net::ERR_CONNECTION_REFUSED @ http://localhost:1420/:0
[10122212ms] [ERROR] Failed to load resource: net::ERR_CONNECTION_REFUSED @ http://localhost:1420/:0
[10123215ms] [ERROR] Failed to load resource: net::ERR_CONNECTION_REFUSED @ http://localhost:1420/:0
[10124219ms] [ERROR] Failed to load resource: net::ERR_CONNECTION_REFUSED @ http://localhost:1420/:0
[10125221ms] [ERROR] Failed to load resource: net::ERR_CONNECTION_REFUSED @ http://localhost:1420/:0
[10126224ms] [ERROR] Failed to load resource: net::ERR_CONNECTION_REFUSED @ http://localhost:1420/:0
[10127227ms] [ERROR] Failed to load resource: net::ERR_CONNECTION_REFUSED @ http://localhost:1420/:0
[10128230ms] [ERROR] Failed to load resource: net::ERR_CONNECTION_REFUSED @ http://localhost:1420/:0
[10129234ms] [ERROR] Failed to load resource: net::ERR_CONNECTION_REFUSED @ http://localhost:1420/:0
[10130238ms] [ERROR] Failed to load resource: net::ERR_CONNECTION_REFUSED @ http://localhost:1420/:0
[10131241ms] [ERROR] Failed to load resource: net::ERR_CONNECTION_REFUSED @ http://localhost:1420/:0
[10132244ms] [ERROR] Failed to load resource: net::ERR_CONNECTION_REFUSED @ http://localhost:1420/:0
[10133248ms] [ERROR] Failed to load resource: net::ERR_CONNECTION_REFUSED @ http://localhost:1420/:0
[10134250ms] [ERROR] Failed to load resource: net::ERR_CONNECTION_REFUSED @ http://localhost:1420/:0
[10135252ms] [ERROR] Failed to load resource: net::ERR_CONNECTION_REFUSED @ http://localhost:1420/:0
[10136257ms] [ERROR] Failed to load resource: net::ERR_CONNECTION_REFUSED @ http://localhost:1420/:0
[10137259ms] [ERROR] Failed to load resource: net::ERR_CONNECTION_REFUSED @ http://localhost:1420/:0
[10138262ms] [ERROR] Failed to load resource: net::ERR_CONNECTION_REFUSED @ http://localhost:1420/:0
[10139267ms] [ERROR] Failed to load resource: net::ERR_CONNECTION_REFUSED @ http://localhost:1420/:0
[10140271ms] [ERROR] Failed to load resource: net::ERR_CONNECTION_REFUSED @ http://localhost:1420/:0
[10141275ms] [ERROR] Failed to load resource: net::ERR_CONNECTION_REFUSED @ http://localhost:1420/:0
[10142278ms] [ERROR] Failed to load resource: net::ERR_CONNECTION_REFUSED @ http://localhost:1420/:0
[10143282ms] [ERROR] Failed to load resource: net::ERR_CONNECTION_REFUSED @ http://localhost:1420/:0
[10144284ms] [ERROR] Failed to load resource: net::ERR_CONNECTION_REFUSED @ http://localhost:1420/:0
[10145287ms] [ERROR] Failed to load resource: net::ERR_CONNECTION_REFUSED @ http://localhost:1420/:0
[10146291ms] [ERROR] Failed to load resource: net::ERR_CONNECTION_REFUSED @ http://localhost:1420/:0
[10147294ms] [ERROR] Failed to load resource: net::ERR_CONNECTION_REFUSED @ http://localhost:1420/:0
[10148297ms] [ERROR] Failed to load resource: net::ERR_CONNECTION_REFUSED @ http://localhost:1420/:0
[10149300ms] [ERROR] Failed to load resource: net::ERR_CONNECTION_REFUSED @ http://localhost:1420/:0
[10150340ms] [ERROR] Failed to load resource: net::ERR_CONNECTION_REFUSED @ http://localhost:1420/:0
[10151342ms] [ERROR] Failed to load resource: net::ERR_CONNECTION_REFUSED @ http://localhost:1420/:0
[10152344ms] [ERROR] Failed to load resource: net::ERR_CONNECTION_REFUSED @ http://localhost:1420/:0
[10153349ms] [ERROR] Failed to load resource: net::ERR_CONNECTION_REFUSED @ http://localhost:1420/:0
[10154352ms] [ERROR] Failed to load resource: net::ERR_CONNECTION_REFUSED @ http://localhost:1420/:0
[10155355ms] [ERROR] Failed to load resource: net::ERR_CONNECTION_REFUSED @ http://localhost:1420/:0
[10156358ms] [ERROR] Failed to load resource: net::ERR_CONNECTION_REFUSED @ http://localhost:1420/:0
[10157361ms] [ERROR] Failed to load resource: net::ERR_CONNECTION_REFUSED @ http://localhost:1420/:0
[10158363ms] [ERROR] Failed to load resource: net::ERR_CONNECTION_REFUSED @ http://localhost:1420/:0
[10159368ms] [ERROR] Failed to load resource: net::ERR_CONNECTION_REFUSED @ http://localhost:1420/:0
[10160371ms] [ERROR] Failed to load resource: net::ERR_CONNECTION_REFUSED @ http://localhost:1420/:0
[10161378ms] [ERROR] Failed to load resource: net::ERR_CONNECTION_REFUSED @ http://localhost:1420/:0
[10162381ms] [ERROR] Failed to load resource: net::ERR_CONNECTION_REFUSED @ http://localhost:1420/:0
[10163384ms] [ERROR] Failed to load resource: net::ERR_CONNECTION_REFUSED @ http://localhost:1420/:0
[10164387ms] [ERROR] Failed to load resource: net::ERR_CONNECTION_REFUSED @ http://localhost:1420/:0
[10165391ms] [ERROR] Failed to load resource: net::ERR_CONNECTION_REFUSED @ http://localhost:1420/:0
[10166394ms] [ERROR] Failed to load resource: net::ERR_CONNECTION_REFUSED @ http://localhost:1420/:0
[10167397ms] [ERROR] Failed to load resource: net::ERR_CONNECTION_REFUSED @ http://localhost:1420/:0
[10168401ms] [ERROR] Failed to load resource: net::ERR_CONNECTION_REFUSED @ http://localhost:1420/:0
[10169404ms] [ERROR] Failed to load resource: net::ERR_CONNECTION_REFUSED @ http://localhost:1420/:0
[10170410ms] [ERROR] Failed to load resource: net::ERR_CONNECTION_REFUSED @ http://localhost:1420/:0
[10171414ms] [ERROR] Failed to load resource: net::ERR_CONNECTION_REFUSED @ http://localhost:1420/:0
[10172417ms] [ERROR] Failed to load resource: net::ERR_CONNECTION_REFUSED @ http://localhost:1420/:0
[10173422ms] [ERROR] Failed to load resource: net::ERR_CONNECTION_REFUSED @ http://localhost:1420/:0
[10174425ms] [ERROR] Failed to load resource: net::ERR_CONNECTION_REFUSED @ http://localhost:1420/:0
[10175428ms] [ERROR] Failed to load resource: net::ERR_CONNECTION_REFUSED @ http://localhost:1420/:0
[10176433ms] [ERROR] Failed to load resource: net::ERR_CONNECTION_REFUSED @ http://localhost:1420/:0
[10177436ms] [ERROR] Failed to load resource: net::ERR_CONNECTION_REFUSED @ http://localhost:1420/:0
[10178438ms] [ERROR] Failed to load resource: net::ERR_CONNECTION_REFUSED @ http://localhost:1420/:0
[10179441ms] [ERROR] Failed to load resource: net::ERR_CONNECTION_REFUSED @ http://localhost:1420/:0
[10180443ms] [ERROR] Failed to load resource: net::ERR_CONNECTION_REFUSED @ http://localhost:1420/:0
[10181448ms] [ERROR] Failed to load resource: net::ERR_CONNECTION_REFUSED @ http://localhost:1420/:0
[10182451ms] [ERROR] Failed to load resource: net::ERR_CONNECTION_REFUSED @ http://localhost:1420/:0
[10183454ms] [ERROR] Failed to load resource: net::ERR_CONNECTION_REFUSED @ http://localhost:1420/:0
[10184457ms] [ERROR] Failed to load resource: net::ERR_CONNECTION_REFUSED @ http://localhost:1420/:0
[10185460ms] [ERROR] Failed to load resource: net::ERR_CONNECTION_REFUSED @ http://localhost:1420/:0
[10186463ms] [ERROR] Failed to load resource: net::ERR_CONNECTION_REFUSED @ http://localhost:1420/:0
[10187467ms] [ERROR] Failed to load resource: net::ERR_CONNECTION_REFUSED @ http://localhost:1420/:0
[10188469ms] [ERROR] Failed to load resource: net::ERR_CONNECTION_REFUSED @ http://localhost:1420/:0
[10189472ms] [ERROR] Failed to load resource: net::ERR_CONNECTION_REFUSED @ http://localhost:1420/:0
[10190475ms] [ERROR] Failed to load resource: net::ERR_CONNECTION_REFUSED @ http://localhost:1420/:0
[10191479ms] [ERROR] Failed to load resource: net::ERR_CONNECTION_REFUSED @ http://localhost:1420/:0
[10192482ms] [ERROR] Failed to load resource: net::ERR_CONNECTION_REFUSED @ http://localhost:1420/:0
[10193484ms] [ERROR] Failed to load resource: net::ERR_CONNECTION_REFUSED @ http://localhost:1420/:0
[10194486ms] [ERROR] Failed to load resource: net::ERR_CONNECTION_REFUSED @ http://localhost:1420/:0
[10195496ms] [ERROR] Failed to load resource: net::ERR_CONNECTION_REFUSED @ http://localhost:1420/:0
[10196500ms] [ERROR] Failed to load resource: net::ERR_CONNECTION_REFUSED @ http://localhost:1420/:0
[10197503ms] [ERROR] Failed to load resource: net::ERR_CONNECTION_REFUSED @ http://localhost:1420/:0
[10198506ms] [ERROR] Failed to load resource: net::ERR_CONNECTION_REFUSED @ http://localhost:1420/:0
[10199509ms] [ERROR] Failed to load resource: net::ERR_CONNECTION_REFUSED @ http://localhost:1420/:0
[10200514ms] [ERROR] Failed to load resource: net::ERR_CONNECTION_REFUSED @ http://localhost:1420/:0
[10201517ms] [ERROR] Failed to load resource: net::ERR_CONNECTION_REFUSED @ http://localhost:1420/:0
[10202519ms] [ERROR] Failed to load resource: net::ERR_CONNECTION_REFUSED @ http://localhost:1420/:0
[10203528ms] [ERROR] Failed to load resource: net::ERR_CONNECTION_REFUSED @ http://localhost:1420/:0
[10204532ms] [ERROR] Failed to load resource: net::ERR_CONNECTION_REFUSED @ http://localhost:1420/:0
[10205535ms] [ERROR] Failed to load resource: net::ERR_CONNECTION_REFUSED @ http://localhost:1420/:0
[10206538ms] [ERROR] Failed to load resource: net::ERR_CONNECTION_REFUSED @ http://localhost:1420/:0
[10207541ms] [ERROR] Failed to load resource: net::ERR_CONNECTION_REFUSED @ http://localhost:1420/:0
[10208545ms] [ERROR] Failed to load resource: net::ERR_CONNECTION_REFUSED @ http://localhost:1420/:0
[10209550ms] [ERROR] Failed to load resource: net::ERR_CONNECTION_REFUSED @ http://localhost:1420/:0
[10210556ms] [ERROR] Failed to load resource: net::ERR_CONNECTION_REFUSED @ http://localhost:1420/:0
[10211560ms] [ERROR] Failed to load resource: net::ERR_CONNECTION_REFUSED @ http://localhost:1420/:0
[10212562ms] [ERROR] Failed to load resource: net::ERR_CONNECTION_REFUSED @ http://localhost:1420/:0
[10213575ms] [ERROR] Failed to load resource: net::ERR_CONNECTION_REFUSED @ http://localhost:1420/:0
[10214581ms] [ERROR] Failed to load resource: net::ERR_CONNECTION_REFUSED @ http://localhost:1420/:0
[10215584ms] [ERROR] Failed to load resource: net::ERR_CONNECTION_REFUSED @ http://localhost:1420/:0
[10216587ms] [ERROR] Failed to load resource: net::ERR_CONNECTION_REFUSED @ http://localhost:1420/:0
[10217589ms] [ERROR] Failed to load resource: net::ERR_CONNECTION_REFUSED @ http://localhost:1420/:0
[10218592ms] [ERROR] Failed to load resource: net::ERR_CONNECTION_REFUSED @ http://localhost:1420/:0
[10219596ms] [ERROR] Failed to load resource: net::ERR_CONNECTION_REFUSED @ http://localhost:1420/:0
[10220599ms] [ERROR] Failed to load resource: net::ERR_CONNECTION_REFUSED @ http://localhost:1420/:0
[10221601ms] [ERROR] Failed to load resource: net::ERR_CONNECTION_REFUSED @ http://localhost:1420/:0
[10222604ms] [ERROR] Failed to load resource: net::ERR_CONNECTION_REFUSED @ http://localhost:1420/:0
[10223607ms] [ERROR] Failed to load resource: net::ERR_CONNECTION_REFUSED @ http://localhost:1420/:0
[10224611ms] [ERROR] Failed to load resource: net::ERR_CONNECTION_REFUSED @ http://localhost:1420/:0
[10225614ms] [ERROR] Failed to load resource: net::ERR_CONNECTION_REFUSED @ http://localhost:1420/:0
[10226619ms] [ERROR] Failed to load resource: net::ERR_CONNECTION_REFUSED @ http://localhost:1420/:0
[10227621ms] [ERROR] Failed to load resource: net::ERR_CONNECTION_REFUSED @ http://localhost:1420/:0
[10228624ms] [ERROR] Failed to load resource: net::ERR_CONNECTION_REFUSED @ http://localhost:1420/:0
[10229631ms] [ERROR] Failed to load resource: net::ERR_CONNECTION_REFUSED @ http://localhost:1420/:0
[10230633ms] [ERROR] Failed to load resource: net::ERR_CONNECTION_REFUSED @ http://localhost:1420/:0
[10231636ms] [ERROR] Failed to load resource: net::ERR_CONNECTION_REFUSED @ http://localhost:1420/:0
[10232643ms] [ERROR] Failed to load resource: net::ERR_CONNECTION_REFUSED @ http://localhost:1420/:0
[10233646ms] [ERROR] Failed to load resource: net::ERR_CONNECTION_REFUSED @ http://localhost:1420/:0
[10234649ms] [ERROR] Failed to load resource: net::ERR_CONNECTION_REFUSED @ http://localhost:1420/:0
[10235651ms] [ERROR] Failed to load resource: net::ERR_CONNECTION_REFUSED @ http://localhost:1420/:0
[10236655ms] [ERROR] Failed to load resource: net::ERR_CONNECTION_REFUSED @ http://localhost:1420/:0
[10237659ms] [ERROR] Failed to load resource: net::ERR_CONNECTION_REFUSED @ http://localhost:1420/:0
[10238663ms] [ERROR] Failed to load resource: net::ERR_CONNECTION_REFUSED @ http://localhost:1420/:0
[10239670ms] [ERROR] Failed to load resource: net::ERR_CONNECTION_REFUSED @ http://localhost:1420/:0
[10240675ms] [ERROR] Failed to load resource: net::ERR_CONNECTION_REFUSED @ http://localhost:1420/:0
[10241678ms] [ERROR] Failed to load resource: net::ERR_CONNECTION_REFUSED @ http://localhost:1420/:0
[10242682ms] [ERROR] Failed to load resource: net::ERR_CONNECTION_REFUSED @ http://localhost:1420/:0
[10243684ms] [ERROR] Failed to load resource: net::ERR_CONNECTION_REFUSED @ http://localhost:1420/:0
[10244686ms] [ERROR] Failed to load resource: net::ERR_CONNECTION_REFUSED @ http://localhost:1420/:0
[10245689ms] [ERROR] Failed to load resource: net::ERR_CONNECTION_REFUSED @ http://localhost:1420/:0
[10246695ms] [ERROR] Failed to load resource: net::ERR_CONNECTION_REFUSED @ http://localhost:1420/:0
[10247699ms] [ERROR] Failed to load resource: net::ERR_CONNECTION_REFUSED @ http://localhost:1420/:0
[10248701ms] [ERROR] Failed to load resource: net::ERR_CONNECTION_REFUSED @ http://localhost:1420/:0
[10249708ms] [ERROR] Failed to load resource: net::ERR_CONNECTION_REFUSED @ http://localhost:1420/:0
[10250711ms] [ERROR] Failed to load resource: net::ERR_CONNECTION_REFUSED @ http://localhost:1420/:0
[10251714ms] [ERROR] Failed to load resource: net::ERR_CONNECTION_REFUSED @ http://localhost:1420/:0
[10252717ms] [ERROR] Failed to load resource: net::ERR_CONNECTION_REFUSED @ http://localhost:1420/:0
[10253720ms] [ERROR] Failed to load resource: net::ERR_CONNECTION_REFUSED @ http://localhost:1420/:0
[10254722ms] [ERROR] Failed to load resource: net::ERR_CONNECTION_REFUSED @ http://localhost:1420/:0
[10255725ms] [ERROR] Failed to load resource: net::ERR_CONNECTION_REFUSED @ http://localhost:1420/:0
[10256731ms] [ERROR] Failed to load resource: net::ERR_CONNECTION_REFUSED @ http://localhost:1420/:0
[10257733ms] [ERROR] Failed to load resource: net::ERR_CONNECTION_REFUSED @ http://localhost:1420/:0
[10258736ms] [ERROR] Failed to load resource: net::ERR_CONNECTION_REFUSED @ http://localhost:1420/:0
[10259743ms] [ERROR] Failed to load resource: net::ERR_CONNECTION_REFUSED @ http://localhost:1420/:0
[10260747ms] [ERROR] Failed to load resource: net::ERR_CONNECTION_REFUSED @ http://localhost:1420/:0
[10261750ms] [ERROR] Failed to load resource: net::ERR_CONNECTION_REFUSED @ http://localhost:1420/:0
[10262755ms] [ERROR] Failed to load resource: net::ERR_CONNECTION_REFUSED @ http://localhost:1420/:0
[10263757ms] [ERROR] Failed to load resource: net::ERR_CONNECTION_REFUSED @ http://localhost:1420/:0
[10264760ms] [ERROR] Failed to load resource: net::ERR_CONNECTION_REFUSED @ http://localhost:1420/:0
[10265762ms] [ERROR] Failed to load resource: net::ERR_CONNECTION_REFUSED @ http://localhost:1420/:0
[10266770ms] [ERROR] Failed to load resource: net::ERR_CONNECTION_REFUSED @ http://localhost:1420/:0
[10267773ms] [ERROR] Failed to load resource: net::ERR_CONNECTION_REFUSED @ http://localhost:1420/:0
[10268776ms] [ERROR] Failed to load resource: net::ERR_CONNECTION_REFUSED @ http://localhost:1420/:0
[10269780ms] [ERROR] Failed to load resource: net::ERR_CONNECTION_REFUSED @ http://localhost:1420/:0
[10270782ms] [ERROR] Failed to load resource: net::ERR_CONNECTION_REFUSED @ http://localhost:1420/:0
[10271784ms] [ERROR] Failed to load resource: net::ERR_CONNECTION_REFUSED @ http://localhost:1420/:0
[10272791ms] [ERROR] Failed to load resource: net::ERR_CONNECTION_REFUSED @ http://localhost:1420/:0
[10273793ms] [ERROR] Failed to load resource: net::ERR_CONNECTION_REFUSED @ http://localhost:1420/:0
[10274795ms] [ERROR] Failed to load resource: net::ERR_CONNECTION_REFUSED @ http://localhost:1420/:0
[10275800ms] [ERROR] Failed to load resource: net::ERR_CONNECTION_REFUSED @ http://localhost:1420/:0
[10276804ms] [ERROR] Failed to load resource: net::ERR_CONNECTION_REFUSED @ http://localhost:1420/:0
[10277807ms] [ERROR] Failed to load resource: net::ERR_CONNECTION_REFUSED @ http://localhost:1420/:0
[10278809ms] [ERROR] Failed to load resource: net::ERR_CONNECTION_REFUSED @ http://localhost:1420/:0
[10279812ms] [ERROR] Failed to load resource: net::ERR_CONNECTION_REFUSED @ http://localhost:1420/:0
[10280815ms] [ERROR] Failed to load resource: net::ERR_CONNECTION_REFUSED @ http://localhost:1420/:0
[10281818ms] [ERROR] Failed to load resource: net::ERR_CONNECTION_REFUSED @ http://localhost:1420/:0
[10282822ms] [ERROR] Failed to load resource: net::ERR_CONNECTION_REFUSED @ http://localhost:1420/:0
[10283825ms] [ERROR] Failed to load resource: net::ERR_CONNECTION_REFUSED @ http://localhost:1420/:0
[10284828ms] [ERROR] Failed to load resource: net::ERR_CONNECTION_REFUSED @ http://localhost:1420/:0
[10285831ms] [ERROR] Failed to load resource: net::ERR_CONNECTION_REFUSED @ http://localhost:1420/:0
[10286836ms] [ERROR] Failed to load resource: net::ERR_CONNECTION_REFUSED @ http://localhost:1420/:0
[10287839ms] [ERROR] Failed to load resource: net::ERR_CONNECTION_REFUSED @ http://localhost:1420/:0
[10288843ms] [ERROR] Failed to load resource: net::ERR_CONNECTION_REFUSED @ http://localhost:1420/:0
[10289847ms] [ERROR] Failed to load resource: net::ERR_CONNECTION_REFUSED @ http://localhost:1420/:0
[10290850ms] [ERROR] Failed to load resource: net::ERR_CONNECTION_REFUSED @ http://localhost:1420/:0
[10291852ms] [ERROR] Failed to load resource: net::ERR_CONNECTION_REFUSED @ http://localhost:1420/:0
[10292856ms] [ERROR] Failed to load resource: net::ERR_CONNECTION_REFUSED @ http://localhost:1420/:0
[10293858ms] [ERROR] Failed to load resource: net::ERR_CONNECTION_REFUSED @ http://localhost:1420/:0
[10294883ms] [ERROR] Failed to load resource: net::ERR_CONNECTION_REFUSED @ http://localhost:1420/:0
[10295887ms] [ERROR] Failed to load resource: net::ERR_CONNECTION_REFUSED @ http://localhost:1420/:0
[10296891ms] [ERROR] Failed to load resource: net::ERR_CONNECTION_REFUSED @ http://localhost:1420/:0
[10297894ms] [ERROR] Failed to load resource: net::ERR_CONNECTION_REFUSED @ http://localhost:1420/:0
[10298896ms] [ERROR] Failed to load resource: net::ERR_CONNECTION_REFUSED @ http://localhost:1420/:0
[10299901ms] [ERROR] Failed to load resource: net::ERR_CONNECTION_REFUSED @ http://localhost:1420/:0
[10300904ms] [ERROR] Failed to load resource: net::ERR_CONNECTION_REFUSED @ http://localhost:1420/:0
[10301907ms] [ERROR] Failed to load resource: net::ERR_CONNECTION_REFUSED @ http://localhost:1420/:0
[10302910ms] [ERROR] Failed to load resource: net::ERR_CONNECTION_REFUSED @ http://localhost:1420/:0
[10303913ms] [ERROR] Failed to load resource: net::ERR_CONNECTION_REFUSED @ http://localhost:1420/:0
[10304917ms] [ERROR] Failed to load resource: net::ERR_CONNECTION_REFUSED @ http://localhost:1420/:0
[10305919ms] [ERROR] Failed to load resource: net::ERR_CONNECTION_REFUSED @ http://localhost:1420/:0
[10306925ms] [ERROR] Failed to load resource: net::ERR_CONNECTION_REFUSED @ http://localhost:1420/:0
[10307927ms] [ERROR] Failed to load resource: net::ERR_CONNECTION_REFUSED @ http://localhost:1420/:0
[10308930ms] [ERROR] Failed to load resource: net::ERR_CONNECTION_REFUSED @ http://localhost:1420/:0
[10309937ms] [ERROR] Failed to load resource: net::ERR_CONNECTION_REFUSED @ http://localhost:1420/:0
[10310940ms] [ERROR] Failed to load resource: net::ERR_CONNECTION_REFUSED @ http://localhost:1420/:0
[10311942ms] [ERROR] Failed to load resource: net::ERR_CONNECTION_REFUSED @ http://localhost:1420/:0
[10312946ms] [ERROR] Failed to load resource: net::ERR_CONNECTION_REFUSED @ http://localhost:1420/:0
[10313948ms] [ERROR] Failed to load resource: net::ERR_CONNECTION_REFUSED @ http://localhost:1420/:0
[10314952ms] [ERROR] Failed to load resource: net::ERR_CONNECTION_REFUSED @ http://localhost:1420/:0
[10315957ms] [ERROR] Failed to load resource: net::ERR_CONNECTION_REFUSED @ http://localhost:1420/:0
[10316961ms] [ERROR] Failed to load resource: net::ERR_CONNECTION_REFUSED @ http://localhost:1420/:0
[10317963ms] [ERROR] Failed to load resource: net::ERR_CONNECTION_REFUSED @ http://localhost:1420/:0
[10318967ms] [ERROR] Failed to load resource: net::ERR_CONNECTION_REFUSED @ http://localhost:1420/:0
[10319970ms] [ERROR] Failed to load resource: net::ERR_CONNECTION_REFUSED @ http://localhost:1420/:0
[10320974ms] [ERROR] Failed to load resource: net::ERR_CONNECTION_REFUSED @ http://localhost:1420/:0
[10321976ms] [ERROR] Failed to load resource: net::ERR_CONNECTION_REFUSED @ http://localhost:1420/:0
[10322981ms] [ERROR] Failed to load resource: net::ERR_CONNECTION_REFUSED @ http://localhost:1420/:0
[10323984ms] [ERROR] Failed to load resource: net::ERR_CONNECTION_REFUSED @ http://localhost:1420/:0
[10324987ms] [ERROR] Failed to load resource: net::ERR_CONNECTION_REFUSED @ http://localhost:1420/:0
[10325992ms] [ERROR] Failed to load resource: net::ERR_CONNECTION_REFUSED @ http://localhost:1420/:0
[10326996ms] [ERROR] Failed to load resource: net::ERR_CONNECTION_REFUSED @ http://localhost:1420/:0
[10327999ms] [ERROR] Failed to load resource: net::ERR_CONNECTION_REFUSED @ http://localhost:1420/:0
[10329003ms] [ERROR] Failed to load resource: net::ERR_CONNECTION_REFUSED @ http://localhost:1420/:0
[10330008ms] [ERROR] Failed to load resource: net::ERR_CONNECTION_REFUSED @ http://localhost:1420/:0
[10331011ms] [ERROR] Failed to load resource: net::ERR_CONNECTION_REFUSED @ http://localhost:1420/:0
[10332014ms] [ERROR] Failed to load resource: net::ERR_CONNECTION_REFUSED @ http://localhost:1420/:0
[10333021ms] [ERROR] Failed to load resource: net::ERR_CONNECTION_REFUSED @ http://localhost:1420/:0
[10334028ms] [ERROR] Failed to load resource: net::ERR_CONNECTION_REFUSED @ http://localhost:1420/:0
[10335035ms] [ERROR] Failed to load resource: net::ERR_CONNECTION_REFUSED @ http://localhost:1420/:0
[10336071ms] [ERROR] Failed to load resource: net::ERR_CONNECTION_REFUSED @ http://localhost:1420/:0
[10337423ms] [ERROR] Failed to load resource: net::ERR_CONNECTION_REFUSED @ http://localhost:1420/:0
[10338490ms] [ERROR] Failed to load resource: net::ERR_CONNECTION_REFUSED @ http://localhost:1420/:0
[10339493ms] [ERROR] Failed to load resource: net::ERR_CONNECTION_REFUSED @ http://localhost:1420/:0
[10340497ms] [ERROR] Failed to load resource: net::ERR_CONNECTION_REFUSED @ http://localhost:1420/:0
[10341500ms] [ERROR] Failed to load resource: net::ERR_CONNECTION_REFUSED @ http://localhost:1420/:0
[10342523ms] [ERROR] Failed to load resource: net::ERR_CONNECTION_REFUSED @ http://localhost:1420/:0
[10343526ms] [ERROR] Failed to load resource: net::ERR_CONNECTION_REFUSED @ http://localhost:1420/:0
[10344530ms] [ERROR] Failed to load resource: net::ERR_CONNECTION_REFUSED @ http://localhost:1420/:0
[10345533ms] [ERROR] Failed to load resource: net::ERR_CONNECTION_REFUSED @ http://localhost:1420/:0
[10346538ms] [ERROR] Failed to load resource: net::ERR_CONNECTION_REFUSED @ http://localhost:1420/:0
[10347543ms] [ERROR] Failed to load resource: net::ERR_CONNECTION_REFUSED @ http://localhost:1420/:0
[10348546ms] [ERROR] Failed to load resource: net::ERR_CONNECTION_REFUSED @ http://localhost:1420/:0
[10349549ms] [ERROR] Failed to load resource: net::ERR_CONNECTION_REFUSED @ http://localhost:1420/:0
[10350554ms] [ERROR] Failed to load resource: net::ERR_CONNECTION_REFUSED @ http://localhost:1420/:0
[10351556ms] [ERROR] Failed to load resource: net::ERR_CONNECTION_REFUSED @ http://localhost:1420/:0
[10352560ms] [ERROR] Failed to load resource: net::ERR_CONNECTION_REFUSED @ http://localhost:1420/:0
[10353579ms] [ERROR] Failed to load resource: net::ERR_CONNECTION_REFUSED @ http://localhost:1420/:0
[10354582ms] [ERROR] Failed to load resource: net::ERR_CONNECTION_REFUSED @ http://localhost:1420/:0
[10355584ms] [ERROR] Failed to load resource: net::ERR_CONNECTION_REFUSED @ http://localhost:1420/:0
[10356588ms] [ERROR] Failed to load resource: net::ERR_CONNECTION_REFUSED @ http://localhost:1420/:0
[10357595ms] [ERROR] Failed to load resource: net::ERR_CONNECTION_REFUSED @ http://localhost:1420/:0
[10358598ms] [ERROR] Failed to load resource: net::ERR_CONNECTION_REFUSED @ http://localhost:1420/:0
[10359601ms] [ERROR] Failed to load resource: net::ERR_CONNECTION_REFUSED @ http://localhost:1420/:0
[10360606ms] [ERROR] Failed to load resource: net::ERR_CONNECTION_REFUSED @ http://localhost:1420/:0
[10361609ms] [ERROR] Failed to load resource: net::ERR_CONNECTION_REFUSED @ http://localhost:1420/:0
[10362616ms] [ERROR] Failed to load resource: net::ERR_CONNECTION_REFUSED @ http://localhost:1420/:0
[10363619ms] [ERROR] Failed to load resource: net::ERR_CONNECTION_REFUSED @ http://localhost:1420/:0
[10364621ms] [ERROR] Failed to load resource: net::ERR_CONNECTION_REFUSED @ http://localhost:1420/:0
[10365623ms] [ERROR] Failed to load resource: net::ERR_CONNECTION_REFUSED @ http://localhost:1420/:0
[10366628ms] [ERROR] Failed to load resource: net::ERR_CONNECTION_REFUSED @ http://localhost:1420/:0
[10367632ms] [ERROR] Failed to load resource: net::ERR_CONNECTION_REFUSED @ http://localhost:1420/:0
[10368636ms] [ERROR] Failed to load resource: net::ERR_CONNECTION_REFUSED @ http://localhost:1420/:0
[10369642ms] [ERROR] Failed to load resource: net::ERR_CONNECTION_REFUSED @ http://localhost:1420/:0
[10370649ms] [ERROR] Failed to load resource: net::ERR_CONNECTION_REFUSED @ http://localhost:1420/:0
[10371651ms] [ERROR] Failed to load resource: net::ERR_CONNECTION_REFUSED @ http://localhost:1420/:0
[10372654ms] [ERROR] Failed to load resource: net::ERR_CONNECTION_REFUSED @ http://localhost:1420/:0
[10373657ms] [ERROR] Failed to load resource: net::ERR_CONNECTION_REFUSED @ http://localhost:1420/:0
[10374659ms] [ERROR] Failed to load resource: net::ERR_CONNECTION_REFUSED @ http://localhost:1420/:0
[10375662ms] [ERROR] Failed to load resource: net::ERR_CONNECTION_REFUSED @ http://localhost:1420/:0
[10376668ms] [ERROR] Failed to load resource: net::ERR_CONNECTION_REFUSED @ http://localhost:1420/:0
[10377672ms] [ERROR] Failed to load resource: net::ERR_CONNECTION_REFUSED @ http://localhost:1420/:0
[10378675ms] [ERROR] Failed to load resource: net::ERR_CONNECTION_REFUSED @ http://localhost:1420/:0
[10379680ms] [ERROR] Failed to load resource: net::ERR_CONNECTION_REFUSED @ http://localhost:1420/:0
[10380684ms] [ERROR] Failed to load resource: net::ERR_CONNECTION_REFUSED @ http://localhost:1420/:0
[10381687ms] [ERROR] Failed to load resource: net::ERR_CONNECTION_REFUSED @ http://localhost:1420/:0
[10382692ms] [ERROR] Failed to load resource: net::ERR_CONNECTION_REFUSED @ http://localhost:1420/:0
[10383695ms] [ERROR] Failed to load resource: net::ERR_CONNECTION_REFUSED @ http://localhost:1420/:0
[10384698ms] [ERROR] Failed to load resource: net::ERR_CONNECTION_REFUSED @ http://localhost:1420/:0
[10385702ms] [ERROR] Failed to load resource: net::ERR_CONNECTION_REFUSED @ http://localhost:1420/:0
[10386708ms] [ERROR] Failed to load resource: net::ERR_CONNECTION_REFUSED @ http://localhost:1420/:0
[10387713ms] [ERROR] Failed to load resource: net::ERR_CONNECTION_REFUSED @ http://localhost:1420/:0
[10388715ms] [ERROR] Failed to load resource: net::ERR_CONNECTION_REFUSED @ http://localhost:1420/:0
[10389718ms] [ERROR] Failed to load resource: net::ERR_CONNECTION_REFUSED @ http://localhost:1420/:0
[10390721ms] [ERROR] Failed to load resource: net::ERR_CONNECTION_REFUSED @ http://localhost:1420/:0
[10391724ms] [ERROR] Failed to load resource: net::ERR_CONNECTION_REFUSED @ http://localhost:1420/:0
[10392729ms] [ERROR] Failed to load resource: net::ERR_CONNECTION_REFUSED @ http://localhost:1420/:0
[10393731ms] [ERROR] Failed to load resource: net::ERR_CONNECTION_REFUSED @ http://localhost:1420/:0
[10394734ms] [ERROR] Failed to load resource: net::ERR_CONNECTION_REFUSED @ http://localhost:1420/:0
[10395737ms] [ERROR] Failed to load resource: net::ERR_CONNECTION_REFUSED @ http://localhost:1420/:0
[10396741ms] [ERROR] Failed to load resource: net::ERR_CONNECTION_REFUSED @ http://localhost:1420/:0
[10397745ms] [ERROR] Failed to load resource: net::ERR_CONNECTION_REFUSED @ http://localhost:1420/:0
[10398747ms] [ERROR] Failed to load resource: net::ERR_CONNECTION_REFUSED @ http://localhost:1420/:0
[10399749ms] [ERROR] Failed to load resource: net::ERR_CONNECTION_REFUSED @ http://localhost:1420/:0
[10400752ms] [ERROR] Failed to load resource: net::ERR_CONNECTION_REFUSED @ http://localhost:1420/:0
[10401755ms] [ERROR] Failed to load resource: net::ERR_CONNECTION_REFUSED @ http://localhost:1420/:0
[10402761ms] [ERROR] Failed to load resource: net::ERR_CONNECTION_REFUSED @ http://localhost:1420/:0
[10403763ms] [ERROR] Failed to load resource: net::ERR_CONNECTION_REFUSED @ http://localhost:1420/:0
[10404766ms] [ERROR] Failed to load resource: net::ERR_CONNECTION_REFUSED @ http://localhost:1420/:0
[10405769ms] [ERROR] Failed to load resource: net::ERR_CONNECTION_REFUSED @ http://localhost:1420/:0
[10406773ms] [ERROR] Failed to load resource: net::ERR_CONNECTION_REFUSED @ http://localhost:1420/:0
[10407776ms] [ERROR] Failed to load resource: net::ERR_CONNECTION_REFUSED @ http://localhost:1420/:0
[10408779ms] [ERROR] Failed to load resource: net::ERR_CONNECTION_REFUSED @ http://localhost:1420/:0
[10409781ms] [ERROR] Failed to load resource: net::ERR_CONNECTION_REFUSED @ http://localhost:1420/:0
[10410784ms] [ERROR] Failed to load resource: net::ERR_CONNECTION_REFUSED @ http://localhost:1420/:0
[10411787ms] [ERROR] Failed to load resource: net::ERR_CONNECTION_REFUSED @ http://localhost:1420/:0
[10412791ms] [ERROR] Failed to load resource: net::ERR_CONNECTION_REFUSED @ http://localhost:1420/:0
[10413794ms] [ERROR] Failed to load resource: net::ERR_CONNECTION_REFUSED @ http://localhost:1420/:0
[10414796ms] [ERROR] Failed to load resource: net::ERR_CONNECTION_REFUSED @ http://localhost:1420/:0
[10415798ms] [ERROR] Failed to load resource: net::ERR_CONNECTION_REFUSED @ http://localhost:1420/:0
[10416805ms] [ERROR] Failed to load resource: net::ERR_CONNECTION_REFUSED @ http://localhost:1420/:0
[10417808ms] [ERROR] Failed to load resource: net::ERR_CONNECTION_REFUSED @ http://localhost:1420/:0
[10418811ms] [ERROR] Failed to load resource: net::ERR_CONNECTION_REFUSED @ http://localhost:1420/:0
[10419813ms] [ERROR] Failed to load resource: net::ERR_CONNECTION_REFUSED @ http://localhost:1420/:0
[10420824ms] [ERROR] Failed to load resource: net::ERR_CONNECTION_REFUSED @ http://localhost:1420/:0
[10421827ms] [ERROR] Failed to load resource: net::ERR_CONNECTION_REFUSED @ http://localhost:1420/:0
[10422833ms] [ERROR] Failed to load resource: net::ERR_CONNECTION_REFUSED @ http://localhost:1420/:0
[10423837ms] [ERROR] Failed to load resource: net::ERR_CONNECTION_REFUSED @ http://localhost:1420/:0
[10424838ms] [ERROR] Failed to load resource: net::ERR_CONNECTION_REFUSED @ http://localhost:1420/:0
[10425841ms] [ERROR] Failed to load resource: net::ERR_CONNECTION_REFUSED @ http://localhost:1420/:0
[10426846ms] [ERROR] Failed to load resource: net::ERR_CONNECTION_REFUSED @ http://localhost:1420/:0
[10427848ms] [ERROR] Failed to load resource: net::ERR_CONNECTION_REFUSED @ http://localhost:1420/:0
[10428851ms] [ERROR] Failed to load resource: net::ERR_CONNECTION_REFUSED @ http://localhost:1420/:0
[10429854ms] [ERROR] Failed to load resource: net::ERR_CONNECTION_REFUSED @ http://localhost:1420/:0
[10430856ms] [ERROR] Failed to load resource: net::ERR_CONNECTION_REFUSED @ http://localhost:1420/:0
[10431859ms] [ERROR] Failed to load resource: net::ERR_CONNECTION_REFUSED @ http://localhost:1420/:0
[10432866ms] [ERROR] Failed to load resource: net::ERR_CONNECTION_REFUSED @ http://localhost:1420/:0
[10433869ms] [ERROR] Failed to load resource: net::ERR_CONNECTION_REFUSED @ http://localhost:1420/:0
[10434871ms] [ERROR] Failed to load resource: net::ERR_CONNECTION_REFUSED @ http://localhost:1420/:0
[10435874ms] [ERROR] Failed to load resource: net::ERR_CONNECTION_REFUSED @ http://localhost:1420/:0
[10436879ms] [ERROR] Failed to load resource: net::ERR_CONNECTION_REFUSED @ http://localhost:1420/:0
[10437882ms] [ERROR] Failed to load resource: net::ERR_CONNECTION_REFUSED @ http://localhost:1420/:0
[10438884ms] [ERROR] Failed to load resource: net::ERR_CONNECTION_REFUSED @ http://localhost:1420/:0
[10439887ms] [ERROR] Failed to load resource: net::ERR_CONNECTION_REFUSED @ http://localhost:1420/:0
[10440889ms] [ERROR] Failed to load resource: net::ERR_CONNECTION_REFUSED @ http://localhost:1420/:0
[10441892ms] [ERROR] Failed to load resource: net::ERR_CONNECTION_REFUSED @ http://localhost:1420/:0
[10442902ms] [ERROR] Failed to load resource: net::ERR_CONNECTION_REFUSED @ http://localhost:1420/:0
[10443905ms] [ERROR] Failed to load resource: net::ERR_CONNECTION_REFUSED @ http://localhost:1420/:0
[10444907ms] [ERROR] Failed to load resource: net::ERR_CONNECTION_REFUSED @ http://localhost:1420/:0
[10445910ms] [ERROR] Failed to load resource: net::ERR_CONNECTION_REFUSED @ http://localhost:1420/:0
[10446913ms] [ERROR] Failed to load resource: net::ERR_CONNECTION_REFUSED @ http://localhost:1420/:0
[10447929ms] [ERROR] Failed to load resource: net::ERR_CONNECTION_REFUSED @ http://localhost:1420/:0
[10448930ms] [ERROR] Failed to load resource: net::ERR_CONNECTION_REFUSED @ http://localhost:1420/:0
[10449936ms] [ERROR] Failed to load resource: net::ERR_CONNECTION_REFUSED @ http://localhost:1420/:0
[10450938ms] [ERROR] Failed to load resource: net::ERR_CONNECTION_REFUSED @ http://localhost:1420/:0
[10451941ms] [ERROR] Failed to load resource: net::ERR_CONNECTION_REFUSED @ http://localhost:1420/:0
[10452946ms] [ERROR] Failed to load resource: net::ERR_CONNECTION_REFUSED @ http://localhost:1420/:0
[10453950ms] [ERROR] Failed to load resource: net::ERR_CONNECTION_REFUSED @ http://localhost:1420/:0
[10454952ms] [ERROR] Failed to load resource: net::ERR_CONNECTION_REFUSED @ http://localhost:1420/:0
[10455955ms] [ERROR] Failed to load resource: net::ERR_CONNECTION_REFUSED @ http://localhost:1420/:0
[10456959ms] [ERROR] Failed to load resource: net::ERR_CONNECTION_REFUSED @ http://localhost:1420/:0
[10457962ms] [ERROR] Failed to load resource: net::ERR_CONNECTION_REFUSED @ http://localhost:1420/:0
[10458965ms] [ERROR] Failed to load resource: net::ERR_CONNECTION_REFUSED @ http://localhost:1420/:0
[10459969ms] [ERROR] Failed to load resource: net::ERR_CONNECTION_REFUSED @ http://localhost:1420/:0
[10460972ms] [ERROR] Failed to load resource: net::ERR_CONNECTION_REFUSED @ http://localhost:1420/:0
[10461975ms] [ERROR] Failed to load resource: net::ERR_CONNECTION_REFUSED @ http://localhost:1420/:0
[10462979ms] [ERROR] Failed to load resource: net::ERR_CONNECTION_REFUSED @ http://localhost:1420/:0
[10463981ms] [ERROR] Failed to load resource: net::ERR_CONNECTION_REFUSED @ http://localhost:1420/:0
[10464983ms] [ERROR] Failed to load resource: net::ERR_CONNECTION_REFUSED @ http://localhost:1420/:0
[10465987ms] [ERROR] Failed to load resource: net::ERR_CONNECTION_REFUSED @ http://localhost:1420/:0
[10466991ms] [ERROR] Failed to load resource: net::ERR_CONNECTION_REFUSED @ http://localhost:1420/:0
[10467994ms] [ERROR] Failed to load resource: net::ERR_CONNECTION_REFUSED @ http://localhost:1420/:0
[10468996ms] [ERROR] Failed to load resource: net::ERR_CONNECTION_REFUSED @ http://localhost:1420/:0
[10469999ms] [ERROR] Failed to load resource: net::ERR_CONNECTION_REFUSED @ http://localhost:1420/:0
[10471002ms] [ERROR] Failed to load resource: net::ERR_CONNECTION_REFUSED @ http://localhost:1420/:0
[10472005ms] [ERROR] Failed to load resource: net::ERR_CONNECTION_REFUSED @ http://localhost:1420/:0
[10473008ms] [ERROR] Failed to load resource: net::ERR_CONNECTION_REFUSED @ http://localhost:1420/:0
[10474011ms] [ERROR] Failed to load resource: net::ERR_CONNECTION_REFUSED @ http://localhost:1420/:0
[10475013ms] [ERROR] Failed to load resource: net::ERR_CONNECTION_REFUSED @ http://localhost:1420/:0
[10476016ms] [ERROR] Failed to load resource: net::ERR_CONNECTION_REFUSED @ http://localhost:1420/:0
[10477021ms] [ERROR] Failed to load resource: net::ERR_CONNECTION_REFUSED @ http://localhost:1420/:0
[10478023ms] [ERROR] Failed to load resource: net::ERR_CONNECTION_REFUSED @ http://localhost:1420/:0
[10479026ms] [ERROR] Failed to load resource: net::ERR_CONNECTION_REFUSED @ http://localhost:1420/:0
[10480032ms] [ERROR] Failed to load resource: net::ERR_CONNECTION_REFUSED @ http://localhost:1420/:0
[10481034ms] [ERROR] Failed to load resource: net::ERR_CONNECTION_REFUSED @ http://localhost:1420/:0
[10482037ms] [ERROR] Failed to load resource: net::ERR_CONNECTION_REFUSED @ http://localhost:1420/:0
[10483042ms] [ERROR] Failed to load resource: net::ERR_CONNECTION_REFUSED @ http://localhost:1420/:0
[10484045ms] [ERROR] Failed to load resource: net::ERR_CONNECTION_REFUSED @ http://localhost:1420/:0
[10485047ms] [ERROR] Failed to load resource: net::ERR_CONNECTION_REFUSED @ http://localhost:1420/:0
[10486050ms] [ERROR] Failed to load resource: net::ERR_CONNECTION_REFUSED @ http://localhost:1420/:0
[10487055ms] [ERROR] Failed to load resource: net::ERR_CONNECTION_REFUSED @ http://localhost:1420/:0
[10488057ms] [ERROR] Failed to load resource: net::ERR_CONNECTION_REFUSED @ http://localhost:1420/:0
[10489060ms] [ERROR] Failed to load resource: net::ERR_CONNECTION_REFUSED @ http://localhost:1420/:0
[10490065ms] [ERROR] Failed to load resource: net::ERR_CONNECTION_REFUSED @ http://localhost:1420/:0
[10491068ms] [ERROR] Failed to load resource: net::ERR_CONNECTION_REFUSED @ http://localhost:1420/:0
[10492071ms] [ERROR] Failed to load resource: net::ERR_CONNECTION_REFUSED @ http://localhost:1420/:0
[10493075ms] [ERROR] Failed to load resource: net::ERR_CONNECTION_REFUSED @ http://localhost:1420/:0
[10494078ms] [ERROR] Failed to load resource: net::ERR_CONNECTION_REFUSED @ http://localhost:1420/:0
[10495080ms] [ERROR] Failed to load resource: net::ERR_CONNECTION_REFUSED @ http://localhost:1420/:0
[10496084ms] [ERROR] Failed to load resource: net::ERR_CONNECTION_REFUSED @ http://localhost:1420/:0
[10497089ms] [ERROR] Failed to load resource: net::ERR_CONNECTION_REFUSED @ http://localhost:1420/:0
[10498091ms] [ERROR] Failed to load resource: net::ERR_CONNECTION_REFUSED @ http://localhost:1420/:0
[10499094ms] [ERROR] Failed to load resource: net::ERR_CONNECTION_REFUSED @ http://localhost:1420/:0
[10500100ms] [ERROR] Failed to load resource: net::ERR_CONNECTION_REFUSED @ http://localhost:1420/:0
[10501104ms] [ERROR] Failed to load resource: net::ERR_CONNECTION_REFUSED @ http://localhost:1420/:0
[10502151ms] [ERROR] Failed to load resource: net::ERR_CONNECTION_REFUSED @ http://localhost:1420/:0
[10503154ms] [ERROR] Failed to load resource: net::ERR_CONNECTION_REFUSED @ http://localhost:1420/:0
[10504182ms] [ERROR] Failed to load resource: net::ERR_CONNECTION_REFUSED @ http://localhost:1420/:0
[10505185ms] [ERROR] Failed to load resource: net::ERR_CONNECTION_REFUSED @ http://localhost:1420/:0
[10506189ms] [ERROR] Failed to load resource: net::ERR_CONNECTION_REFUSED @ http://localhost:1420/:0
[10507199ms] [ERROR] Failed to load resource: net::ERR_CONNECTION_REFUSED @ http://localhost:1420/:0
[10508204ms] [ERROR] Failed to load resource: net::ERR_CONNECTION_REFUSED @ http://localhost:1420/:0
[10509215ms] [ERROR] Failed to load resource: net::ERR_CONNECTION_REFUSED @ http://localhost:1420/:0
[10510226ms] [ERROR] Failed to load resource: net::ERR_CONNECTION_REFUSED @ http://localhost:1420/:0
[10511229ms] [ERROR] Failed to load resource: net::ERR_CONNECTION_REFUSED @ http://localhost:1420/:0
[10512233ms] [ERROR] Failed to load resource: net::ERR_CONNECTION_REFUSED @ http://localhost:1420/:0
[10513237ms] [ERROR] Failed to load resource: net::ERR_CONNECTION_REFUSED @ http://localhost:1420/:0
[10514240ms] [ERROR] Failed to load resource: net::ERR_CONNECTION_REFUSED @ http://localhost:1420/:0
[10515243ms] [ERROR] Failed to load resource: net::ERR_CONNECTION_REFUSED @ http://localhost:1420/:0
[10516249ms] [ERROR] Failed to load resource: net::ERR_CONNECTION_REFUSED @ http://localhost:1420/:0
[10517253ms] [ERROR] Failed to load resource: net::ERR_CONNECTION_REFUSED @ http://localhost:1420/:0
[10518255ms] [ERROR] Failed to load resource: net::ERR_CONNECTION_REFUSED @ http://localhost:1420/:0
[10519259ms] [ERROR] Failed to load resource: net::ERR_CONNECTION_REFUSED @ http://localhost:1420/:0
[10520265ms] [ERROR] Failed to load resource: net::ERR_CONNECTION_REFUSED @ http://localhost:1420/:0
[10521267ms] [ERROR] Failed to load resource: net::ERR_CONNECTION_REFUSED @ http://localhost:1420/:0
[10522274ms] [ERROR] Failed to load resource: net::ERR_CONNECTION_REFUSED @ http://localhost:1420/:0
[10523280ms] [ERROR] Failed to load resource: net::ERR_CONNECTION_REFUSED @ http://localhost:1420/:0
[10524282ms] [ERROR] Failed to load resource: net::ERR_CONNECTION_REFUSED @ http://localhost:1420/:0
[10525284ms] [ERROR] Failed to load resource: net::ERR_CONNECTION_REFUSED @ http://localhost:1420/:0
[10526289ms] [ERROR] Failed to load resource: net::ERR_CONNECTION_REFUSED @ http://localhost:1420/:0
[10527292ms] [ERROR] Failed to load resource: net::ERR_CONNECTION_REFUSED @ http://localhost:1420/:0
[10528296ms] [ERROR] Failed to load resource: net::ERR_CONNECTION_REFUSED @ http://localhost:1420/:0
[10529301ms] [ERROR] Failed to load resource: net::ERR_CONNECTION_REFUSED @ http://localhost:1420/:0
[10530305ms] [ERROR] Failed to load resource: net::ERR_CONNECTION_REFUSED @ http://localhost:1420/:0
[10531308ms] [ERROR] Failed to load resource: net::ERR_CONNECTION_REFUSED @ http://localhost:1420/:0
[10532314ms] [ERROR] Failed to load resource: net::ERR_CONNECTION_REFUSED @ http://localhost:1420/:0
[10533321ms] [ERROR] Failed to load resource: net::ERR_CONNECTION_REFUSED @ http://localhost:1420/:0
[10534324ms] [ERROR] Failed to load resource: net::ERR_CONNECTION_REFUSED @ http://localhost:1420/:0
[10535328ms] [ERROR] Failed to load resource: net::ERR_CONNECTION_REFUSED @ http://localhost:1420/:0
[10536332ms] [ERROR] Failed to load resource: net::ERR_CONNECTION_REFUSED @ http://localhost:1420/:0
[10537335ms] [ERROR] Failed to load resource: net::ERR_CONNECTION_REFUSED @ http://localhost:1420/:0
[10538339ms] [ERROR] Failed to load resource: net::ERR_CONNECTION_REFUSED @ http://localhost:1420/:0
[10539343ms] [ERROR] Failed to load resource: net::ERR_CONNECTION_REFUSED @ http://localhost:1420/:0
[10540350ms] [ERROR] Failed to load resource: net::ERR_CONNECTION_REFUSED @ http://localhost:1420/:0
[10541353ms] [ERROR] Failed to load resource: net::ERR_CONNECTION_REFUSED @ http://localhost:1420/:0
[10542359ms] [ERROR] Failed to load resource: net::ERR_CONNECTION_REFUSED @ http://localhost:1420/:0
[10543366ms] [ERROR] Failed to load resource: net::ERR_CONNECTION_REFUSED @ http://localhost:1420/:0
[10544368ms] [ERROR] Failed to load resource: net::ERR_CONNECTION_REFUSED @ http://localhost:1420/:0
[10545371ms] [ERROR] Failed to load resource: net::ERR_CONNECTION_REFUSED @ http://localhost:1420/:0
[10546379ms] [ERROR] Failed to load resource: net::ERR_CONNECTION_REFUSED @ http://localhost:1420/:0
[10547383ms] [ERROR] Failed to load resource: net::ERR_CONNECTION_REFUSED @ http://localhost:1420/:0
[10548385ms] [ERROR] Failed to load resource: net::ERR_CONNECTION_REFUSED @ http://localhost:1420/:0
[10549389ms] [ERROR] Failed to load resource: net::ERR_CONNECTION_REFUSED @ http://localhost:1420/:0
[10550395ms] [ERROR] Failed to load resource: net::ERR_CONNECTION_REFUSED @ http://localhost:1420/:0
[10551398ms] [ERROR] Failed to load resource: net::ERR_CONNECTION_REFUSED @ http://localhost:1420/:0
[10552401ms] [ERROR] Failed to load resource: net::ERR_CONNECTION_REFUSED @ http://localhost:1420/:0
[10553405ms] [ERROR] Failed to load resource: net::ERR_CONNECTION_REFUSED @ http://localhost:1420/:0
[10554411ms] [ERROR] Failed to load resource: net::ERR_CONNECTION_REFUSED @ http://localhost:1420/:0
[10555414ms] [ERROR] Failed to load resource: net::ERR_CONNECTION_REFUSED @ http://localhost:1420/:0
[10556419ms] [ERROR] Failed to load resource: net::ERR_CONNECTION_REFUSED @ http://localhost:1420/:0
[10557424ms] [ERROR] Failed to load resource: net::ERR_CONNECTION_REFUSED @ http://localhost:1420/:0
[10558426ms] [ERROR] Failed to load resource: net::ERR_CONNECTION_REFUSED @ http://localhost:1420/:0
[10559432ms] [ERROR] Failed to load resource: net::ERR_CONNECTION_REFUSED @ http://localhost:1420/:0
[10560440ms] [ERROR] Failed to load resource: net::ERR_CONNECTION_REFUSED @ http://localhost:1420/:0
[10561442ms] [ERROR] Failed to load resource: net::ERR_CONNECTION_REFUSED @ http://localhost:1420/:0
[10562445ms] [ERROR] Failed to load resource: net::ERR_CONNECTION_REFUSED @ http://localhost:1420/:0
[10563447ms] [ERROR] Failed to load resource: net::ERR_CONNECTION_REFUSED @ http://localhost:1420/:0
[10564450ms] [ERROR] Failed to load resource: net::ERR_CONNECTION_REFUSED @ http://localhost:1420/:0
[10565452ms] [ERROR] Failed to load resource: net::ERR_CONNECTION_REFUSED @ http://localhost:1420/:0
[10566457ms] [ERROR] Failed to load resource: net::ERR_CONNECTION_REFUSED @ http://localhost:1420/:0
[10567460ms] [ERROR] Failed to load resource: net::ERR_CONNECTION_REFUSED @ http://localhost:1420/:0
[10568463ms] [ERROR] Failed to load resource: net::ERR_CONNECTION_REFUSED @ http://localhost:1420/:0
[10569467ms] [ERROR] Failed to load resource: net::ERR_CONNECTION_REFUSED @ http://localhost:1420/:0
[10570472ms] [ERROR] Failed to load resource: net::ERR_CONNECTION_REFUSED @ http://localhost:1420/:0
[10571475ms] [ERROR] Failed to load resource: net::ERR_CONNECTION_REFUSED @ http://localhost:1420/:0
[10572478ms] [ERROR] Failed to load resource: net::ERR_CONNECTION_REFUSED @ http://localhost:1420/:0
[10573481ms] [ERROR] Failed to load resource: net::ERR_CONNECTION_REFUSED @ http://localhost:1420/:0
[10574483ms] [ERROR] Failed to load resource: net::ERR_CONNECTION_REFUSED @ http://localhost:1420/:0
[10575485ms] [ERROR] Failed to load resource: net::ERR_CONNECTION_REFUSED @ http://localhost:1420/:0
[10576491ms] [ERROR] Failed to load resource: net::ERR_CONNECTION_REFUSED @ http://localhost:1420/:0
[10577495ms] [ERROR] Failed to load resource: net::ERR_CONNECTION_REFUSED @ http://localhost:1420/:0
[10578497ms] [ERROR] Failed to load resource: net::ERR_CONNECTION_REFUSED @ http://localhost:1420/:0
[10579501ms] [ERROR] Failed to load resource: net::ERR_CONNECTION_REFUSED @ http://localhost:1420/:0
[10580505ms] [ERROR] Failed to load resource: net::ERR_CONNECTION_REFUSED @ http://localhost:1420/:0
[10581508ms] [ERROR] Failed to load resource: net::ERR_CONNECTION_REFUSED @ http://localhost:1420/:0
[10582511ms] [ERROR] Failed to load resource: net::ERR_CONNECTION_REFUSED @ http://localhost:1420/:0
[10583514ms] [ERROR] Failed to load resource: net::ERR_CONNECTION_REFUSED @ http://localhost:1420/:0
[10584517ms] [ERROR] Failed to load resource: net::ERR_CONNECTION_REFUSED @ http://localhost:1420/:0
[10585519ms] [ERROR] Failed to load resource: net::ERR_CONNECTION_REFUSED @ http://localhost:1420/:0
[10586524ms] [ERROR] Failed to load resource: net::ERR_CONNECTION_REFUSED @ http://localhost:1420/:0
[10587527ms] [ERROR] Failed to load resource: net::ERR_CONNECTION_REFUSED @ http://localhost:1420/:0
[10588529ms] [ERROR] Failed to load resource: net::ERR_CONNECTION_REFUSED @ http://localhost:1420/:0
[10589535ms] [ERROR] Failed to load resource: net::ERR_CONNECTION_REFUSED @ http://localhost:1420/:0
[10590540ms] [ERROR] Failed to load resource: net::ERR_CONNECTION_REFUSED @ http://localhost:1420/:0
[10591543ms] [ERROR] Failed to load resource: net::ERR_CONNECTION_REFUSED @ http://localhost:1420/:0
[10592547ms] [ERROR] Failed to load resource: net::ERR_CONNECTION_REFUSED @ http://localhost:1420/:0
[10593551ms] [ERROR] Failed to load resource: net::ERR_CONNECTION_REFUSED @ http://localhost:1420/:0
[10594553ms] [ERROR] Failed to load resource: net::ERR_CONNECTION_REFUSED @ http://localhost:1420/:0
[10595556ms] [ERROR] Failed to load resource: net::ERR_CONNECTION_REFUSED @ http://localhost:1420/:0
[10596561ms] [ERROR] Failed to load resource: net::ERR_CONNECTION_REFUSED @ http://localhost:1420/:0
[10597568ms] [ERROR] Failed to load resource: net::ERR_CONNECTION_REFUSED @ http://localhost:1420/:0
[10598572ms] [ERROR] Failed to load resource: net::ERR_CONNECTION_REFUSED @ http://localhost:1420/:0
[10599578ms] [ERROR] Failed to load resource: net::ERR_CONNECTION_REFUSED @ http://localhost:1420/:0
[10600584ms] [ERROR] Failed to load resource: net::ERR_CONNECTION_REFUSED @ http://localhost:1420/:0
[10601586ms] [ERROR] Failed to load resource: net::ERR_CONNECTION_REFUSED @ http://localhost:1420/:0
[10602591ms] [ERROR] Failed to load resource: net::ERR_CONNECTION_REFUSED @ http://localhost:1420/:0
[10603599ms] [ERROR] Failed to load resource: net::ERR_CONNECTION_REFUSED @ http://localhost:1420/:0
[10604609ms] [ERROR] Failed to load resource: net::ERR_CONNECTION_REFUSED @ http://localhost:1420/:0
[10605611ms] [ERROR] Failed to load resource: net::ERR_CONNECTION_REFUSED @ http://localhost:1420/:0
[10606620ms] [ERROR] Failed to load resource: net::ERR_CONNECTION_REFUSED @ http://localhost:1420/:0
[10607626ms] [ERROR] Failed to load resource: net::ERR_CONNECTION_REFUSED @ http://localhost:1420/:0
[10608629ms] [ERROR] Failed to load resource: net::ERR_CONNECTION_REFUSED @ http://localhost:1420/:0
[10609632ms] [ERROR] Failed to load resource: net::ERR_CONNECTION_REFUSED @ http://localhost:1420/:0
[10610637ms] [ERROR] Failed to load resource: net::ERR_CONNECTION_REFUSED @ http://localhost:1420/:0
[10611642ms] [ERROR] Failed to load resource: net::ERR_CONNECTION_REFUSED @ http://localhost:1420/:0
[10612644ms] [ERROR] Failed to load resource: net::ERR_CONNECTION_REFUSED @ http://localhost:1420/:0
[10613646ms] [ERROR] Failed to load resource: net::ERR_CONNECTION_REFUSED @ http://localhost:1420/:0
[10614648ms] [ERROR] Failed to load resource: net::ERR_CONNECTION_REFUSED @ http://localhost:1420/:0
[10615650ms] [ERROR] Failed to load resource: net::ERR_CONNECTION_REFUSED @ http://localhost:1420/:0
[10616655ms] [ERROR] Failed to load resource: net::ERR_CONNECTION_REFUSED @ http://localhost:1420/:0
[10617660ms] [ERROR] Failed to load resource: net::ERR_CONNECTION_REFUSED @ http://localhost:1420/:0
[10618663ms] [ERROR] Failed to load resource: net::ERR_CONNECTION_REFUSED @ http://localhost:1420/:0
[10619671ms] [ERROR] Failed to load resource: net::ERR_CONNECTION_REFUSED @ http://localhost:1420/:0
[10620682ms] [ERROR] Failed to load resource: net::ERR_CONNECTION_REFUSED @ http://localhost:1420/:0
[10621684ms] [ERROR] Failed to load resource: net::ERR_CONNECTION_REFUSED @ http://localhost:1420/:0
[10622692ms] [ERROR] Failed to load resource: net::ERR_CONNECTION_REFUSED @ http://localhost:1420/:0
[10623695ms] [ERROR] Failed to load resource: net::ERR_CONNECTION_REFUSED @ http://localhost:1420/:0
[10624697ms] [ERROR] Failed to load resource: net::ERR_CONNECTION_REFUSED @ http://localhost:1420/:0
[10625701ms] [ERROR] Failed to load resource: net::ERR_CONNECTION_REFUSED @ http://localhost:1420/:0
[10626705ms] [ERROR] Failed to load resource: net::ERR_CONNECTION_REFUSED @ http://localhost:1420/:0
[10627709ms] [ERROR] Failed to load resource: net::ERR_CONNECTION_REFUSED @ http://localhost:1420/:0
[10628713ms] [ERROR] Failed to load resource: net::ERR_CONNECTION_REFUSED @ http://localhost:1420/:0
[10629716ms] [ERROR] Failed to load resource: net::ERR_CONNECTION_REFUSED @ http://localhost:1420/:0
[10630723ms] [ERROR] Failed to load resource: net::ERR_CONNECTION_REFUSED @ http://localhost:1420/:0
[10631728ms] [ERROR] Failed to load resource: net::ERR_CONNECTION_REFUSED @ http://localhost:1420/:0
[10632734ms] [ERROR] Failed to load resource: net::ERR_CONNECTION_REFUSED @ http://localhost:1420/:0
[10633737ms] [ERROR] Failed to load resource: net::ERR_CONNECTION_REFUSED @ http://localhost:1420/:0
[10634740ms] [ERROR] Failed to load resource: net::ERR_CONNECTION_REFUSED @ http://localhost:1420/:0
[10635743ms] [ERROR] Failed to load resource: net::ERR_CONNECTION_REFUSED @ http://localhost:1420/:0
[10636749ms] [ERROR] Failed to load resource: net::ERR_CONNECTION_REFUSED @ http://localhost:1420/:0
[10637754ms] [ERROR] Failed to load resource: net::ERR_CONNECTION_REFUSED @ http://localhost:1420/:0
[10638756ms] [ERROR] Failed to load resource: net::ERR_CONNECTION_REFUSED @ http://localhost:1420/:0
[10639760ms] [ERROR] Failed to load resource: net::ERR_CONNECTION_REFUSED @ http://localhost:1420/:0
[10640772ms] [ERROR] Failed to load resource: net::ERR_CONNECTION_REFUSED @ http://localhost:1420/:0
[10641776ms] [ERROR] Failed to load resource: net::ERR_CONNECTION_REFUSED @ http://localhost:1420/:0
[10642782ms] [ERROR] Failed to load resource: net::ERR_CONNECTION_REFUSED @ http://localhost:1420/:0
[10643785ms] [ERROR] Failed to load resource: net::ERR_CONNECTION_REFUSED @ http://localhost:1420/:0
[10644788ms] [ERROR] Failed to load resource: net::ERR_CONNECTION_REFUSED @ http://localhost:1420/:0
[10645790ms] [ERROR] Failed to load resource: net::ERR_CONNECTION_REFUSED @ http://localhost:1420/:0
[10646794ms] [ERROR] Failed to load resource: net::ERR_CONNECTION_REFUSED @ http://localhost:1420/:0
[10647797ms] [ERROR] Failed to load resource: net::ERR_CONNECTION_REFUSED @ http://localhost:1420/:0
[10648800ms] [ERROR] Failed to load resource: net::ERR_CONNECTION_REFUSED @ http://localhost:1420/:0
[10649803ms] [ERROR] Failed to load resource: net::ERR_CONNECTION_REFUSED @ http://localhost:1420/:0
[10650808ms] [ERROR] Failed to load resource: net::ERR_CONNECTION_REFUSED @ http://localhost:1420/:0
[10651811ms] [ERROR] Failed to load resource: net::ERR_CONNECTION_REFUSED @ http://localhost:1420/:0
[10652816ms] [ERROR] Failed to load resource: net::ERR_CONNECTION_REFUSED @ http://localhost:1420/:0
[10653819ms] [ERROR] Failed to load resource: net::ERR_CONNECTION_REFUSED @ http://localhost:1420/:0
[10654823ms] [ERROR] Failed to load resource: net::ERR_CONNECTION_REFUSED @ http://localhost:1420/:0
[10655827ms] [ERROR] Failed to load resource: net::ERR_CONNECTION_REFUSED @ http://localhost:1420/:0
[10656831ms] [ERROR] Failed to load resource: net::ERR_CONNECTION_REFUSED @ http://localhost:1420/:0
[10657836ms] [ERROR] Failed to load resource: net::ERR_CONNECTION_REFUSED @ http://localhost:1420/:0
[10658839ms] [ERROR] Failed to load resource: net::ERR_CONNECTION_REFUSED @ http://localhost:1420/:0
[10659841ms] [ERROR] Failed to load resource: net::ERR_CONNECTION_REFUSED @ http://localhost:1420/:0
[10660845ms] [ERROR] Failed to load resource: net::ERR_CONNECTION_REFUSED @ http://localhost:1420/:0
[10661847ms] [ERROR] Failed to load resource: net::ERR_CONNECTION_REFUSED @ http://localhost:1420/:0
[10662853ms] [ERROR] Failed to load resource: net::ERR_CONNECTION_REFUSED @ http://localhost:1420/:0
[10663858ms] [ERROR] Failed to load resource: net::ERR_CONNECTION_REFUSED @ http://localhost:1420/:0
[10664861ms] [ERROR] Failed to load resource: net::ERR_CONNECTION_REFUSED @ http://localhost:1420/:0
[10665863ms] [ERROR] Failed to load resource: net::ERR_CONNECTION_REFUSED @ http://localhost:1420/:0
[10666866ms] [ERROR] Failed to load resource: net::ERR_CONNECTION_REFUSED @ http://localhost:1420/:0
[10667870ms] [ERROR] Failed to load resource: net::ERR_CONNECTION_REFUSED @ http://localhost:1420/:0
[10668872ms] [ERROR] Failed to load resource: net::ERR_CONNECTION_REFUSED @ http://localhost:1420/:0
[10669877ms] [ERROR] Failed to load resource: net::ERR_CONNECTION_REFUSED @ http://localhost:1420/:0
[10670880ms] [ERROR] Failed to load resource: net::ERR_CONNECTION_REFUSED @ http://localhost:1420/:0
[10671885ms] [ERROR] Failed to load resource: net::ERR_CONNECTION_REFUSED @ http://localhost:1420/:0
[10672889ms] [ERROR] Failed to load resource: net::ERR_CONNECTION_REFUSED @ http://localhost:1420/:0
[10673892ms] [ERROR] Failed to load resource: net::ERR_CONNECTION_REFUSED @ http://localhost:1420/:0
[10674895ms] [ERROR] Failed to load resource: net::ERR_CONNECTION_REFUSED @ http://localhost:1420/:0
[10675897ms] [ERROR] Failed to load resource: net::ERR_CONNECTION_REFUSED @ http://localhost:1420/:0
[10676900ms] [ERROR] Failed to load resource: net::ERR_CONNECTION_REFUSED @ http://localhost:1420/:0
[10677902ms] [ERROR] Failed to load resource: net::ERR_CONNECTION_REFUSED @ http://localhost:1420/:0
[10678905ms] [ERROR] Failed to load resource: net::ERR_CONNECTION_REFUSED @ http://localhost:1420/:0
[10679907ms] [ERROR] Failed to load resource: net::ERR_CONNECTION_REFUSED @ http://localhost:1420/:0
[10680909ms] [ERROR] Failed to load resource: net::ERR_CONNECTION_REFUSED @ http://localhost:1420/:0
[10681912ms] [ERROR] Failed to load resource: net::ERR_CONNECTION_REFUSED @ http://localhost:1420/:0
[10682914ms] [ERROR] Failed to load resource: net::ERR_CONNECTION_REFUSED @ http://localhost:1420/:0
[10683917ms] [ERROR] Failed to load resource: net::ERR_CONNECTION_REFUSED @ http://localhost:1420/:0
[10684919ms] [ERROR] Failed to load resource: net::ERR_CONNECTION_REFUSED @ http://localhost:1420/:0
[10685923ms] [ERROR] Failed to load resource: net::ERR_CONNECTION_REFUSED @ http://localhost:1420/:0
[10686926ms] [ERROR] Failed to load resource: net::ERR_CONNECTION_REFUSED @ http://localhost:1420/:0
[10687928ms] [ERROR] Failed to load resource: net::ERR_CONNECTION_REFUSED @ http://localhost:1420/:0
[10688931ms] [ERROR] Failed to load resource: net::ERR_CONNECTION_REFUSED @ http://localhost:1420/:0
[10689938ms] [ERROR] Failed to load resource: net::ERR_CONNECTION_REFUSED @ http://localhost:1420/:0
[10690940ms] [ERROR] Failed to load resource: net::ERR_CONNECTION_REFUSED @ http://localhost:1420/:0
[10691943ms] [ERROR] Failed to load resource: net::ERR_CONNECTION_REFUSED @ http://localhost:1420/:0
[10692948ms] [ERROR] Failed to load resource: net::ERR_CONNECTION_REFUSED @ http://localhost:1420/:0
[10693951ms] [ERROR] Failed to load resource: net::ERR_CONNECTION_REFUSED @ http://localhost:1420/:0
[10694954ms] [ERROR] Failed to load resource: net::ERR_CONNECTION_REFUSED @ http://localhost:1420/:0
[10695956ms] [ERROR] Failed to load resource: net::ERR_CONNECTION_REFUSED @ http://localhost:1420/:0
[10696960ms] [ERROR] Failed to load resource: net::ERR_CONNECTION_REFUSED @ http://localhost:1420/:0
[10697963ms] [ERROR] Failed to load resource: net::ERR_CONNECTION_REFUSED @ http://localhost:1420/:0
[10698966ms] [ERROR] Failed to load resource: net::ERR_CONNECTION_REFUSED @ http://localhost:1420/:0
[10699972ms] [ERROR] Failed to load resource: net::ERR_CONNECTION_REFUSED @ http://localhost:1420/:0
[10700980ms] [ERROR] Failed to load resource: net::ERR_CONNECTION_REFUSED @ http://localhost:1420/:0
[10701982ms] [ERROR] Failed to load resource: net::ERR_CONNECTION_REFUSED @ http://localhost:1420/:0
[10702989ms] [ERROR] Failed to load resource: net::ERR_CONNECTION_REFUSED @ http://localhost:1420/:0
[10703992ms] [ERROR] Failed to load resource: net::ERR_CONNECTION_REFUSED @ http://localhost:1420/:0
[10704995ms] [ERROR] Failed to load resource: net::ERR_CONNECTION_REFUSED @ http://localhost:1420/:0
[10705998ms] [ERROR] Failed to load resource: net::ERR_CONNECTION_REFUSED @ http://localhost:1420/:0
[10707002ms] [ERROR] Failed to load resource: net::ERR_CONNECTION_REFUSED @ http://localhost:1420/:0
[10708005ms] [ERROR] Failed to load resource: net::ERR_CONNECTION_REFUSED @ http://localhost:1420/:0
[10709008ms] [ERROR] Failed to load resource: net::ERR_CONNECTION_REFUSED @ http://localhost:1420/:0
[10710013ms] [ERROR] Failed to load resource: net::ERR_CONNECTION_REFUSED @ http://localhost:1420/:0
[10711018ms] [ERROR] Failed to load resource: net::ERR_CONNECTION_REFUSED @ http://localhost:1420/:0
[10712021ms] [ERROR] Failed to load resource: net::ERR_CONNECTION_REFUSED @ http://localhost:1420/:0
[10713028ms] [ERROR] Failed to load resource: net::ERR_CONNECTION_REFUSED @ http://localhost:1420/:0
[10714031ms] [ERROR] Failed to load resource: net::ERR_CONNECTION_REFUSED @ http://localhost:1420/:0
[10715036ms] [ERROR] Failed to load resource: net::ERR_CONNECTION_REFUSED @ http://localhost:1420/:0
[10716038ms] [ERROR] Failed to load resource: net::ERR_CONNECTION_REFUSED @ http://localhost:1420/:0
[10717042ms] [ERROR] Failed to load resource: net::ERR_CONNECTION_REFUSED @ http://localhost:1420/:0
[10718044ms] [ERROR] Failed to load resource: net::ERR_CONNECTION_REFUSED @ http://localhost:1420/:0
[10719047ms] [ERROR] Failed to load resource: net::ERR_CONNECTION_REFUSED @ http://localhost:1420/:0
[10720052ms] [ERROR] Failed to load resource: net::ERR_CONNECTION_REFUSED @ http://localhost:1420/:0
[10721055ms] [ERROR] Failed to load resource: net::ERR_CONNECTION_REFUSED @ http://localhost:1420/:0
[10722059ms] [ERROR] Failed to load resource: net::ERR_CONNECTION_REFUSED @ http://localhost:1420/:0
[10723063ms] [ERROR] Failed to load resource: net::ERR_CONNECTION_REFUSED @ http://localhost:1420/:0
[10724066ms] [ERROR] Failed to load resource: net::ERR_CONNECTION_REFUSED @ http://localhost:1420/:0
[10725068ms] [ERROR] Failed to load resource: net::ERR_CONNECTION_REFUSED @ http://localhost:1420/:0
[10726072ms] [ERROR] Failed to load resource: net::ERR_CONNECTION_REFUSED @ http://localhost:1420/:0
[10727079ms] [ERROR] Failed to load resource: net::ERR_CONNECTION_REFUSED @ http://localhost:1420/:0
[10728082ms] [ERROR] Failed to load resource: net::ERR_CONNECTION_REFUSED @ http://localhost:1420/:0
[10729084ms] [ERROR] Failed to load resource: net::ERR_CONNECTION_REFUSED @ http://localhost:1420/:0
[10730089ms] [ERROR] Failed to load resource: net::ERR_CONNECTION_REFUSED @ http://localhost:1420/:0
[10731092ms] [ERROR] Failed to load resource: net::ERR_CONNECTION_REFUSED @ http://localhost:1420/:0
[10732093ms] [ERROR] Failed to load resource: net::ERR_CONNECTION_REFUSED @ http://localhost:1420/:0
[10733108ms] [ERROR] Failed to load resource: net::ERR_CONNECTION_REFUSED @ http://localhost:1420/:0
[10734112ms] [ERROR] Failed to load resource: net::ERR_CONNECTION_REFUSED @ http://localhost:1420/:0
[10735116ms] [ERROR] Failed to load resource: net::ERR_CONNECTION_REFUSED @ http://localhost:1420/:0
[10736119ms] [ERROR] Failed to load resource: net::ERR_CONNECTION_REFUSED @ http://localhost:1420/:0
[10737123ms] [ERROR] Failed to load resource: net::ERR_CONNECTION_REFUSED @ http://localhost:1420/:0
[10738126ms] [ERROR] Failed to load resource: net::ERR_CONNECTION_REFUSED @ http://localhost:1420/:0
[10739130ms] [ERROR] Failed to load resource: net::ERR_CONNECTION_REFUSED @ http://localhost:1420/:0
[10740135ms] [ERROR] Failed to load resource: net::ERR_CONNECTION_REFUSED @ http://localhost:1420/:0
[10741138ms] [ERROR] Failed to load resource: net::ERR_CONNECTION_REFUSED @ http://localhost:1420/:0
[10742140ms] [ERROR] Failed to load resource: net::ERR_CONNECTION_REFUSED @ http://localhost:1420/:0
[10743144ms] [ERROR] Failed to load resource: net::ERR_CONNECTION_REFUSED @ http://localhost:1420/:0
[10744147ms] [ERROR] Failed to load resource: net::ERR_CONNECTION_REFUSED @ http://localhost:1420/:0
[10745149ms] [ERROR] Failed to load resource: net::ERR_CONNECTION_REFUSED @ http://localhost:1420/:0
[10746152ms] [ERROR] Failed to load resource: net::ERR_CONNECTION_REFUSED @ http://localhost:1420/:0
[10747155ms] [ERROR] Failed to load resource: net::ERR_CONNECTION_REFUSED @ http://localhost:1420/:0
[10748157ms] [ERROR] Failed to load resource: net::ERR_CONNECTION_REFUSED @ http://localhost:1420/:0
[10749160ms] [ERROR] Failed to load resource: net::ERR_CONNECTION_REFUSED @ http://localhost:1420/:0
[10750164ms] [ERROR] Failed to load resource: net::ERR_CONNECTION_REFUSED @ http://localhost:1420/:0
[10751167ms] [ERROR] Failed to load resource: net::ERR_CONNECTION_REFUSED @ http://localhost:1420/:0
[10752170ms] [ERROR] Failed to load resource: net::ERR_CONNECTION_REFUSED @ http://localhost:1420/:0
[10753176ms] [ERROR] Failed to load resource: net::ERR_CONNECTION_REFUSED @ http://localhost:1420/:0
[10754193ms] [ERROR] Failed to load resource: net::ERR_CONNECTION_REFUSED @ http://localhost:1420/:0
[10755196ms] [ERROR] Failed to load resource: net::ERR_CONNECTION_REFUSED @ http://localhost:1420/:0
[10756199ms] [ERROR] Failed to load resource: net::ERR_CONNECTION_REFUSED @ http://localhost:1420/:0
[10757204ms] [ERROR] Failed to load resource: net::ERR_CONNECTION_REFUSED @ http://localhost:1420/:0
[10758206ms] [ERROR] Failed to load resource: net::ERR_CONNECTION_REFUSED @ http://localhost:1420/:0
[10759209ms] [ERROR] Failed to load resource: net::ERR_CONNECTION_REFUSED @ http://localhost:1420/:0
[10760212ms] [ERROR] Failed to load resource: net::ERR_CONNECTION_REFUSED @ http://localhost:1420/:0
[10761214ms] [ERROR] Failed to load resource: net::ERR_CONNECTION_REFUSED @ http://localhost:1420/:0
[10762217ms] [ERROR] Failed to load resource: net::ERR_CONNECTION_REFUSED @ http://localhost:1420/:0
[10763223ms] [ERROR] Failed to load resource: net::ERR_CONNECTION_REFUSED @ http://localhost:1420/:0
[10764227ms] [ERROR] Failed to load resource: net::ERR_CONNECTION_REFUSED @ http://localhost:1420/:0
[10765230ms] [ERROR] Failed to load resource: net::ERR_CONNECTION_REFUSED @ http://localhost:1420/:0
[10766233ms] [ERROR] Failed to load resource: net::ERR_CONNECTION_REFUSED @ http://localhost:1420/:0
[10767238ms] [ERROR] Failed to load resource: net::ERR_CONNECTION_REFUSED @ http://localhost:1420/:0
[10768240ms] [ERROR] Failed to load resource: net::ERR_CONNECTION_REFUSED @ http://localhost:1420/:0
[10769243ms] [ERROR] Failed to load resource: net::ERR_CONNECTION_REFUSED @ http://localhost:1420/:0
[10770248ms] [ERROR] Failed to load resource: net::ERR_CONNECTION_REFUSED @ http://localhost:1420/:0
[10771251ms] [ERROR] Failed to load resource: net::ERR_CONNECTION_REFUSED @ http://localhost:1420/:0
[10772255ms] [ERROR] Failed to load resource: net::ERR_CONNECTION_REFUSED @ http://localhost:1420/:0
[10773258ms] [ERROR] Failed to load resource: net::ERR_CONNECTION_REFUSED @ http://localhost:1420/:0
[10774261ms] [ERROR] Failed to load resource: net::ERR_CONNECTION_REFUSED @ http://localhost:1420/:0
[10775264ms] [ERROR] Failed to load resource: net::ERR_CONNECTION_REFUSED @ http://localhost:1420/:0
[10776266ms] [ERROR] Failed to load resource: net::ERR_CONNECTION_REFUSED @ http://localhost:1420/:0
[10777270ms] [ERROR] Failed to load resource: net::ERR_CONNECTION_REFUSED @ http://localhost:1420/:0
[10778273ms] [ERROR] Failed to load resource: net::ERR_CONNECTION_REFUSED @ http://localhost:1420/:0
[10779280ms] [ERROR] Failed to load resource: net::ERR_CONNECTION_REFUSED @ http://localhost:1420/:0
[10780285ms] [ERROR] Failed to load resource: net::ERR_CONNECTION_REFUSED @ http://localhost:1420/:0
[10781289ms] [ERROR] Failed to load resource: net::ERR_CONNECTION_REFUSED @ http://localhost:1420/:0
[10782290ms] [ERROR] Failed to load resource: net::ERR_CONNECTION_REFUSED @ http://localhost:1420/:0
[10783293ms] [ERROR] Failed to load resource: net::ERR_CONNECTION_REFUSED @ http://localhost:1420/:0
[10784304ms] [ERROR] Failed to load resource: net::ERR_CONNECTION_REFUSED @ http://localhost:1420/:0
[10785310ms] [ERROR] Failed to load resource: net::ERR_CONNECTION_REFUSED @ http://localhost:1420/:0
[10786314ms] [ERROR] Failed to load resource: net::ERR_CONNECTION_REFUSED @ http://localhost:1420/:0
[10787317ms] [ERROR] Failed to load resource: net::ERR_CONNECTION_REFUSED @ http://localhost:1420/:0
[10788320ms] [ERROR] Failed to load resource: net::ERR_CONNECTION_REFUSED @ http://localhost:1420/:0
[10789324ms] [ERROR] Failed to load resource: net::ERR_CONNECTION_REFUSED @ http://localhost:1420/:0
[10790327ms] [ERROR] Failed to load resource: net::ERR_CONNECTION_REFUSED @ http://localhost:1420/:0
[10791333ms] [ERROR] Failed to load resource: net::ERR_CONNECTION_REFUSED @ http://localhost:1420/:0
[10792336ms] [ERROR] Failed to load resource: net::ERR_CONNECTION_REFUSED @ http://localhost:1420/:0
[10793341ms] [ERROR] Failed to load resource: net::ERR_CONNECTION_REFUSED @ http://localhost:1420/:0
[10794344ms] [ERROR] Failed to load resource: net::ERR_CONNECTION_REFUSED @ http://localhost:1420/:0
[10795347ms] [ERROR] Failed to load resource: net::ERR_CONNECTION_REFUSED @ http://localhost:1420/:0
[10796350ms] [ERROR] Failed to load resource: net::ERR_CONNECTION_REFUSED @ http://localhost:1420/:0
[10797355ms] [ERROR] Failed to load resource: net::ERR_CONNECTION_REFUSED @ http://localhost:1420/:0
[10798358ms] [ERROR] Failed to load resource: net::ERR_CONNECTION_REFUSED @ http://localhost:1420/:0
[10799364ms] [ERROR] Failed to load resource: net::ERR_CONNECTION_REFUSED @ http://localhost:1420/:0
[10800369ms] [ERROR] Failed to load resource: net::ERR_CONNECTION_REFUSED @ http://localhost:1420/:0
[10801372ms] [ERROR] Failed to load resource: net::ERR_CONNECTION_REFUSED @ http://localhost:1420/:0
[10802375ms] [ERROR] Failed to load resource: net::ERR_CONNECTION_REFUSED @ http://localhost:1420/:0
[10803378ms] [ERROR] Failed to load resource: net::ERR_CONNECTION_REFUSED @ http://localhost:1420/:0
[10804380ms] [ERROR] Failed to load resource: net::ERR_CONNECTION_REFUSED @ http://localhost:1420/:0
[10805384ms] [ERROR] Failed to load resource: net::ERR_CONNECTION_REFUSED @ http://localhost:1420/:0
[10806390ms] [ERROR] Failed to load resource: net::ERR_CONNECTION_REFUSED @ http://localhost:1420/:0
[10807393ms] [ERROR] Failed to load resource: net::ERR_CONNECTION_REFUSED @ http://localhost:1420/:0
[10808396ms] [ERROR] Failed to load resource: net::ERR_CONNECTION_REFUSED @ http://localhost:1420/:0
[10809399ms] [ERROR] Failed to load resource: net::ERR_CONNECTION_REFUSED @ http://localhost:1420/:0
[10810402ms] [ERROR] Failed to load resource: net::ERR_CONNECTION_REFUSED @ http://localhost:1420/:0
[10811406ms] [ERROR] Failed to load resource: net::ERR_CONNECTION_REFUSED @ http://localhost:1420/:0
[10812410ms] [ERROR] Failed to load resource: net::ERR_CONNECTION_REFUSED @ http://localhost:1420/:0
[10813415ms] [ERROR] Failed to load resource: net::ERR_CONNECTION_REFUSED @ http://localhost:1420/:0
[10814418ms] [ERROR] Failed to load resource: net::ERR_CONNECTION_REFUSED @ http://localhost:1420/:0
[10815420ms] [ERROR] Failed to load resource: net::ERR_CONNECTION_REFUSED @ http://localhost:1420/:0
[10816423ms] [ERROR] Failed to load resource: net::ERR_CONNECTION_REFUSED @ http://localhost:1420/:0
[10817428ms] [ERROR] Failed to load resource: net::ERR_CONNECTION_REFUSED @ http://localhost:1420/:0
[10818430ms] [ERROR] Failed to load resource: net::ERR_CONNECTION_REFUSED @ http://localhost:1420/:0
[10819436ms] [ERROR] Failed to load resource: net::ERR_CONNECTION_REFUSED @ http://localhost:1420/:0
[10820440ms] [ERROR] Failed to load resource: net::ERR_CONNECTION_REFUSED @ http://localhost:1420/:0
[10821443ms] [ERROR] Failed to load resource: net::ERR_CONNECTION_REFUSED @ http://localhost:1420/:0
[10822446ms] [ERROR] Failed to load resource: net::ERR_CONNECTION_REFUSED @ http://localhost:1420/:0
[10823449ms] [ERROR] Failed to load resource: net::ERR_CONNECTION_REFUSED @ http://localhost:1420/:0
[10824452ms] [ERROR] Failed to load resource: net::ERR_CONNECTION_REFUSED @ http://localhost:1420/:0
[10825454ms] [ERROR] Failed to load resource: net::ERR_CONNECTION_REFUSED @ http://localhost:1420/:0
[10826458ms] [ERROR] Failed to load resource: net::ERR_CONNECTION_REFUSED @ http://localhost:1420/:0
[10827460ms] [ERROR] Failed to load resource: net::ERR_CONNECTION_REFUSED @ http://localhost:1420/:0
[10828462ms] [ERROR] Failed to load resource: net::ERR_CONNECTION_REFUSED @ http://localhost:1420/:0
[10829465ms] [ERROR] Failed to load resource: net::ERR_CONNECTION_REFUSED @ http://localhost:1420/:0
[10830468ms] [ERROR] Failed to load resource: net::ERR_CONNECTION_REFUSED @ http://localhost:1420/:0
[10831471ms] [ERROR] Failed to load resource: net::ERR_CONNECTION_REFUSED @ http://localhost:1420/:0
[10832477ms] [ERROR] Failed to load resource: net::ERR_CONNECTION_REFUSED @ http://localhost:1420/:0
[10833480ms] [ERROR] Failed to load resource: net::ERR_CONNECTION_REFUSED @ http://localhost:1420/:0
[10834483ms] [ERROR] Failed to load resource: net::ERR_CONNECTION_REFUSED @ http://localhost:1420/:0
[10835485ms] [ERROR] Failed to load resource: net::ERR_CONNECTION_REFUSED @ http://localhost:1420/:0
[10836488ms] [ERROR] Failed to load resource: net::ERR_CONNECTION_REFUSED @ http://localhost:1420/:0
[10837491ms] [ERROR] Failed to load resource: net::ERR_CONNECTION_REFUSED @ http://localhost:1420/:0
[10838494ms] [ERROR] Failed to load resource: net::ERR_CONNECTION_REFUSED @ http://localhost:1420/:0
[10839497ms] [ERROR] Failed to load resource: net::ERR_CONNECTION_REFUSED @ http://localhost:1420/:0
[10840503ms] [ERROR] Failed to load resource: net::ERR_CONNECTION_REFUSED @ http://localhost:1420/:0
[10841505ms] [ERROR] Failed to load resource: net::ERR_CONNECTION_REFUSED @ http://localhost:1420/:0
[10842509ms] [ERROR] Failed to load resource: net::ERR_CONNECTION_REFUSED @ http://localhost:1420/:0
[10843512ms] [ERROR] Failed to load resource: net::ERR_CONNECTION_REFUSED @ http://localhost:1420/:0
[10844515ms] [ERROR] Failed to load resource: net::ERR_CONNECTION_REFUSED @ http://localhost:1420/:0
[10845518ms] [ERROR] Failed to load resource: net::ERR_CONNECTION_REFUSED @ http://localhost:1420/:0
[10846522ms] [ERROR] Failed to load resource: net::ERR_CONNECTION_REFUSED @ http://localhost:1420/:0
[10847525ms] [ERROR] Failed to load resource: net::ERR_CONNECTION_REFUSED @ http://localhost:1420/:0
[10848527ms] [ERROR] Failed to load resource: net::ERR_CONNECTION_REFUSED @ http://localhost:1420/:0
[10849532ms] [ERROR] Failed to load resource: net::ERR_CONNECTION_REFUSED @ http://localhost:1420/:0
[10850535ms] [ERROR] Failed to load resource: net::ERR_CONNECTION_REFUSED @ http://localhost:1420/:0
[10851537ms] [ERROR] Failed to load resource: net::ERR_CONNECTION_REFUSED @ http://localhost:1420/:0
[10852540ms] [ERROR] Failed to load resource: net::ERR_CONNECTION_REFUSED @ http://localhost:1420/:0
[10853542ms] [ERROR] Failed to load resource: net::ERR_CONNECTION_REFUSED @ http://localhost:1420/:0
[10854545ms] [ERROR] Failed to load resource: net::ERR_CONNECTION_REFUSED @ http://localhost:1420/:0
[10855548ms] [ERROR] Failed to load resource: net::ERR_CONNECTION_REFUSED @ http://localhost:1420/:0
[10856552ms] [ERROR] Failed to load resource: net::ERR_CONNECTION_REFUSED @ http://localhost:1420/:0
[10857555ms] [ERROR] Failed to load resource: net::ERR_CONNECTION_REFUSED @ http://localhost:1420/:0
[10858559ms] [ERROR] Failed to load resource: net::ERR_CONNECTION_REFUSED @ http://localhost:1420/:0
[10859562ms] [ERROR] Failed to load resource: net::ERR_CONNECTION_REFUSED @ http://localhost:1420/:0
[10860568ms] [ERROR] Failed to load resource: net::ERR_CONNECTION_REFUSED @ http://localhost:1420/:0
[10861571ms] [ERROR] Failed to load resource: net::ERR_CONNECTION_REFUSED @ http://localhost:1420/:0
[10862576ms] [ERROR] Failed to load resource: net::ERR_CONNECTION_REFUSED @ http://localhost:1420/:0
[10863581ms] [ERROR] Failed to load resource: net::ERR_CONNECTION_REFUSED @ http://localhost:1420/:0
[10864584ms] [ERROR] Failed to load resource: net::ERR_CONNECTION_REFUSED @ http://localhost:1420/:0
[10865585ms] [ERROR] Failed to load resource: net::ERR_CONNECTION_REFUSED @ http://localhost:1420/:0
[10866591ms] [ERROR] Failed to load resource: net::ERR_CONNECTION_REFUSED @ http://localhost:1420/:0
[10867595ms] [ERROR] Failed to load resource: net::ERR_CONNECTION_REFUSED @ http://localhost:1420/:0
[10868597ms] [ERROR] Failed to load resource: net::ERR_CONNECTION_REFUSED @ http://localhost:1420/:0
[10869601ms] [ERROR] Failed to load resource: net::ERR_CONNECTION_REFUSED @ http://localhost:1420/:0
[10870605ms] [ERROR] Failed to load resource: net::ERR_CONNECTION_REFUSED @ http://localhost:1420/:0
[10871608ms] [ERROR] Failed to load resource: net::ERR_CONNECTION_REFUSED @ http://localhost:1420/:0
[10872614ms] [ERROR] Failed to load resource: net::ERR_CONNECTION_REFUSED @ http://localhost:1420/:0
[10873623ms] [ERROR] Failed to load resource: net::ERR_CONNECTION_REFUSED @ http://localhost:1420/:0
[10874626ms] [ERROR] Failed to load resource: net::ERR_CONNECTION_REFUSED @ http://localhost:1420/:0
[10875628ms] [ERROR] Failed to load resource: net::ERR_CONNECTION_REFUSED @ http://localhost:1420/:0
[10876636ms] [ERROR] Failed to load resource: net::ERR_CONNECTION_REFUSED @ http://localhost:1420/:0
[10877647ms] [ERROR] Failed to load resource: net::ERR_CONNECTION_REFUSED @ http://localhost:1420/:0
[10878649ms] [ERROR] Failed to load resource: net::ERR_CONNECTION_REFUSED @ http://localhost:1420/:0
[10879653ms] [ERROR] Failed to load resource: net::ERR_CONNECTION_REFUSED @ http://localhost:1420/:0
[10880656ms] [ERROR] Failed to load resource: net::ERR_CONNECTION_REFUSED @ http://localhost:1420/:0
[10881658ms] [ERROR] Failed to load resource: net::ERR_CONNECTION_REFUSED @ http://localhost:1420/:0
[10882662ms] [ERROR] Failed to load resource: net::ERR_CONNECTION_REFUSED @ http://localhost:1420/:0
[10883664ms] [ERROR] Failed to load resource: net::ERR_CONNECTION_REFUSED @ http://localhost:1420/:0
[10884668ms] [ERROR] Failed to load resource: net::ERR_CONNECTION_REFUSED @ http://localhost:1420/:0
