[ 1423423ms] [WARNING] [Vue warn]: Failed to resolve component: AutoFit
If this is a native custom element, make sure to exclude it from component resolution via compilerOptions.isCustomElement. 
  at <Default frontmatter= {} > 
  at <Slides.mdslidev2> 
  at <AsyncComponentWrapper> 
  at <SlideWrapper key=2 clicks-context= {current: undefined, clicksStart: 0, relativeSizeMap: undefined, maxMap: undefined, isMounted: undefined} route= {no: 2, meta: Proxy(Object), load: , component: Object}  ... > 
  at <TransitionGroup id="slideshow" tag="div" class="slidev-nav-go-forward"  ... > 
  at <SlidesShow render-context="slide" > 
  at <SlideContainer style= {background: var(--slidev-slide-container-background, black)} is-main="" content-style= {filter: }  ... > 
  at <Play onVnodeUnmounted=fn<onVnodeUnmounted> ref=Ref< Proxy(Object) > > 
  at <RouterView> 
  at <App> @ http://localhost:3032/@fs/Users/wraithy/Development/Trask/ClaudeCodePresentation/node_modules/.pnpm/@vue+runtime-core@3.5.35/node_modules/@vue/runtime-core/dist/runtime-core.esm-bundler.js?v=1759ab92:40
[ 1423426ms] [WARNING] [Vue warn]: Failed to resolve component: AutoFit
If this is a native custom element, make sure to exclude it from component resolution via compilerOptions.isCustomElement. 
  at <Default frontmatter= {} > 
  at <Slides.mdslidev5> 
  at <AsyncComponentWrapper> 
  at <SlideWrapper key=5 clicks-context= {current: undefined, clicksStart: 0, relativeSizeMap: undefined, maxMap: undefined, isMounted: undefined} route= {no: 5, meta: Proxy(Object), load: , component: Object}  ... > 
  at <TransitionGroup id="slideshow" tag="div" class="slidev-nav-go-forward"  ... > 
  at <SlidesShow render-context="slide" > 
  at <SlideContainer style= {background: var(--slidev-slide-container-background, black)} is-main="" content-style= {filter: }  ... > 
  at <Play onVnodeUnmounted=fn<onVnodeUnmounted> ref=Ref< Proxy(Object) > > 
  at <RouterView> 
  at <App> @ http://localhost:3032/@fs/Users/wraithy/Development/Trask/ClaudeCodePresentation/node_modules/.pnpm/@vue+runtime-core@3.5.35/node_modules/@vue/runtime-core/dist/runtime-core.esm-bundler.js?v=1759ab92:40
[ 1423430ms] [WARNING] [Vue warn]: Failed to resolve component: AutoFit
If this is a native custom element, make sure to exclude it from component resolution via compilerOptions.isCustomElement. 
  at <Default frontmatter= {} > 
  at <Slides.mdslidev6> 
  at <AsyncComponentWrapper> 
  at <SlideWrapper key=6 clicks-context= {current: undefined, clicksStart: 0, relativeSizeMap: undefined, maxMap: undefined, isMounted: undefined} route= {no: 6, meta: Proxy(Object), load: , component: Object}  ... > 
  at <TransitionGroup id="slideshow" tag="div" class="slidev-nav-go-forward"  ... > 
  at <SlidesShow render-context="slide" > 
  at <SlideContainer style= {background: var(--slidev-slide-container-background, black)} is-main="" content-style= {filter: }  ... > 
  at <Play onVnodeUnmounted=fn<onVnodeUnmounted> ref=Ref< Proxy(Object) > > 
  at <RouterView> 
  at <App> @ http://localhost:3032/@fs/Users/wraithy/Development/Trask/ClaudeCodePresentation/node_modules/.pnpm/@vue+runtime-core@3.5.35/node_modules/@vue/runtime-core/dist/runtime-core.esm-bundler.js?v=1759ab92:40
[ 1423432ms] [WARNING] [Vue warn]: Failed to resolve component: AutoFit
If this is a native custom element, make sure to exclude it from component resolution via compilerOptions.isCustomElement. 
  at <Default frontmatter= {} > 
  at <Slides.mdslidev11> 
  at <AsyncComponentWrapper> 
  at <SlideWrapper key=11 clicks-context= {current: undefined, clicksStart: 0, relativeSizeMap: undefined, maxMap: undefined, isMounted: undefined} route= {no: 11, meta: Proxy(Object), load: , component: Object}  ... > 
  at <TransitionGroup id="slideshow" tag="div" class="slidev-nav-go-forward"  ... > 
  at <SlidesShow render-context="slide" > 
  at <SlideContainer style= {background: var(--slidev-slide-container-background, black)} is-main="" content-style= {filter: }  ... > 
  at <Play onVnodeUnmounted=fn<onVnodeUnmounted> ref=Ref< Proxy(Object) > > 
  at <RouterView> 
  at <App> @ http://localhost:3032/@fs/Users/wraithy/Development/Trask/ClaudeCodePresentation/node_modules/.pnpm/@vue+runtime-core@3.5.35/node_modules/@vue/runtime-core/dist/runtime-core.esm-bundler.js?v=1759ab92:40
[ 1423438ms] [WARNING] [Vue warn]: Failed to resolve component: AutoFit
If this is a native custom element, make sure to exclude it from component resolution via compilerOptions.isCustomElement. 
  at <Default frontmatter= {} > 
  at <Slides.mdslidev7> 
  at <AsyncComponentWrapper> 
  at <SlideWrapper key=7 clicks-context= {current: undefined, clicksStart: 0, relativeSizeMap: undefined, maxMap: undefined, isMounted: undefined} route= {no: 7, meta: Proxy(Object), load: , component: Object}  ... > 
  at <TransitionGroup id="slideshow" tag="div" class="slidev-nav-go-forward"  ... > 
  at <SlidesShow render-context="slide" > 
  at <SlideContainer style= {background: var(--slidev-slide-container-background, black)} is-main="" content-style= {filter: }  ... > 
  at <Play onVnodeUnmounted=fn<onVnodeUnmounted> ref=Ref< Proxy(Object) > > 
  at <RouterView> 
  at <App> @ http://localhost:3032/@fs/Users/wraithy/Development/Trask/ClaudeCodePresentation/node_modules/.pnpm/@vue+runtime-core@3.5.35/node_modules/@vue/runtime-core/dist/runtime-core.esm-bundler.js?v=1759ab92:40
[ 1423439ms] [WARNING] [Vue warn]: Failed to resolve component: AutoFit
If this is a native custom element, make sure to exclude it from component resolution via compilerOptions.isCustomElement. 
  at <Default frontmatter= {} > 
  at <Slides.mdslidev9> 
  at <AsyncComponentWrapper> 
  at <SlideWrapper key=9 clicks-context= {current: undefined, clicksStart: 0, relativeSizeMap: undefined, maxMap: undefined, isMounted: undefined} route= {no: 9, meta: Proxy(Object), load: , component: Object}  ... > 
  at <TransitionGroup id="slideshow" tag="div" class="slidev-nav-go-forward"  ... > 
  at <SlidesShow render-context="slide" > 
  at <SlideContainer style= {background: var(--slidev-slide-container-background, black)} is-main="" content-style= {filter: }  ... > 
  at <Play onVnodeUnmounted=fn<onVnodeUnmounted> ref=Ref< Proxy(Object) > > 
  at <RouterView> 
  at <App> @ http://localhost:3032/@fs/Users/wraithy/Development/Trask/ClaudeCodePresentation/node_modules/.pnpm/@vue+runtime-core@3.5.35/node_modules/@vue/runtime-core/dist/runtime-core.esm-bundler.js?v=1759ab92:40
[ 1423439ms] [WARNING] [Vue warn]: Failed to resolve component: AutoFit
If this is a native custom element, make sure to exclude it from component resolution via compilerOptions.isCustomElement. 
  at <Default frontmatter= {} > 
  at <Slides.mdslidev10> 
  at <AsyncComponentWrapper> 
  at <SlideWrapper key=10 clicks-context= {current: undefined, clicksStart: 0, relativeSizeMap: undefined, maxMap: undefined, isMounted: undefined} route= {no: 10, meta: Proxy(Object), load: , component: Object}  ... > 
  at <TransitionGroup id="slideshow" tag="div" class="slidev-nav-go-forward"  ... > 
  at <SlidesShow render-context="slide" > 
  at <SlideContainer style= {background: var(--slidev-slide-container-background, black)} is-main="" content-style= {filter: }  ... > 
  at <Play onVnodeUnmounted=fn<onVnodeUnmounted> ref=Ref< Proxy(Object) > > 
  at <RouterView> 
  at <App> @ http://localhost:3032/@fs/Users/wraithy/Development/Trask/ClaudeCodePresentation/node_modules/.pnpm/@vue+runtime-core@3.5.35/node_modules/@vue/runtime-core/dist/runtime-core.esm-bundler.js?v=1759ab92:40
[ 1423440ms] [WARNING] [Vue warn]: Failed to resolve component: AutoFit
If this is a native custom element, make sure to exclude it from component resolution via compilerOptions.isCustomElement. 
  at <Default frontmatter= {} > 
  at <Slides.mdslidev16> 
  at <AsyncComponentWrapper> 
  at <SlideWrapper key=16 clicks-context= {current: undefined, clicksStart: 0, relativeSizeMap: undefined, maxMap: undefined, isMounted: undefined} route= {no: 16, meta: Proxy(Object), load: , component: Object}  ... > 
  at <TransitionGroup id="slideshow" tag="div" class="slidev-nav-go-forward"  ... > 
  at <SlidesShow render-context="slide" > 
  at <SlideContainer style= {background: var(--slidev-slide-container-background, black)} is-main="" content-style= {filter: }  ... > 
  at <Play onVnodeUnmounted=fn<onVnodeUnmounted> ref=Ref< Proxy(Object) > > 
  at <RouterView> 
  at <App> @ http://localhost:3032/@fs/Users/wraithy/Development/Trask/ClaudeCodePresentation/node_modules/.pnpm/@vue+runtime-core@3.5.35/node_modules/@vue/runtime-core/dist/runtime-core.esm-bundler.js?v=1759ab92:40
[ 1423442ms] [WARNING] [Vue warn]: Failed to resolve component: AutoFit
If this is a native custom element, make sure to exclude it from component resolution via compilerOptions.isCustomElement. 
  at <Default frontmatter= {} > 
  at <Slides.mdslidev15> 
  at <AsyncComponentWrapper> 
  at <SlideWrapper key=15 clicks-context= {current: undefined, clicksStart: 0, relativeSizeMap: undefined, maxMap: undefined, isMounted: undefined} route= {no: 15, meta: Proxy(Object), load: , component: Object}  ... > 
  at <TransitionGroup id="slideshow" tag="div" class="slidev-nav-go-forward"  ... > 
  at <SlidesShow render-context="slide" > 
  at <SlideContainer style= {background: var(--slidev-slide-container-background, black)} is-main="" content-style= {filter: }  ... > 
  at <Play onVnodeUnmounted=fn<onVnodeUnmounted> ref=Ref< Proxy(Object) > > 
  at <RouterView> 
  at <App> @ http://localhost:3032/@fs/Users/wraithy/Development/Trask/ClaudeCodePresentation/node_modules/.pnpm/@vue+runtime-core@3.5.35/node_modules/@vue/runtime-core/dist/runtime-core.esm-bundler.js?v=1759ab92:40
[ 1423444ms] [WARNING] [Vue warn]: Failed to resolve component: AutoFit
If this is a native custom element, make sure to exclude it from component resolution via compilerOptions.isCustomElement. 
  at <Default frontmatter= {} > 
  at <Slides.mdslidev12> 
  at <AsyncComponentWrapper> 
  at <SlideWrapper key=12 clicks-context= {current: undefined, clicksStart: 0, relativeSizeMap: undefined, maxMap: undefined, isMounted: undefined} route= {no: 12, meta: Proxy(Object), load: , component: Object}  ... > 
  at <TransitionGroup id="slideshow" tag="div" class="slidev-nav-go-forward"  ... > 
  at <SlidesShow render-context="slide" > 
  at <SlideContainer style= {background: var(--slidev-slide-container-background, black)} is-main="" content-style= {filter: }  ... > 
  at <Play onVnodeUnmounted=fn<onVnodeUnmounted> ref=Ref< Proxy(Object) > > 
  at <RouterView> 
  at <App> @ http://localhost:3032/@fs/Users/wraithy/Development/Trask/ClaudeCodePresentation/node_modules/.pnpm/@vue+runtime-core@3.5.35/node_modules/@vue/runtime-core/dist/runtime-core.esm-bundler.js?v=1759ab92:40
[ 1423444ms] [WARNING] [Vue warn]: Failed to resolve component: AutoFit
If this is a native custom element, make sure to exclude it from component resolution via compilerOptions.isCustomElement. 
  at <Default frontmatter= {} > 
  at <Slides.mdslidev13> 
  at <AsyncComponentWrapper> 
  at <SlideWrapper key=13 clicks-context= {current: undefined, clicksStart: 0, relativeSizeMap: undefined, maxMap: undefined, isMounted: undefined} route= {no: 13, meta: Proxy(Object), load: , component: Object}  ... > 
  at <TransitionGroup id="slideshow" tag="div" class="slidev-nav-go-forward"  ... > 
  at <SlidesShow render-context="slide" > 
  at <SlideContainer style= {background: var(--slidev-slide-container-background, black)} is-main="" content-style= {filter: }  ... > 
  at <Play onVnodeUnmounted=fn<onVnodeUnmounted> ref=Ref< Proxy(Object) > > 
  at <RouterView> 
  at <App> @ http://localhost:3032/@fs/Users/wraithy/Development/Trask/ClaudeCodePresentation/node_modules/.pnpm/@vue+runtime-core@3.5.35/node_modules/@vue/runtime-core/dist/runtime-core.esm-bundler.js?v=1759ab92:40
[ 1423444ms] [WARNING] [Vue warn]: Failed to resolve component: AutoFit
If this is a native custom element, make sure to exclude it from component resolution via compilerOptions.isCustomElement. 
  at <Default frontmatter= {} > 
  at <Slides.mdslidev20> 
  at <AsyncComponentWrapper> 
  at <SlideWrapper key=20 clicks-context= {current: undefined, clicksStart: 0, relativeSizeMap: undefined, maxMap: undefined, isMounted: undefined} route= {no: 20, meta: Proxy(Object), load: , component: Object}  ... > 
  at <TransitionGroup id="slideshow" tag="div" class="slidev-nav-go-forward"  ... > 
  at <SlidesShow render-context="slide" > 
  at <SlideContainer style= {background: var(--slidev-slide-container-background, black)} is-main="" content-style= {filter: }  ... > 
  at <Play onVnodeUnmounted=fn<onVnodeUnmounted> ref=Ref< Proxy(Object) > > 
  at <RouterView> 
  at <App> @ http://localhost:3032/@fs/Users/wraithy/Development/Trask/ClaudeCodePresentation/node_modules/.pnpm/@vue+runtime-core@3.5.35/node_modules/@vue/runtime-core/dist/runtime-core.esm-bundler.js?v=1759ab92:40
[ 1423445ms] [WARNING] [Vue warn]: Failed to resolve component: AutoFit
If this is a native custom element, make sure to exclude it from component resolution via compilerOptions.isCustomElement. 
  at <Default frontmatter= {} > 
  at <Slides.mdslidev21> 
  at <AsyncComponentWrapper> 
  at <SlideWrapper key=21 clicks-context= {current: undefined, clicksStart: 0, relativeSizeMap: undefined, maxMap: undefined, isMounted: undefined} route= {no: 21, meta: Proxy(Object), load: , component: Object}  ... > 
  at <TransitionGroup id="slideshow" tag="div" class="slidev-nav-go-forward"  ... > 
  at <SlidesShow render-context="slide" > 
  at <SlideContainer style= {background: var(--slidev-slide-container-background, black)} is-main="" content-style= {filter: }  ... > 
  at <Play onVnodeUnmounted=fn<onVnodeUnmounted> ref=Ref< Proxy(Object) > > 
  at <RouterView> 
  at <App> @ http://localhost:3032/@fs/Users/wraithy/Development/Trask/ClaudeCodePresentation/node_modules/.pnpm/@vue+runtime-core@3.5.35/node_modules/@vue/runtime-core/dist/runtime-core.esm-bundler.js?v=1759ab92:40
[ 1423445ms] [WARNING] [Vue warn]: Failed to resolve component: AutoFit
If this is a native custom element, make sure to exclude it from component resolution via compilerOptions.isCustomElement. 
  at <Default frontmatter= {} > 
  at <Slides.mdslidev22> 
  at <AsyncComponentWrapper> 
  at <SlideWrapper key=22 clicks-context= {current: undefined, clicksStart: 0, relativeSizeMap: undefined, maxMap: undefined, isMounted: undefined} route= {no: 22, meta: Proxy(Object), load: , component: Object}  ... > 
  at <TransitionGroup id="slideshow" tag="div" class="slidev-nav-go-forward"  ... > 
  at <SlidesShow render-context="slide" > 
  at <SlideContainer style= {background: var(--slidev-slide-container-background, black)} is-main="" content-style= {filter: }  ... > 
  at <Play onVnodeUnmounted=fn<onVnodeUnmounted> ref=Ref< Proxy(Object) > > 
  at <RouterView> 
  at <App> @ http://localhost:3032/@fs/Users/wraithy/Development/Trask/ClaudeCodePresentation/node_modules/.pnpm/@vue+runtime-core@3.5.35/node_modules/@vue/runtime-core/dist/runtime-core.esm-bundler.js?v=1759ab92:40
[ 1423447ms] [WARNING] [Vue warn]: Failed to resolve component: AutoFit
If this is a native custom element, make sure to exclude it from component resolution via compilerOptions.isCustomElement. 
  at <Default frontmatter= {} > 
  at <Slides.mdslidev17> 
  at <AsyncComponentWrapper> 
  at <SlideWrapper key=17 clicks-context= {current: undefined, clicksStart: 0, relativeSizeMap: undefined, maxMap: undefined, isMounted: undefined} route= {no: 17, meta: Proxy(Object), load: , component: Object}  ... > 
  at <TransitionGroup id="slideshow" tag="div" class="slidev-nav-go-forward"  ... > 
  at <SlidesShow render-context="slide" > 
  at <SlideContainer style= {background: var(--slidev-slide-container-background, black)} is-main="" content-style= {filter: }  ... > 
  at <Play onVnodeUnmounted=fn<onVnodeUnmounted> ref=Ref< Proxy(Object) > > 
  at <RouterView> 
  at <App> @ http://localhost:3032/@fs/Users/wraithy/Development/Trask/ClaudeCodePresentation/node_modules/.pnpm/@vue+runtime-core@3.5.35/node_modules/@vue/runtime-core/dist/runtime-core.esm-bundler.js?v=1759ab92:40
[ 1423448ms] [WARNING] [Vue warn]: Failed to resolve component: AutoFit
If this is a native custom element, make sure to exclude it from component resolution via compilerOptions.isCustomElement. 
  at <Default frontmatter= {} > 
  at <Slides.mdslidev23> 
  at <AsyncComponentWrapper> 
  at <SlideWrapper key=23 clicks-context= {current: undefined, clicksStart: 0, relativeSizeMap: undefined, maxMap: undefined, isMounted: undefined} route= {no: 23, meta: Proxy(Object), load: , component: Object}  ... > 
  at <TransitionGroup id="slideshow" tag="div" class="slidev-nav-go-forward"  ... > 
  at <SlidesShow render-context="slide" > 
  at <SlideContainer style= {background: var(--slidev-slide-container-background, black)} is-main="" content-style= {filter: }  ... > 
  at <Play onVnodeUnmounted=fn<onVnodeUnmounted> ref=Ref< Proxy(Object) > > 
  at <RouterView> 
  at <App> @ http://localhost:3032/@fs/Users/wraithy/Development/Trask/ClaudeCodePresentation/node_modules/.pnpm/@vue+runtime-core@3.5.35/node_modules/@vue/runtime-core/dist/runtime-core.esm-bundler.js?v=1759ab92:40
[ 1423451ms] [WARNING] [Vue warn]: Failed to resolve component: AutoFit
If this is a native custom element, make sure to exclude it from component resolution via compilerOptions.isCustomElement. 
  at <Default frontmatter= {} > 
  at <Slides.mdslidev25> 
  at <AsyncComponentWrapper> 
  at <SlideWrapper key=25 clicks-context= {current: undefined, clicksStart: 0, relativeSizeMap: undefined, maxMap: undefined, isMounted: undefined} route= {no: 25, meta: Proxy(Object), load: , component: Object}  ... > 
  at <TransitionGroup id="slideshow" tag="div" class="slidev-nav-go-forward"  ... > 
  at <SlidesShow render-context="slide" > 
  at <SlideContainer style= {background: var(--slidev-slide-container-background, black)} is-main="" content-style= {filter: }  ... > 
  at <Play onVnodeUnmounted=fn<onVnodeUnmounted> ref=Ref< Proxy(Object) > > 
  at <RouterView> 
  at <App> @ http://localhost:3032/@fs/Users/wraithy/Development/Trask/ClaudeCodePresentation/node_modules/.pnpm/@vue+runtime-core@3.5.35/node_modules/@vue/runtime-core/dist/runtime-core.esm-bundler.js?v=1759ab92:40
[ 1423452ms] [WARNING] [Vue warn]: Failed to resolve component: AutoFit
If this is a native custom element, make sure to exclude it from component resolution via compilerOptions.isCustomElement. 
  at <Default frontmatter= {} > 
  at <Slides.mdslidev19> 
  at <AsyncComponentWrapper> 
  at <SlideWrapper key=19 clicks-context= {current: undefined, clicksStart: 0, relativeSizeMap: undefined, maxMap: undefined, isMounted: undefined} route= {no: 19, meta: Proxy(Object), load: , component: Object}  ... > 
  at <TransitionGroup id="slideshow" tag="div" class="slidev-nav-go-forward"  ... > 
  at <SlidesShow render-context="slide" > 
  at <SlideContainer style= {background: var(--slidev-slide-container-background, black)} is-main="" content-style= {filter: }  ... > 
  at <Play onVnodeUnmounted=fn<onVnodeUnmounted> ref=Ref< Proxy(Object) > > 
  at <RouterView> 
  at <App> @ http://localhost:3032/@fs/Users/wraithy/Development/Trask/ClaudeCodePresentation/node_modules/.pnpm/@vue+runtime-core@3.5.35/node_modules/@vue/runtime-core/dist/runtime-core.esm-bundler.js?v=1759ab92:40
[ 1423452ms] [WARNING] [Vue warn]: Failed to resolve component: AutoFit
If this is a native custom element, make sure to exclude it from component resolution via compilerOptions.isCustomElement. 
  at <Default frontmatter= {} > 
  at <Slides.mdslidev26> 
  at <AsyncComponentWrapper> 
  at <SlideWrapper key=26 clicks-context= {current: undefined, clicksStart: 0, relativeSizeMap: undefined, maxMap: undefined, isMounted: undefined} route= {no: 26, meta: Proxy(Object), load: , component: Object}  ... > 
  at <TransitionGroup id="slideshow" tag="div" class="slidev-nav-go-forward"  ... > 
  at <SlidesShow render-context="slide" > 
  at <SlideContainer style= {background: var(--slidev-slide-container-background, black)} is-main="" content-style= {filter: }  ... > 
  at <Play onVnodeUnmounted=fn<onVnodeUnmounted> ref=Ref< Proxy(Object) > > 
  at <RouterView> 
  at <App> @ http://localhost:3032/@fs/Users/wraithy/Development/Trask/ClaudeCodePresentation/node_modules/.pnpm/@vue+runtime-core@3.5.35/node_modules/@vue/runtime-core/dist/runtime-core.esm-bundler.js?v=1759ab92:40
[ 1423453ms] [WARNING] [Vue warn]: Failed to resolve component: AutoFit
If this is a native custom element, make sure to exclude it from component resolution via compilerOptions.isCustomElement. 
  at <Default frontmatter= {} > 
  at <Slides.mdslidev27> 
  at <AsyncComponentWrapper> 
  at <SlideWrapper key=27 clicks-context= {current: undefined, clicksStart: 0, relativeSizeMap: undefined, maxMap: undefined, isMounted: undefined} route= {no: 27, meta: Proxy(Object), load: , component: Object}  ... > 
  at <TransitionGroup id="slideshow" tag="div" class="slidev-nav-go-forward"  ... > 
  at <SlidesShow render-context="slide" > 
  at <SlideContainer style= {background: var(--slidev-slide-container-background, black)} is-main="" content-style= {filter: }  ... > 
  at <Play onVnodeUnmounted=fn<onVnodeUnmounted> ref=Ref< Proxy(Object) > > 
  at <RouterView> 
  at <App> @ http://localhost:3032/@fs/Users/wraithy/Development/Trask/ClaudeCodePresentation/node_modules/.pnpm/@vue+runtime-core@3.5.35/node_modules/@vue/runtime-core/dist/runtime-core.esm-bundler.js?v=1759ab92:40
[ 1423454ms] [WARNING] [Vue warn]: Failed to resolve component: AutoFit
If this is a native custom element, make sure to exclude it from component resolution via compilerOptions.isCustomElement. 
  at <Default frontmatter= {} > 
  at <Slides.mdslidev32> 
  at <AsyncComponentWrapper> 
  at <SlideWrapper key=32 clicks-context= {current: undefined, clicksStart: 0, relativeSizeMap: undefined, maxMap: undefined, isMounted: undefined} route= {no: 32, meta: Proxy(Object), load: , component: Object}  ... > 
  at <TransitionGroup id="slideshow" tag="div" class="slidev-nav-go-forward"  ... > 
  at <SlidesShow render-context="slide" > 
  at <SlideContainer style= {background: var(--slidev-slide-container-background, black)} is-main="" content-style= {filter: }  ... > 
  at <Play onVnodeUnmounted=fn<onVnodeUnmounted> ref=Ref< Proxy(Object) > > 
  at <RouterView> 
  at <App> @ http://localhost:3032/@fs/Users/wraithy/Development/Trask/ClaudeCodePresentation/node_modules/.pnpm/@vue+runtime-core@3.5.35/node_modules/@vue/runtime-core/dist/runtime-core.esm-bundler.js?v=1759ab92:40
[ 1423454ms] [WARNING] [Vue warn]: Failed to resolve component: AutoFit
If this is a native custom element, make sure to exclude it from component resolution via compilerOptions.isCustomElement. 
  at <Default frontmatter= {} > 
  at <Slides.mdslidev30> 
  at <AsyncComponentWrapper> 
  at <SlideWrapper key=30 clicks-context= {current: undefined, clicksStart: 0, relativeSizeMap: undefined, maxMap: undefined, isMounted: undefined} route= {no: 30, meta: Proxy(Object), load: , component: Object}  ... > 
  at <TransitionGroup id="slideshow" tag="div" class="slidev-nav-go-forward"  ... > 
  at <SlidesShow render-context="slide" > 
  at <SlideContainer style= {background: var(--slidev-slide-container-background, black)} is-main="" content-style= {filter: }  ... > 
  at <Play onVnodeUnmounted=fn<onVnodeUnmounted> ref=Ref< Proxy(Object) > > 
  at <RouterView> 
  at <App> @ http://localhost:3032/@fs/Users/wraithy/Development/Trask/ClaudeCodePresentation/node_modules/.pnpm/@vue+runtime-core@3.5.35/node_modules/@vue/runtime-core/dist/runtime-core.esm-bundler.js?v=1759ab92:40
[ 1423455ms] [WARNING] [Vue warn]: Failed to resolve component: AutoFit
If this is a native custom element, make sure to exclude it from component resolution via compilerOptions.isCustomElement. 
  at <Default frontmatter= {} > 
  at <Slides.mdslidev29> 
  at <AsyncComponentWrapper> 
  at <SlideWrapper key=29 clicks-context= {current: undefined, clicksStart: 0, relativeSizeMap: undefined, maxMap: undefined, isMounted: undefined} route= {no: 29, meta: Proxy(Object), load: , component: Object}  ... > 
  at <TransitionGroup id="slideshow" tag="div" class="slidev-nav-go-forward"  ... > 
  at <SlidesShow render-context="slide" > 
  at <SlideContainer style= {background: var(--slidev-slide-container-background, black)} is-main="" content-style= {filter: }  ... > 
  at <Play onVnodeUnmounted=fn<onVnodeUnmounted> ref=Ref< Proxy(Object) > > 
  at <RouterView> 
  at <App> @ http://localhost:3032/@fs/Users/wraithy/Development/Trask/ClaudeCodePresentation/node_modules/.pnpm/@vue+runtime-core@3.5.35/node_modules/@vue/runtime-core/dist/runtime-core.esm-bundler.js?v=1759ab92:40
[ 1423455ms] [WARNING] [Vue warn]: Failed to resolve component: AutoFit
If this is a native custom element, make sure to exclude it from component resolution via compilerOptions.isCustomElement. 
  at <Default frontmatter= {} > 
  at <Slides.mdslidev4> 
  at <AsyncComponentWrapper> 
  at <SlideWrapper key=4 clicks-context= {current: undefined, clicksStart: 0, relativeSizeMap: undefined, maxMap: undefined, isMounted: undefined} route= {no: 4, meta: Proxy(Object), load: , component: Object}  ... > 
  at <TransitionGroup id="slideshow" tag="div" class="slidev-nav-go-forward"  ... > 
  at <SlidesShow render-context="slide" > 
  at <SlideContainer style= {background: var(--slidev-slide-container-background, black)} is-main="" content-style= {filter: }  ... > 
  at <Play onVnodeUnmounted=fn<onVnodeUnmounted> ref=Ref< Proxy(Object) > > 
  at <RouterView> 
  at <App> @ http://localhost:3032/@fs/Users/wraithy/Development/Trask/ClaudeCodePresentation/node_modules/.pnpm/@vue+runtime-core@3.5.35/node_modules/@vue/runtime-core/dist/runtime-core.esm-bundler.js?v=1759ab92:40
[ 1423458ms] [WARNING] [slidev] ClicksContext: Unexpected register after mounted @ http://localhost:3032/@fs/Users/wraithy/Development/Trask/ClaudeCodePresentation/node_modules/.pnpm/@slidev+client@52.15.2_@nuxt+kit@3.21.6_@vue+compiler-sfc@3.5.35_vite@8.0.14_@types+nod_5fa8c59fd6bd3d7d99a7d30aff164cf9/node_modules/@slidev/client/composables/useClicks.ts?v=1759ab92:117
[ 1423458ms] [WARNING] [slidev] ClicksContext: Unexpected register after mounted @ http://localhost:3032/@fs/Users/wraithy/Development/Trask/ClaudeCodePresentation/node_modules/.pnpm/@slidev+client@52.15.2_@nuxt+kit@3.21.6_@vue+compiler-sfc@3.5.35_vite@8.0.14_@types+nod_5fa8c59fd6bd3d7d99a7d30aff164cf9/node_modules/@slidev/client/composables/useClicks.ts?v=1759ab92:117
[ 1423459ms] [WARNING] [slidev] ClicksContext: Unexpected register after mounted @ http://localhost:3032/@fs/Users/wraithy/Development/Trask/ClaudeCodePresentation/node_modules/.pnpm/@slidev+client@52.15.2_@nuxt+kit@3.21.6_@vue+compiler-sfc@3.5.35_vite@8.0.14_@types+nod_5fa8c59fd6bd3d7d99a7d30aff164cf9/node_modules/@slidev/client/composables/useClicks.ts?v=1759ab92:117
[ 1423459ms] [WARNING] [slidev] ClicksContext: Unexpected register after mounted @ http://localhost:3032/@fs/Users/wraithy/Development/Trask/ClaudeCodePresentation/node_modules/.pnpm/@slidev+client@52.15.2_@nuxt+kit@3.21.6_@vue+compiler-sfc@3.5.35_vite@8.0.14_@types+nod_5fa8c59fd6bd3d7d99a7d30aff164cf9/node_modules/@slidev/client/composables/useClicks.ts?v=1759ab92:117
[ 1423459ms] [WARNING] [slidev] ClicksContext: Unexpected register after mounted @ http://localhost:3032/@fs/Users/wraithy/Development/Trask/ClaudeCodePresentation/node_modules/.pnpm/@slidev+client@52.15.2_@nuxt+kit@3.21.6_@vue+compiler-sfc@3.5.35_vite@8.0.14_@types+nod_5fa8c59fd6bd3d7d99a7d30aff164cf9/node_modules/@slidev/client/composables/useClicks.ts?v=1759ab92:117
[ 1423459ms] [WARNING] [slidev] ClicksContext: Unexpected register after mounted @ http://localhost:3032/@fs/Users/wraithy/Development/Trask/ClaudeCodePresentation/node_modules/.pnpm/@slidev+client@52.15.2_@nuxt+kit@3.21.6_@vue+compiler-sfc@3.5.35_vite@8.0.14_@types+nod_5fa8c59fd6bd3d7d99a7d30aff164cf9/node_modules/@slidev/client/composables/useClicks.ts?v=1759ab92:117
[ 1423459ms] [WARNING] [slidev] ClicksContext: Unexpected register after mounted @ http://localhost:3032/@fs/Users/wraithy/Development/Trask/ClaudeCodePresentation/node_modules/.pnpm/@slidev+client@52.15.2_@nuxt+kit@3.21.6_@vue+compiler-sfc@3.5.35_vite@8.0.14_@types+nod_5fa8c59fd6bd3d7d99a7d30aff164cf9/node_modules/@slidev/client/composables/useClicks.ts?v=1759ab92:117
[ 1423459ms] [WARNING] [slidev] ClicksContext: Unexpected register after mounted @ http://localhost:3032/@fs/Users/wraithy/Development/Trask/ClaudeCodePresentation/node_modules/.pnpm/@slidev+client@52.15.2_@nuxt+kit@3.21.6_@vue+compiler-sfc@3.5.35_vite@8.0.14_@types+nod_5fa8c59fd6bd3d7d99a7d30aff164cf9/node_modules/@slidev/client/composables/useClicks.ts?v=1759ab92:117
[ 1423459ms] [WARNING] [slidev] ClicksContext: Unexpected register after mounted @ http://localhost:3032/@fs/Users/wraithy/Development/Trask/ClaudeCodePresentation/node_modules/.pnpm/@slidev+client@52.15.2_@nuxt+kit@3.21.6_@vue+compiler-sfc@3.5.35_vite@8.0.14_@types+nod_5fa8c59fd6bd3d7d99a7d30aff164cf9/node_modules/@slidev/client/composables/useClicks.ts?v=1759ab92:117
[ 1423459ms] [WARNING] [slidev] ClicksContext: Unexpected register after mounted @ http://localhost:3032/@fs/Users/wraithy/Development/Trask/ClaudeCodePresentation/node_modules/.pnpm/@slidev+client@52.15.2_@nuxt+kit@3.21.6_@vue+compiler-sfc@3.5.35_vite@8.0.14_@types+nod_5fa8c59fd6bd3d7d99a7d30aff164cf9/node_modules/@slidev/client/composables/useClicks.ts?v=1759ab92:117
[ 1423459ms] [WARNING] [slidev] ClicksContext: Unexpected register after mounted @ http://localhost:3032/@fs/Users/wraithy/Development/Trask/ClaudeCodePresentation/node_modules/.pnpm/@slidev+client@52.15.2_@nuxt+kit@3.21.6_@vue+compiler-sfc@3.5.35_vite@8.0.14_@types+nod_5fa8c59fd6bd3d7d99a7d30aff164cf9/node_modules/@slidev/client/composables/useClicks.ts?v=1759ab92:117
[ 1423459ms] [WARNING] [slidev] ClicksContext: Unexpected register after mounted @ http://localhost:3032/@fs/Users/wraithy/Development/Trask/ClaudeCodePresentation/node_modules/.pnpm/@slidev+client@52.15.2_@nuxt+kit@3.21.6_@vue+compiler-sfc@3.5.35_vite@8.0.14_@types+nod_5fa8c59fd6bd3d7d99a7d30aff164cf9/node_modules/@slidev/client/composables/useClicks.ts?v=1759ab92:117
[ 1423459ms] [WARNING] [slidev] ClicksContext: Unexpected register after mounted @ http://localhost:3032/@fs/Users/wraithy/Development/Trask/ClaudeCodePresentation/node_modules/.pnpm/@slidev+client@52.15.2_@nuxt+kit@3.21.6_@vue+compiler-sfc@3.5.35_vite@8.0.14_@types+nod_5fa8c59fd6bd3d7d99a7d30aff164cf9/node_modules/@slidev/client/composables/useClicks.ts?v=1759ab92:117
[ 1423459ms] [WARNING] [slidev] ClicksContext: Unexpected register after mounted @ http://localhost:3032/@fs/Users/wraithy/Development/Trask/ClaudeCodePresentation/node_modules/.pnpm/@slidev+client@52.15.2_@nuxt+kit@3.21.6_@vue+compiler-sfc@3.5.35_vite@8.0.14_@types+nod_5fa8c59fd6bd3d7d99a7d30aff164cf9/node_modules/@slidev/client/composables/useClicks.ts?v=1759ab92:117
[ 1423459ms] [WARNING] [slidev] ClicksContext: Unexpected register after mounted @ http://localhost:3032/@fs/Users/wraithy/Development/Trask/ClaudeCodePresentation/node_modules/.pnpm/@slidev+client@52.15.2_@nuxt+kit@3.21.6_@vue+compiler-sfc@3.5.35_vite@8.0.14_@types+nod_5fa8c59fd6bd3d7d99a7d30aff164cf9/node_modules/@slidev/client/composables/useClicks.ts?v=1759ab92:117
[ 1423460ms] [WARNING] [slidev] ClicksContext: Unexpected register after mounted @ http://localhost:3032/@fs/Users/wraithy/Development/Trask/ClaudeCodePresentation/node_modules/.pnpm/@slidev+client@52.15.2_@nuxt+kit@3.21.6_@vue+compiler-sfc@3.5.35_vite@8.0.14_@types+nod_5fa8c59fd6bd3d7d99a7d30aff164cf9/node_modules/@slidev/client/composables/useClicks.ts?v=1759ab92:117
[ 1423460ms] [WARNING] [slidev] ClicksContext: Unexpected register after mounted @ http://localhost:3032/@fs/Users/wraithy/Development/Trask/ClaudeCodePresentation/node_modules/.pnpm/@slidev+client@52.15.2_@nuxt+kit@3.21.6_@vue+compiler-sfc@3.5.35_vite@8.0.14_@types+nod_5fa8c59fd6bd3d7d99a7d30aff164cf9/node_modules/@slidev/client/composables/useClicks.ts?v=1759ab92:117
[ 1423460ms] [WARNING] [slidev] ClicksContext: Unexpected register after mounted @ http://localhost:3032/@fs/Users/wraithy/Development/Trask/ClaudeCodePresentation/node_modules/.pnpm/@slidev+client@52.15.2_@nuxt+kit@3.21.6_@vue+compiler-sfc@3.5.35_vite@8.0.14_@types+nod_5fa8c59fd6bd3d7d99a7d30aff164cf9/node_modules/@slidev/client/composables/useClicks.ts?v=1759ab92:117
[ 1423460ms] [WARNING] [slidev] ClicksContext: Unexpected register after mounted @ http://localhost:3032/@fs/Users/wraithy/Development/Trask/ClaudeCodePresentation/node_modules/.pnpm/@slidev+client@52.15.2_@nuxt+kit@3.21.6_@vue+compiler-sfc@3.5.35_vite@8.0.14_@types+nod_5fa8c59fd6bd3d7d99a7d30aff164cf9/node_modules/@slidev/client/composables/useClicks.ts?v=1759ab92:117
[ 1423460ms] [WARNING] [slidev] ClicksContext: Unexpected register after mounted @ http://localhost:3032/@fs/Users/wraithy/Development/Trask/ClaudeCodePresentation/node_modules/.pnpm/@slidev+client@52.15.2_@nuxt+kit@3.21.6_@vue+compiler-sfc@3.5.35_vite@8.0.14_@types+nod_5fa8c59fd6bd3d7d99a7d30aff164cf9/node_modules/@slidev/client/composables/useClicks.ts?v=1759ab92:117
[ 1423460ms] [WARNING] [slidev] ClicksContext: Unexpected register after mounted @ http://localhost:3032/@fs/Users/wraithy/Development/Trask/ClaudeCodePresentation/node_modules/.pnpm/@slidev+client@52.15.2_@nuxt+kit@3.21.6_@vue+compiler-sfc@3.5.35_vite@8.0.14_@types+nod_5fa8c59fd6bd3d7d99a7d30aff164cf9/node_modules/@slidev/client/composables/useClicks.ts?v=1759ab92:117
[ 1423460ms] [WARNING] [slidev] ClicksContext: Unexpected register after mounted @ http://localhost:3032/@fs/Users/wraithy/Development/Trask/ClaudeCodePresentation/node_modules/.pnpm/@slidev+client@52.15.2_@nuxt+kit@3.21.6_@vue+compiler-sfc@3.5.35_vite@8.0.14_@types+nod_5fa8c59fd6bd3d7d99a7d30aff164cf9/node_modules/@slidev/client/composables/useClicks.ts?v=1759ab92:117
[ 1423461ms] [WARNING] [slidev] ClicksContext: Unexpected register after mounted @ http://localhost:3032/@fs/Users/wraithy/Development/Trask/ClaudeCodePresentation/node_modules/.pnpm/@slidev+client@52.15.2_@nuxt+kit@3.21.6_@vue+compiler-sfc@3.5.35_vite@8.0.14_@types+nod_5fa8c59fd6bd3d7d99a7d30aff164cf9/node_modules/@slidev/client/composables/useClicks.ts?v=1759ab92:117
[ 1423461ms] [WARNING] [slidev] ClicksContext: Unexpected register after mounted @ http://localhost:3032/@fs/Users/wraithy/Development/Trask/ClaudeCodePresentation/node_modules/.pnpm/@slidev+client@52.15.2_@nuxt+kit@3.21.6_@vue+compiler-sfc@3.5.35_vite@8.0.14_@types+nod_5fa8c59fd6bd3d7d99a7d30aff164cf9/node_modules/@slidev/client/composables/useClicks.ts?v=1759ab92:117
[ 1423461ms] [WARNING] [slidev] ClicksContext: Unexpected register after mounted @ http://localhost:3032/@fs/Users/wraithy/Development/Trask/ClaudeCodePresentation/node_modules/.pnpm/@slidev+client@52.15.2_@nuxt+kit@3.21.6_@vue+compiler-sfc@3.5.35_vite@8.0.14_@types+nod_5fa8c59fd6bd3d7d99a7d30aff164cf9/node_modules/@slidev/client/composables/useClicks.ts?v=1759ab92:117
[ 1423461ms] [WARNING] [slidev] ClicksContext: Unexpected register after mounted @ http://localhost:3032/@fs/Users/wraithy/Development/Trask/ClaudeCodePresentation/node_modules/.pnpm/@slidev+client@52.15.2_@nuxt+kit@3.21.6_@vue+compiler-sfc@3.5.35_vite@8.0.14_@types+nod_5fa8c59fd6bd3d7d99a7d30aff164cf9/node_modules/@slidev/client/composables/useClicks.ts?v=1759ab92:117
[ 1423461ms] [WARNING] [slidev] ClicksContext: Unexpected register after mounted @ http://localhost:3032/@fs/Users/wraithy/Development/Trask/ClaudeCodePresentation/node_modules/.pnpm/@slidev+client@52.15.2_@nuxt+kit@3.21.6_@vue+compiler-sfc@3.5.35_vite@8.0.14_@types+nod_5fa8c59fd6bd3d7d99a7d30aff164cf9/node_modules/@slidev/client/composables/useClicks.ts?v=1759ab92:117
[ 1423461ms] [WARNING] [slidev] ClicksContext: Unexpected register after mounted @ http://localhost:3032/@fs/Users/wraithy/Development/Trask/ClaudeCodePresentation/node_modules/.pnpm/@slidev+client@52.15.2_@nuxt+kit@3.21.6_@vue+compiler-sfc@3.5.35_vite@8.0.14_@types+nod_5fa8c59fd6bd3d7d99a7d30aff164cf9/node_modules/@slidev/client/composables/useClicks.ts?v=1759ab92:117
[ 1423461ms] [WARNING] [slidev] ClicksContext: Unexpected register after mounted @ http://localhost:3032/@fs/Users/wraithy/Development/Trask/ClaudeCodePresentation/node_modules/.pnpm/@slidev+client@52.15.2_@nuxt+kit@3.21.6_@vue+compiler-sfc@3.5.35_vite@8.0.14_@types+nod_5fa8c59fd6bd3d7d99a7d30aff164cf9/node_modules/@slidev/client/composables/useClicks.ts?v=1759ab92:117
[ 1423461ms] [WARNING] [slidev] ClicksContext: Unexpected register after mounted @ http://localhost:3032/@fs/Users/wraithy/Development/Trask/ClaudeCodePresentation/node_modules/.pnpm/@slidev+client@52.15.2_@nuxt+kit@3.21.6_@vue+compiler-sfc@3.5.35_vite@8.0.14_@types+nod_5fa8c59fd6bd3d7d99a7d30aff164cf9/node_modules/@slidev/client/composables/useClicks.ts?v=1759ab92:117
[ 1423461ms] [WARNING] [slidev] ClicksContext: Unexpected register after mounted @ http://localhost:3032/@fs/Users/wraithy/Development/Trask/ClaudeCodePresentation/node_modules/.pnpm/@slidev+client@52.15.2_@nuxt+kit@3.21.6_@vue+compiler-sfc@3.5.35_vite@8.0.14_@types+nod_5fa8c59fd6bd3d7d99a7d30aff164cf9/node_modules/@slidev/client/composables/useClicks.ts?v=1759ab92:117
[ 1423461ms] [WARNING] [slidev] ClicksContext: Unexpected register after mounted @ http://localhost:3032/@fs/Users/wraithy/Development/Trask/ClaudeCodePresentation/node_modules/.pnpm/@slidev+client@52.15.2_@nuxt+kit@3.21.6_@vue+compiler-sfc@3.5.35_vite@8.0.14_@types+nod_5fa8c59fd6bd3d7d99a7d30aff164cf9/node_modules/@slidev/client/composables/useClicks.ts?v=1759ab92:117
[ 1423461ms] [WARNING] [slidev] ClicksContext: Unexpected register after mounted @ http://localhost:3032/@fs/Users/wraithy/Development/Trask/ClaudeCodePresentation/node_modules/.pnpm/@slidev+client@52.15.2_@nuxt+kit@3.21.6_@vue+compiler-sfc@3.5.35_vite@8.0.14_@types+nod_5fa8c59fd6bd3d7d99a7d30aff164cf9/node_modules/@slidev/client/composables/useClicks.ts?v=1759ab92:117
[ 1423461ms] [WARNING] [slidev] ClicksContext: Unexpected register after mounted @ http://localhost:3032/@fs/Users/wraithy/Development/Trask/ClaudeCodePresentation/node_modules/.pnpm/@slidev+client@52.15.2_@nuxt+kit@3.21.6_@vue+compiler-sfc@3.5.35_vite@8.0.14_@types+nod_5fa8c59fd6bd3d7d99a7d30aff164cf9/node_modules/@slidev/client/composables/useClicks.ts?v=1759ab92:117
[ 1423461ms] [WARNING] [slidev] ClicksContext: Unexpected register after mounted @ http://localhost:3032/@fs/Users/wraithy/Development/Trask/ClaudeCodePresentation/node_modules/.pnpm/@slidev+client@52.15.2_@nuxt+kit@3.21.6_@vue+compiler-sfc@3.5.35_vite@8.0.14_@types+nod_5fa8c59fd6bd3d7d99a7d30aff164cf9/node_modules/@slidev/client/composables/useClicks.ts?v=1759ab92:117
[ 1423461ms] [WARNING] [slidev] ClicksContext: Unexpected register after mounted @ http://localhost:3032/@fs/Users/wraithy/Development/Trask/ClaudeCodePresentation/node_modules/.pnpm/@slidev+client@52.15.2_@nuxt+kit@3.21.6_@vue+compiler-sfc@3.5.35_vite@8.0.14_@types+nod_5fa8c59fd6bd3d7d99a7d30aff164cf9/node_modules/@slidev/client/composables/useClicks.ts?v=1759ab92:117
[ 1423461ms] [WARNING] [slidev] ClicksContext: Unexpected register after mounted @ http://localhost:3032/@fs/Users/wraithy/Development/Trask/ClaudeCodePresentation/node_modules/.pnpm/@slidev+client@52.15.2_@nuxt+kit@3.21.6_@vue+compiler-sfc@3.5.35_vite@8.0.14_@types+nod_5fa8c59fd6bd3d7d99a7d30aff164cf9/node_modules/@slidev/client/composables/useClicks.ts?v=1759ab92:117
[ 1423461ms] [WARNING] [slidev] ClicksContext: Unexpected register after mounted @ http://localhost:3032/@fs/Users/wraithy/Development/Trask/ClaudeCodePresentation/node_modules/.pnpm/@slidev+client@52.15.2_@nuxt+kit@3.21.6_@vue+compiler-sfc@3.5.35_vite@8.0.14_@types+nod_5fa8c59fd6bd3d7d99a7d30aff164cf9/node_modules/@slidev/client/composables/useClicks.ts?v=1759ab92:117
[ 1423461ms] [WARNING] [slidev] ClicksContext: Unexpected register after mounted @ http://localhost:3032/@fs/Users/wraithy/Development/Trask/ClaudeCodePresentation/node_modules/.pnpm/@slidev+client@52.15.2_@nuxt+kit@3.21.6_@vue+compiler-sfc@3.5.35_vite@8.0.14_@types+nod_5fa8c59fd6bd3d7d99a7d30aff164cf9/node_modules/@slidev/client/composables/useClicks.ts?v=1759ab92:117
[ 1423461ms] [WARNING] [slidev] ClicksContext: Unexpected register after mounted @ http://localhost:3032/@fs/Users/wraithy/Development/Trask/ClaudeCodePresentation/node_modules/.pnpm/@slidev+client@52.15.2_@nuxt+kit@3.21.6_@vue+compiler-sfc@3.5.35_vite@8.0.14_@types+nod_5fa8c59fd6bd3d7d99a7d30aff164cf9/node_modules/@slidev/client/composables/useClicks.ts?v=1759ab92:117
[ 1423461ms] [WARNING] [slidev] ClicksContext: Unexpected register after mounted @ http://localhost:3032/@fs/Users/wraithy/Development/Trask/ClaudeCodePresentation/node_modules/.pnpm/@slidev+client@52.15.2_@nuxt+kit@3.21.6_@vue+compiler-sfc@3.5.35_vite@8.0.14_@types+nod_5fa8c59fd6bd3d7d99a7d30aff164cf9/node_modules/@slidev/client/composables/useClicks.ts?v=1759ab92:117
[ 1423461ms] [WARNING] [slidev] ClicksContext: Unexpected register after mounted @ http://localhost:3032/@fs/Users/wraithy/Development/Trask/ClaudeCodePresentation/node_modules/.pnpm/@slidev+client@52.15.2_@nuxt+kit@3.21.6_@vue+compiler-sfc@3.5.35_vite@8.0.14_@types+nod_5fa8c59fd6bd3d7d99a7d30aff164cf9/node_modules/@slidev/client/composables/useClicks.ts?v=1759ab92:117
[ 1423461ms] [WARNING] [slidev] ClicksContext: Unexpected register after mounted @ http://localhost:3032/@fs/Users/wraithy/Development/Trask/ClaudeCodePresentation/node_modules/.pnpm/@slidev+client@52.15.2_@nuxt+kit@3.21.6_@vue+compiler-sfc@3.5.35_vite@8.0.14_@types+nod_5fa8c59fd6bd3d7d99a7d30aff164cf9/node_modules/@slidev/client/composables/useClicks.ts?v=1759ab92:117
[ 1423461ms] [WARNING] [slidev] ClicksContext: Unexpected register after mounted @ http://localhost:3032/@fs/Users/wraithy/Development/Trask/ClaudeCodePresentation/node_modules/.pnpm/@slidev+client@52.15.2_@nuxt+kit@3.21.6_@vue+compiler-sfc@3.5.35_vite@8.0.14_@types+nod_5fa8c59fd6bd3d7d99a7d30aff164cf9/node_modules/@slidev/client/composables/useClicks.ts?v=1759ab92:117
[ 1423461ms] [WARNING] [slidev] ClicksContext: Unexpected register after mounted @ http://localhost:3032/@fs/Users/wraithy/Development/Trask/ClaudeCodePresentation/node_modules/.pnpm/@slidev+client@52.15.2_@nuxt+kit@3.21.6_@vue+compiler-sfc@3.5.35_vite@8.0.14_@types+nod_5fa8c59fd6bd3d7d99a7d30aff164cf9/node_modules/@slidev/client/composables/useClicks.ts?v=1759ab92:117
[ 1423462ms] [WARNING] [slidev] ClicksContext: Unexpected register after mounted @ http://localhost:3032/@fs/Users/wraithy/Development/Trask/ClaudeCodePresentation/node_modules/.pnpm/@slidev+client@52.15.2_@nuxt+kit@3.21.6_@vue+compiler-sfc@3.5.35_vite@8.0.14_@types+nod_5fa8c59fd6bd3d7d99a7d30aff164cf9/node_modules/@slidev/client/composables/useClicks.ts?v=1759ab92:117
[ 1423462ms] [WARNING] [slidev] ClicksContext: Unexpected register after mounted @ http://localhost:3032/@fs/Users/wraithy/Development/Trask/ClaudeCodePresentation/node_modules/.pnpm/@slidev+client@52.15.2_@nuxt+kit@3.21.6_@vue+compiler-sfc@3.5.35_vite@8.0.14_@types+nod_5fa8c59fd6bd3d7d99a7d30aff164cf9/node_modules/@slidev/client/composables/useClicks.ts?v=1759ab92:117
[ 1423462ms] [WARNING] [slidev] ClicksContext: Unexpected register after mounted @ http://localhost:3032/@fs/Users/wraithy/Development/Trask/ClaudeCodePresentation/node_modules/.pnpm/@slidev+client@52.15.2_@nuxt+kit@3.21.6_@vue+compiler-sfc@3.5.35_vite@8.0.14_@types+nod_5fa8c59fd6bd3d7d99a7d30aff164cf9/node_modules/@slidev/client/composables/useClicks.ts?v=1759ab92:117
[ 1423462ms] [WARNING] [slidev] ClicksContext: Unexpected register after mounted @ http://localhost:3032/@fs/Users/wraithy/Development/Trask/ClaudeCodePresentation/node_modules/.pnpm/@slidev+client@52.15.2_@nuxt+kit@3.21.6_@vue+compiler-sfc@3.5.35_vite@8.0.14_@types+nod_5fa8c59fd6bd3d7d99a7d30aff164cf9/node_modules/@slidev/client/composables/useClicks.ts?v=1759ab92:117
[ 1423462ms] [WARNING] [slidev] ClicksContext: Unexpected register after mounted @ http://localhost:3032/@fs/Users/wraithy/Development/Trask/ClaudeCodePresentation/node_modules/.pnpm/@slidev+client@52.15.2_@nuxt+kit@3.21.6_@vue+compiler-sfc@3.5.35_vite@8.0.14_@types+nod_5fa8c59fd6bd3d7d99a7d30aff164cf9/node_modules/@slidev/client/composables/useClicks.ts?v=1759ab92:117
[ 1423462ms] [WARNING] [slidev] ClicksContext: Unexpected register after mounted @ http://localhost:3032/@fs/Users/wraithy/Development/Trask/ClaudeCodePresentation/node_modules/.pnpm/@slidev+client@52.15.2_@nuxt+kit@3.21.6_@vue+compiler-sfc@3.5.35_vite@8.0.14_@types+nod_5fa8c59fd6bd3d7d99a7d30aff164cf9/node_modules/@slidev/client/composables/useClicks.ts?v=1759ab92:117
[ 1423462ms] [WARNING] [slidev] ClicksContext: Unexpected register after mounted @ http://localhost:3032/@fs/Users/wraithy/Development/Trask/ClaudeCodePresentation/node_modules/.pnpm/@slidev+client@52.15.2_@nuxt+kit@3.21.6_@vue+compiler-sfc@3.5.35_vite@8.0.14_@types+nod_5fa8c59fd6bd3d7d99a7d30aff164cf9/node_modules/@slidev/client/composables/useClicks.ts?v=1759ab92:117
[ 1423462ms] [WARNING] [slidev] ClicksContext: Unexpected register after mounted @ http://localhost:3032/@fs/Users/wraithy/Development/Trask/ClaudeCodePresentation/node_modules/.pnpm/@slidev+client@52.15.2_@nuxt+kit@3.21.6_@vue+compiler-sfc@3.5.35_vite@8.0.14_@types+nod_5fa8c59fd6bd3d7d99a7d30aff164cf9/node_modules/@slidev/client/composables/useClicks.ts?v=1759ab92:117
[ 1423462ms] [WARNING] [slidev] ClicksContext: Unexpected register after mounted @ http://localhost:3032/@fs/Users/wraithy/Development/Trask/ClaudeCodePresentation/node_modules/.pnpm/@slidev+client@52.15.2_@nuxt+kit@3.21.6_@vue+compiler-sfc@3.5.35_vite@8.0.14_@types+nod_5fa8c59fd6bd3d7d99a7d30aff164cf9/node_modules/@slidev/client/composables/useClicks.ts?v=1759ab92:117
[ 1423462ms] [WARNING] [slidev] ClicksContext: Unexpected register after mounted @ http://localhost:3032/@fs/Users/wraithy/Development/Trask/ClaudeCodePresentation/node_modules/.pnpm/@slidev+client@52.15.2_@nuxt+kit@3.21.6_@vue+compiler-sfc@3.5.35_vite@8.0.14_@types+nod_5fa8c59fd6bd3d7d99a7d30aff164cf9/node_modules/@slidev/client/composables/useClicks.ts?v=1759ab92:117
[ 1423462ms] [WARNING] [slidev] ClicksContext: Unexpected register after mounted @ http://localhost:3032/@fs/Users/wraithy/Development/Trask/ClaudeCodePresentation/node_modules/.pnpm/@slidev+client@52.15.2_@nuxt+kit@3.21.6_@vue+compiler-sfc@3.5.35_vite@8.0.14_@types+nod_5fa8c59fd6bd3d7d99a7d30aff164cf9/node_modules/@slidev/client/composables/useClicks.ts?v=1759ab92:117
[ 1423462ms] [WARNING] [slidev] ClicksContext: Unexpected register after mounted @ http://localhost:3032/@fs/Users/wraithy/Development/Trask/ClaudeCodePresentation/node_modules/.pnpm/@slidev+client@52.15.2_@nuxt+kit@3.21.6_@vue+compiler-sfc@3.5.35_vite@8.0.14_@types+nod_5fa8c59fd6bd3d7d99a7d30aff164cf9/node_modules/@slidev/client/composables/useClicks.ts?v=1759ab92:117
[ 1423462ms] [WARNING] [slidev] ClicksContext: Unexpected register after mounted @ http://localhost:3032/@fs/Users/wraithy/Development/Trask/ClaudeCodePresentation/node_modules/.pnpm/@slidev+client@52.15.2_@nuxt+kit@3.21.6_@vue+compiler-sfc@3.5.35_vite@8.0.14_@types+nod_5fa8c59fd6bd3d7d99a7d30aff164cf9/node_modules/@slidev/client/composables/useClicks.ts?v=1759ab92:117
[ 1423463ms] [WARNING] [slidev] ClicksContext: Unexpected register after mounted @ http://localhost:3032/@fs/Users/wraithy/Development/Trask/ClaudeCodePresentation/node_modules/.pnpm/@slidev+client@52.15.2_@nuxt+kit@3.21.6_@vue+compiler-sfc@3.5.35_vite@8.0.14_@types+nod_5fa8c59fd6bd3d7d99a7d30aff164cf9/node_modules/@slidev/client/composables/useClicks.ts?v=1759ab92:117
[ 1423463ms] [WARNING] [slidev] ClicksContext: Unexpected register after mounted @ http://localhost:3032/@fs/Users/wraithy/Development/Trask/ClaudeCodePresentation/node_modules/.pnpm/@slidev+client@52.15.2_@nuxt+kit@3.21.6_@vue+compiler-sfc@3.5.35_vite@8.0.14_@types+nod_5fa8c59fd6bd3d7d99a7d30aff164cf9/node_modules/@slidev/client/composables/useClicks.ts?v=1759ab92:117
[ 1423463ms] [WARNING] [slidev] ClicksContext: Unexpected register after mounted @ http://localhost:3032/@fs/Users/wraithy/Development/Trask/ClaudeCodePresentation/node_modules/.pnpm/@slidev+client@52.15.2_@nuxt+kit@3.21.6_@vue+compiler-sfc@3.5.35_vite@8.0.14_@types+nod_5fa8c59fd6bd3d7d99a7d30aff164cf9/node_modules/@slidev/client/composables/useClicks.ts?v=1759ab92:117
[ 1423463ms] [WARNING] [slidev] ClicksContext: Unexpected register after mounted @ http://localhost:3032/@fs/Users/wraithy/Development/Trask/ClaudeCodePresentation/node_modules/.pnpm/@slidev+client@52.15.2_@nuxt+kit@3.21.6_@vue+compiler-sfc@3.5.35_vite@8.0.14_@types+nod_5fa8c59fd6bd3d7d99a7d30aff164cf9/node_modules/@slidev/client/composables/useClicks.ts?v=1759ab92:117
[ 1423463ms] [WARNING] [slidev] ClicksContext: Unexpected register after mounted @ http://localhost:3032/@fs/Users/wraithy/Development/Trask/ClaudeCodePresentation/node_modules/.pnpm/@slidev+client@52.15.2_@nuxt+kit@3.21.6_@vue+compiler-sfc@3.5.35_vite@8.0.14_@types+nod_5fa8c59fd6bd3d7d99a7d30aff164cf9/node_modules/@slidev/client/composables/useClicks.ts?v=1759ab92:117
[ 1423463ms] [WARNING] [slidev] ClicksContext: Unexpected register after mounted @ http://localhost:3032/@fs/Users/wraithy/Development/Trask/ClaudeCodePresentation/node_modules/.pnpm/@slidev+client@52.15.2_@nuxt+kit@3.21.6_@vue+compiler-sfc@3.5.35_vite@8.0.14_@types+nod_5fa8c59fd6bd3d7d99a7d30aff164cf9/node_modules/@slidev/client/composables/useClicks.ts?v=1759ab92:117
[ 1423463ms] [WARNING] [slidev] ClicksContext: Unexpected register after mounted @ http://localhost:3032/@fs/Users/wraithy/Development/Trask/ClaudeCodePresentation/node_modules/.pnpm/@slidev+client@52.15.2_@nuxt+kit@3.21.6_@vue+compiler-sfc@3.5.35_vite@8.0.14_@types+nod_5fa8c59fd6bd3d7d99a7d30aff164cf9/node_modules/@slidev/client/composables/useClicks.ts?v=1759ab92:117
[ 1423463ms] [WARNING] [slidev] ClicksContext: Unexpected register after mounted @ http://localhost:3032/@fs/Users/wraithy/Development/Trask/ClaudeCodePresentation/node_modules/.pnpm/@slidev+client@52.15.2_@nuxt+kit@3.21.6_@vue+compiler-sfc@3.5.35_vite@8.0.14_@types+nod_5fa8c59fd6bd3d7d99a7d30aff164cf9/node_modules/@slidev/client/composables/useClicks.ts?v=1759ab92:117
[ 1423463ms] [WARNING] [slidev] ClicksContext: Unexpected register after mounted @ http://localhost:3032/@fs/Users/wraithy/Development/Trask/ClaudeCodePresentation/node_modules/.pnpm/@slidev+client@52.15.2_@nuxt+kit@3.21.6_@vue+compiler-sfc@3.5.35_vite@8.0.14_@types+nod_5fa8c59fd6bd3d7d99a7d30aff164cf9/node_modules/@slidev/client/composables/useClicks.ts?v=1759ab92:117
[ 1423463ms] [WARNING] [slidev] ClicksContext: Unexpected register after mounted @ http://localhost:3032/@fs/Users/wraithy/Development/Trask/ClaudeCodePresentation/node_modules/.pnpm/@slidev+client@52.15.2_@nuxt+kit@3.21.6_@vue+compiler-sfc@3.5.35_vite@8.0.14_@types+nod_5fa8c59fd6bd3d7d99a7d30aff164cf9/node_modules/@slidev/client/composables/useClicks.ts?v=1759ab92:117
[ 1423463ms] [WARNING] [slidev] ClicksContext: Unexpected register after mounted @ http://localhost:3032/@fs/Users/wraithy/Development/Trask/ClaudeCodePresentation/node_modules/.pnpm/@slidev+client@52.15.2_@nuxt+kit@3.21.6_@vue+compiler-sfc@3.5.35_vite@8.0.14_@types+nod_5fa8c59fd6bd3d7d99a7d30aff164cf9/node_modules/@slidev/client/composables/useClicks.ts?v=1759ab92:117
[ 1423463ms] [WARNING] [slidev] ClicksContext: Unexpected register after mounted @ http://localhost:3032/@fs/Users/wraithy/Development/Trask/ClaudeCodePresentation/node_modules/.pnpm/@slidev+client@52.15.2_@nuxt+kit@3.21.6_@vue+compiler-sfc@3.5.35_vite@8.0.14_@types+nod_5fa8c59fd6bd3d7d99a7d30aff164cf9/node_modules/@slidev/client/composables/useClicks.ts?v=1759ab92:117
[ 1423463ms] [WARNING] [slidev] ClicksContext: Unexpected register after mounted @ http://localhost:3032/@fs/Users/wraithy/Development/Trask/ClaudeCodePresentation/node_modules/.pnpm/@slidev+client@52.15.2_@nuxt+kit@3.21.6_@vue+compiler-sfc@3.5.35_vite@8.0.14_@types+nod_5fa8c59fd6bd3d7d99a7d30aff164cf9/node_modules/@slidev/client/composables/useClicks.ts?v=1759ab92:117
[ 1423463ms] [WARNING] [slidev] ClicksContext: Unexpected register after mounted @ http://localhost:3032/@fs/Users/wraithy/Development/Trask/ClaudeCodePresentation/node_modules/.pnpm/@slidev+client@52.15.2_@nuxt+kit@3.21.6_@vue+compiler-sfc@3.5.35_vite@8.0.14_@types+nod_5fa8c59fd6bd3d7d99a7d30aff164cf9/node_modules/@slidev/client/composables/useClicks.ts?v=1759ab92:117
[ 1423463ms] [WARNING] [slidev] ClicksContext: Unexpected register after mounted @ http://localhost:3032/@fs/Users/wraithy/Development/Trask/ClaudeCodePresentation/node_modules/.pnpm/@slidev+client@52.15.2_@nuxt+kit@3.21.6_@vue+compiler-sfc@3.5.35_vite@8.0.14_@types+nod_5fa8c59fd6bd3d7d99a7d30aff164cf9/node_modules/@slidev/client/composables/useClicks.ts?v=1759ab92:117
[ 1423463ms] [WARNING] [slidev] ClicksContext: Unexpected register after mounted @ http://localhost:3032/@fs/Users/wraithy/Development/Trask/ClaudeCodePresentation/node_modules/.pnpm/@slidev+client@52.15.2_@nuxt+kit@3.21.6_@vue+compiler-sfc@3.5.35_vite@8.0.14_@types+nod_5fa8c59fd6bd3d7d99a7d30aff164cf9/node_modules/@slidev/client/composables/useClicks.ts?v=1759ab92:117
[ 1423463ms] [WARNING] [slidev] ClicksContext: Unexpected register after mounted @ http://localhost:3032/@fs/Users/wraithy/Development/Trask/ClaudeCodePresentation/node_modules/.pnpm/@slidev+client@52.15.2_@nuxt+kit@3.21.6_@vue+compiler-sfc@3.5.35_vite@8.0.14_@types+nod_5fa8c59fd6bd3d7d99a7d30aff164cf9/node_modules/@slidev/client/composables/useClicks.ts?v=1759ab92:117
[ 1423463ms] [WARNING] [slidev] ClicksContext: Unexpected register after mounted @ http://localhost:3032/@fs/Users/wraithy/Development/Trask/ClaudeCodePresentation/node_modules/.pnpm/@slidev+client@52.15.2_@nuxt+kit@3.21.6_@vue+compiler-sfc@3.5.35_vite@8.0.14_@types+nod_5fa8c59fd6bd3d7d99a7d30aff164cf9/node_modules/@slidev/client/composables/useClicks.ts?v=1759ab92:117
[ 1423463ms] [WARNING] [slidev] ClicksContext: Unexpected register after mounted @ http://localhost:3032/@fs/Users/wraithy/Development/Trask/ClaudeCodePresentation/node_modules/.pnpm/@slidev+client@52.15.2_@nuxt+kit@3.21.6_@vue+compiler-sfc@3.5.35_vite@8.0.14_@types+nod_5fa8c59fd6bd3d7d99a7d30aff164cf9/node_modules/@slidev/client/composables/useClicks.ts?v=1759ab92:117
[ 1423463ms] [WARNING] [slidev] ClicksContext: Unexpected register after mounted @ http://localhost:3032/@fs/Users/wraithy/Development/Trask/ClaudeCodePresentation/node_modules/.pnpm/@slidev+client@52.15.2_@nuxt+kit@3.21.6_@vue+compiler-sfc@3.5.35_vite@8.0.14_@types+nod_5fa8c59fd6bd3d7d99a7d30aff164cf9/node_modules/@slidev/client/composables/useClicks.ts?v=1759ab92:117
[ 1423463ms] [WARNING] [slidev] ClicksContext: Unexpected register after mounted @ http://localhost:3032/@fs/Users/wraithy/Development/Trask/ClaudeCodePresentation/node_modules/.pnpm/@slidev+client@52.15.2_@nuxt+kit@3.21.6_@vue+compiler-sfc@3.5.35_vite@8.0.14_@types+nod_5fa8c59fd6bd3d7d99a7d30aff164cf9/node_modules/@slidev/client/composables/useClicks.ts?v=1759ab92:117
[ 1423463ms] [WARNING] [slidev] ClicksContext: Unexpected register after mounted @ http://localhost:3032/@fs/Users/wraithy/Development/Trask/ClaudeCodePresentation/node_modules/.pnpm/@slidev+client@52.15.2_@nuxt+kit@3.21.6_@vue+compiler-sfc@3.5.35_vite@8.0.14_@types+nod_5fa8c59fd6bd3d7d99a7d30aff164cf9/node_modules/@slidev/client/composables/useClicks.ts?v=1759ab92:117
[ 1423463ms] [WARNING] [slidev] ClicksContext: Unexpected register after mounted @ http://localhost:3032/@fs/Users/wraithy/Development/Trask/ClaudeCodePresentation/node_modules/.pnpm/@slidev+client@52.15.2_@nuxt+kit@3.21.6_@vue+compiler-sfc@3.5.35_vite@8.0.14_@types+nod_5fa8c59fd6bd3d7d99a7d30aff164cf9/node_modules/@slidev/client/composables/useClicks.ts?v=1759ab92:117
[ 1423463ms] [WARNING] [slidev] ClicksContext: Unexpected register after mounted @ http://localhost:3032/@fs/Users/wraithy/Development/Trask/ClaudeCodePresentation/node_modules/.pnpm/@slidev+client@52.15.2_@nuxt+kit@3.21.6_@vue+compiler-sfc@3.5.35_vite@8.0.14_@types+nod_5fa8c59fd6bd3d7d99a7d30aff164cf9/node_modules/@slidev/client/composables/useClicks.ts?v=1759ab92:117
[ 1423464ms] [WARNING] [slidev] ClicksContext: Unexpected register after mounted @ http://localhost:3032/@fs/Users/wraithy/Development/Trask/ClaudeCodePresentation/node_modules/.pnpm/@slidev+client@52.15.2_@nuxt+kit@3.21.6_@vue+compiler-sfc@3.5.35_vite@8.0.14_@types+nod_5fa8c59fd6bd3d7d99a7d30aff164cf9/node_modules/@slidev/client/composables/useClicks.ts?v=1759ab92:117
[ 1423464ms] [WARNING] [slidev] ClicksContext: Unexpected register after mounted @ http://localhost:3032/@fs/Users/wraithy/Development/Trask/ClaudeCodePresentation/node_modules/.pnpm/@slidev+client@52.15.2_@nuxt+kit@3.21.6_@vue+compiler-sfc@3.5.35_vite@8.0.14_@types+nod_5fa8c59fd6bd3d7d99a7d30aff164cf9/node_modules/@slidev/client/composables/useClicks.ts?v=1759ab92:117
[ 1423464ms] [WARNING] [slidev] ClicksContext: Unexpected register after mounted @ http://localhost:3032/@fs/Users/wraithy/Development/Trask/ClaudeCodePresentation/node_modules/.pnpm/@slidev+client@52.15.2_@nuxt+kit@3.21.6_@vue+compiler-sfc@3.5.35_vite@8.0.14_@types+nod_5fa8c59fd6bd3d7d99a7d30aff164cf9/node_modules/@slidev/client/composables/useClicks.ts?v=1759ab92:117
[ 1423464ms] [WARNING] [slidev] ClicksContext: Unexpected register after mounted @ http://localhost:3032/@fs/Users/wraithy/Development/Trask/ClaudeCodePresentation/node_modules/.pnpm/@slidev+client@52.15.2_@nuxt+kit@3.21.6_@vue+compiler-sfc@3.5.35_vite@8.0.14_@types+nod_5fa8c59fd6bd3d7d99a7d30aff164cf9/node_modules/@slidev/client/composables/useClicks.ts?v=1759ab92:117
[ 1423464ms] [WARNING] [slidev] ClicksContext: Unexpected register after mounted @ http://localhost:3032/@fs/Users/wraithy/Development/Trask/ClaudeCodePresentation/node_modules/.pnpm/@slidev+client@52.15.2_@nuxt+kit@3.21.6_@vue+compiler-sfc@3.5.35_vite@8.0.14_@types+nod_5fa8c59fd6bd3d7d99a7d30aff164cf9/node_modules/@slidev/client/composables/useClicks.ts?v=1759ab92:117
[ 1423464ms] [WARNING] [slidev] ClicksContext: Unexpected register after mounted @ http://localhost:3032/@fs/Users/wraithy/Development/Trask/ClaudeCodePresentation/node_modules/.pnpm/@slidev+client@52.15.2_@nuxt+kit@3.21.6_@vue+compiler-sfc@3.5.35_vite@8.0.14_@types+nod_5fa8c59fd6bd3d7d99a7d30aff164cf9/node_modules/@slidev/client/composables/useClicks.ts?v=1759ab92:117
[ 1423464ms] [WARNING] [slidev] ClicksContext: Unexpected register after mounted @ http://localhost:3032/@fs/Users/wraithy/Development/Trask/ClaudeCodePresentation/node_modules/.pnpm/@slidev+client@52.15.2_@nuxt+kit@3.21.6_@vue+compiler-sfc@3.5.35_vite@8.0.14_@types+nod_5fa8c59fd6bd3d7d99a7d30aff164cf9/node_modules/@slidev/client/composables/useClicks.ts?v=1759ab92:117
[ 1423464ms] [WARNING] [slidev] ClicksContext: Unexpected register after mounted @ http://localhost:3032/@fs/Users/wraithy/Development/Trask/ClaudeCodePresentation/node_modules/.pnpm/@slidev+client@52.15.2_@nuxt+kit@3.21.6_@vue+compiler-sfc@3.5.35_vite@8.0.14_@types+nod_5fa8c59fd6bd3d7d99a7d30aff164cf9/node_modules/@slidev/client/composables/useClicks.ts?v=1759ab92:117
[ 1423464ms] [WARNING] [slidev] ClicksContext: Unexpected register after mounted @ http://localhost:3032/@fs/Users/wraithy/Development/Trask/ClaudeCodePresentation/node_modules/.pnpm/@slidev+client@52.15.2_@nuxt+kit@3.21.6_@vue+compiler-sfc@3.5.35_vite@8.0.14_@types+nod_5fa8c59fd6bd3d7d99a7d30aff164cf9/node_modules/@slidev/client/composables/useClicks.ts?v=1759ab92:117
[ 1423464ms] [WARNING] [slidev] ClicksContext: Unexpected register after mounted @ http://localhost:3032/@fs/Users/wraithy/Development/Trask/ClaudeCodePresentation/node_modules/.pnpm/@slidev+client@52.15.2_@nuxt+kit@3.21.6_@vue+compiler-sfc@3.5.35_vite@8.0.14_@types+nod_5fa8c59fd6bd3d7d99a7d30aff164cf9/node_modules/@slidev/client/composables/useClicks.ts?v=1759ab92:117
[ 1423464ms] [WARNING] [slidev] ClicksContext: Unexpected register after mounted @ http://localhost:3032/@fs/Users/wraithy/Development/Trask/ClaudeCodePresentation/node_modules/.pnpm/@slidev+client@52.15.2_@nuxt+kit@3.21.6_@vue+compiler-sfc@3.5.35_vite@8.0.14_@types+nod_5fa8c59fd6bd3d7d99a7d30aff164cf9/node_modules/@slidev/client/composables/useClicks.ts?v=1759ab92:117
[ 1423464ms] [WARNING] [slidev] ClicksContext: Unexpected register after mounted @ http://localhost:3032/@fs/Users/wraithy/Development/Trask/ClaudeCodePresentation/node_modules/.pnpm/@slidev+client@52.15.2_@nuxt+kit@3.21.6_@vue+compiler-sfc@3.5.35_vite@8.0.14_@types+nod_5fa8c59fd6bd3d7d99a7d30aff164cf9/node_modules/@slidev/client/composables/useClicks.ts?v=1759ab92:117
[ 1423464ms] [WARNING] [slidev] ClicksContext: Unexpected register after mounted @ http://localhost:3032/@fs/Users/wraithy/Development/Trask/ClaudeCodePresentation/node_modules/.pnpm/@slidev+client@52.15.2_@nuxt+kit@3.21.6_@vue+compiler-sfc@3.5.35_vite@8.0.14_@types+nod_5fa8c59fd6bd3d7d99a7d30aff164cf9/node_modules/@slidev/client/composables/useClicks.ts?v=1759ab92:117
[ 1423464ms] [WARNING] [slidev] ClicksContext: Unexpected register after mounted @ http://localhost:3032/@fs/Users/wraithy/Development/Trask/ClaudeCodePresentation/node_modules/.pnpm/@slidev+client@52.15.2_@nuxt+kit@3.21.6_@vue+compiler-sfc@3.5.35_vite@8.0.14_@types+nod_5fa8c59fd6bd3d7d99a7d30aff164cf9/node_modules/@slidev/client/composables/useClicks.ts?v=1759ab92:117
[ 1423464ms] [WARNING] [slidev] ClicksContext: Unexpected register after mounted @ http://localhost:3032/@fs/Users/wraithy/Development/Trask/ClaudeCodePresentation/node_modules/.pnpm/@slidev+client@52.15.2_@nuxt+kit@3.21.6_@vue+compiler-sfc@3.5.35_vite@8.0.14_@types+nod_5fa8c59fd6bd3d7d99a7d30aff164cf9/node_modules/@slidev/client/composables/useClicks.ts?v=1759ab92:117
[ 1423464ms] [WARNING] [slidev] ClicksContext: Unexpected register after mounted @ http://localhost:3032/@fs/Users/wraithy/Development/Trask/ClaudeCodePresentation/node_modules/.pnpm/@slidev+client@52.15.2_@nuxt+kit@3.21.6_@vue+compiler-sfc@3.5.35_vite@8.0.14_@types+nod_5fa8c59fd6bd3d7d99a7d30aff164cf9/node_modules/@slidev/client/composables/useClicks.ts?v=1759ab92:117
[ 1423464ms] [WARNING] [slidev] ClicksContext: Unexpected register after mounted @ http://localhost:3032/@fs/Users/wraithy/Development/Trask/ClaudeCodePresentation/node_modules/.pnpm/@slidev+client@52.15.2_@nuxt+kit@3.21.6_@vue+compiler-sfc@3.5.35_vite@8.0.14_@types+nod_5fa8c59fd6bd3d7d99a7d30aff164cf9/node_modules/@slidev/client/composables/useClicks.ts?v=1759ab92:117
[ 1423464ms] [WARNING] [slidev] ClicksContext: Unexpected register after mounted @ http://localhost:3032/@fs/Users/wraithy/Development/Trask/ClaudeCodePresentation/node_modules/.pnpm/@slidev+client@52.15.2_@nuxt+kit@3.21.6_@vue+compiler-sfc@3.5.35_vite@8.0.14_@types+nod_5fa8c59fd6bd3d7d99a7d30aff164cf9/node_modules/@slidev/client/composables/useClicks.ts?v=1759ab92:117
[ 1423464ms] [WARNING] [slidev] ClicksContext: Unexpected register after mounted @ http://localhost:3032/@fs/Users/wraithy/Development/Trask/ClaudeCodePresentation/node_modules/.pnpm/@slidev+client@52.15.2_@nuxt+kit@3.21.6_@vue+compiler-sfc@3.5.35_vite@8.0.14_@types+nod_5fa8c59fd6bd3d7d99a7d30aff164cf9/node_modules/@slidev/client/composables/useClicks.ts?v=1759ab92:117
[ 1423464ms] [WARNING] [slidev] ClicksContext: Unexpected register after mounted @ http://localhost:3032/@fs/Users/wraithy/Development/Trask/ClaudeCodePresentation/node_modules/.pnpm/@slidev+client@52.15.2_@nuxt+kit@3.21.6_@vue+compiler-sfc@3.5.35_vite@8.0.14_@types+nod_5fa8c59fd6bd3d7d99a7d30aff164cf9/node_modules/@slidev/client/composables/useClicks.ts?v=1759ab92:117
[ 1423464ms] [WARNING] [slidev] ClicksContext: Unexpected register after mounted @ http://localhost:3032/@fs/Users/wraithy/Development/Trask/ClaudeCodePresentation/node_modules/.pnpm/@slidev+client@52.15.2_@nuxt+kit@3.21.6_@vue+compiler-sfc@3.5.35_vite@8.0.14_@types+nod_5fa8c59fd6bd3d7d99a7d30aff164cf9/node_modules/@slidev/client/composables/useClicks.ts?v=1759ab92:117
[ 1423464ms] [WARNING] [slidev] ClicksContext: Unexpected register after mounted @ http://localhost:3032/@fs/Users/wraithy/Development/Trask/ClaudeCodePresentation/node_modules/.pnpm/@slidev+client@52.15.2_@nuxt+kit@3.21.6_@vue+compiler-sfc@3.5.35_vite@8.0.14_@types+nod_5fa8c59fd6bd3d7d99a7d30aff164cf9/node_modules/@slidev/client/composables/useClicks.ts?v=1759ab92:117
[ 1423464ms] [WARNING] [slidev] ClicksContext: Unexpected register after mounted @ http://localhost:3032/@fs/Users/wraithy/Development/Trask/ClaudeCodePresentation/node_modules/.pnpm/@slidev+client@52.15.2_@nuxt+kit@3.21.6_@vue+compiler-sfc@3.5.35_vite@8.0.14_@types+nod_5fa8c59fd6bd3d7d99a7d30aff164cf9/node_modules/@slidev/client/composables/useClicks.ts?v=1759ab92:117
[ 1423464ms] [WARNING] [slidev] ClicksContext: Unexpected register after mounted @ http://localhost:3032/@fs/Users/wraithy/Development/Trask/ClaudeCodePresentation/node_modules/.pnpm/@slidev+client@52.15.2_@nuxt+kit@3.21.6_@vue+compiler-sfc@3.5.35_vite@8.0.14_@types+nod_5fa8c59fd6bd3d7d99a7d30aff164cf9/node_modules/@slidev/client/composables/useClicks.ts?v=1759ab92:117
[ 1423464ms] [WARNING] [slidev] ClicksContext: Unexpected register after mounted @ http://localhost:3032/@fs/Users/wraithy/Development/Trask/ClaudeCodePresentation/node_modules/.pnpm/@slidev+client@52.15.2_@nuxt+kit@3.21.6_@vue+compiler-sfc@3.5.35_vite@8.0.14_@types+nod_5fa8c59fd6bd3d7d99a7d30aff164cf9/node_modules/@slidev/client/composables/useClicks.ts?v=1759ab92:117
[ 1423464ms] [WARNING] [slidev] ClicksContext: Unexpected register after mounted @ http://localhost:3032/@fs/Users/wraithy/Development/Trask/ClaudeCodePresentation/node_modules/.pnpm/@slidev+client@52.15.2_@nuxt+kit@3.21.6_@vue+compiler-sfc@3.5.35_vite@8.0.14_@types+nod_5fa8c59fd6bd3d7d99a7d30aff164cf9/node_modules/@slidev/client/composables/useClicks.ts?v=1759ab92:117
[ 1423465ms] [WARNING] [slidev] ClicksContext: Unexpected register after mounted @ http://localhost:3032/@fs/Users/wraithy/Development/Trask/ClaudeCodePresentation/node_modules/.pnpm/@slidev+client@52.15.2_@nuxt+kit@3.21.6_@vue+compiler-sfc@3.5.35_vite@8.0.14_@types+nod_5fa8c59fd6bd3d7d99a7d30aff164cf9/node_modules/@slidev/client/composables/useClicks.ts?v=1759ab92:117
[ 1423465ms] [WARNING] [slidev] ClicksContext: Unexpected register after mounted @ http://localhost:3032/@fs/Users/wraithy/Development/Trask/ClaudeCodePresentation/node_modules/.pnpm/@slidev+client@52.15.2_@nuxt+kit@3.21.6_@vue+compiler-sfc@3.5.35_vite@8.0.14_@types+nod_5fa8c59fd6bd3d7d99a7d30aff164cf9/node_modules/@slidev/client/composables/useClicks.ts?v=1759ab92:117
[ 1423465ms] [WARNING] [slidev] ClicksContext: Unexpected register after mounted @ http://localhost:3032/@fs/Users/wraithy/Development/Trask/ClaudeCodePresentation/node_modules/.pnpm/@slidev+client@52.15.2_@nuxt+kit@3.21.6_@vue+compiler-sfc@3.5.35_vite@8.0.14_@types+nod_5fa8c59fd6bd3d7d99a7d30aff164cf9/node_modules/@slidev/client/composables/useClicks.ts?v=1759ab92:117
[ 1423465ms] [WARNING] [Vue warn]: Failed to resolve component: AutoFit
If this is a native custom element, make sure to exclude it from component resolution via compilerOptions.isCustomElement. 
  at <Default frontmatter= {} > 
  at <Slides.mdslidev6> 
  at <AsyncComponentWrapper> 
  at <SlideWrapper key=6 clicks-context= {current: undefined, clicksStart: 0, relativeSizeMap: undefined, maxMap: undefined, isMounted: undefined} route= {no: 6, meta: Proxy(Object), load: , component: Object}  ... > 
  at <TransitionGroup id="slideshow" tag="div" class="slidev-nav-go-forward"  ... > 
  at <SlidesShow render-context="slide" > 
  at <SlideContainer style= {background: var(--slidev-slide-container-background, black)} is-main="" content-style= {filter: }  ... > 
  at <Play onVnodeUnmounted=fn<onVnodeUnmounted> ref=Ref< Proxy(Object) > > 
  at <RouterView> 
  at <App> @ http://localhost:3032/@fs/Users/wraithy/Development/Trask/ClaudeCodePresentation/node_modules/.pnpm/@vue+runtime-core@3.5.35/node_modules/@vue/runtime-core/dist/runtime-core.esm-bundler.js?v=1759ab92:40
[ 2543859ms] [WARNING] [Vue warn]: Failed to resolve component: AutoFit
If this is a native custom element, make sure to exclude it from component resolution via compilerOptions.isCustomElement. 
  at <Default frontmatter= {} > 
  at <Slides.mdslidev2> 
  at <AsyncComponentWrapper> 
  at <SlideWrapper key=2 clicks-context= {current: undefined, clicksStart: 0, relativeSizeMap: undefined, maxMap: undefined, isMounted: undefined} route= {no: 2, meta: Proxy(Object), load: , component: Object}  ... > 
  at <TransitionGroup name="slide-right" id="slideshow" tag="div"  ... > 
  at <SlidesShow render-context="slide" > 
  at <SlideContainer style= {background: var(--slidev-slide-container-background, black)} is-main="" content-style= {filter: }  ... > 
  at <Play onVnodeUnmounted=fn<onVnodeUnmounted> ref=Ref< Proxy(Object) > > 
  at <RouterView> 
  at <App> @ http://localhost:3032/@fs/Users/wraithy/Development/Trask/ClaudeCodePresentation/node_modules/.pnpm/@vue+runtime-core@3.5.35/node_modules/@vue/runtime-core/dist/runtime-core.esm-bundler.js?v=1759ab92:40
[ 2543860ms] [WARNING] [Vue warn]: Failed to resolve component: AutoFit
If this is a native custom element, make sure to exclude it from component resolution via compilerOptions.isCustomElement. 
  at <Default frontmatter= {} > 
  at <Slides.mdslidev5> 
  at <AsyncComponentWrapper> 
  at <SlideWrapper key=5 clicks-context= {current: undefined, clicksStart: 0, relativeSizeMap: undefined, maxMap: undefined, isMounted: undefined} route= {no: 5, meta: Proxy(Object), load: , component: Object}  ... > 
  at <TransitionGroup name="slide-right" id="slideshow" tag="div"  ... > 
  at <SlidesShow render-context="slide" > 
  at <SlideContainer style= {background: var(--slidev-slide-container-background, black)} is-main="" content-style= {filter: }  ... > 
  at <Play onVnodeUnmounted=fn<onVnodeUnmounted> ref=Ref< Proxy(Object) > > 
  at <RouterView> 
  at <App> @ http://localhost:3032/@fs/Users/wraithy/Development/Trask/ClaudeCodePresentation/node_modules/.pnpm/@vue+runtime-core@3.5.35/node_modules/@vue/runtime-core/dist/runtime-core.esm-bundler.js?v=1759ab92:40
[ 2543860ms] [WARNING] [Vue warn]: Failed to resolve component: AutoFit
If this is a native custom element, make sure to exclude it from component resolution via compilerOptions.isCustomElement. 
  at <Default frontmatter= {} > 
  at <Slides.mdslidev6> 
  at <AsyncComponentWrapper> 
  at <SlideWrapper key=6 clicks-context= {current: undefined, clicksStart: 0, relativeSizeMap: undefined, maxMap: undefined, isMounted: undefined} route= {no: 6, meta: Proxy(Object), load: , component: Object}  ... > 
  at <TransitionGroup name="slide-right" id="slideshow" tag="div"  ... > 
  at <SlidesShow render-context="slide" > 
  at <SlideContainer style= {background: var(--slidev-slide-container-background, black)} is-main="" content-style= {filter: }  ... > 
  at <Play onVnodeUnmounted=fn<onVnodeUnmounted> ref=Ref< Proxy(Object) > > 
  at <RouterView> 
  at <App> @ http://localhost:3032/@fs/Users/wraithy/Development/Trask/ClaudeCodePresentation/node_modules/.pnpm/@vue+runtime-core@3.5.35/node_modules/@vue/runtime-core/dist/runtime-core.esm-bundler.js?v=1759ab92:40
[ 2543860ms] [WARNING] [Vue warn]: Failed to resolve component: AutoFit
If this is a native custom element, make sure to exclude it from component resolution via compilerOptions.isCustomElement. 
  at <Default frontmatter= {} > 
  at <Slides.mdslidev11> 
  at <AsyncComponentWrapper> 
  at <SlideWrapper key=11 clicks-context= {current: undefined, clicksStart: 0, relativeSizeMap: undefined, maxMap: undefined, isMounted: undefined} route= {no: 11, meta: Proxy(Object), load: , component: Object}  ... > 
  at <TransitionGroup name="slide-right" id="slideshow" tag="div"  ... > 
  at <SlidesShow render-context="slide" > 
  at <SlideContainer style= {background: var(--slidev-slide-container-background, black)} is-main="" content-style= {filter: }  ... > 
  at <Play onVnodeUnmounted=fn<onVnodeUnmounted> ref=Ref< Proxy(Object) > > 
  at <RouterView> 
  at <App> @ http://localhost:3032/@fs/Users/wraithy/Development/Trask/ClaudeCodePresentation/node_modules/.pnpm/@vue+runtime-core@3.5.35/node_modules/@vue/runtime-core/dist/runtime-core.esm-bundler.js?v=1759ab92:40
[ 2543860ms] [WARNING] [Vue warn]: Failed to resolve component: AutoFit
If this is a native custom element, make sure to exclude it from component resolution via compilerOptions.isCustomElement. 
  at <Default frontmatter= {} > 
  at <Slides.mdslidev7> 
  at <AsyncComponentWrapper> 
  at <SlideWrapper key=7 clicks-context= {current: undefined, clicksStart: 0, relativeSizeMap: undefined, maxMap: undefined, isMounted: undefined} route= {no: 7, meta: Proxy(Object), load: , component: Object}  ... > 
  at <TransitionGroup name="slide-right" id="slideshow" tag="div"  ... > 
  at <SlidesShow render-context="slide" > 
  at <SlideContainer style= {background: var(--slidev-slide-container-background, black)} is-main="" content-style= {filter: }  ... > 
  at <Play onVnodeUnmounted=fn<onVnodeUnmounted> ref=Ref< Proxy(Object) > > 
  at <RouterView> 
  at <App> @ http://localhost:3032/@fs/Users/wraithy/Development/Trask/ClaudeCodePresentation/node_modules/.pnpm/@vue+runtime-core@3.5.35/node_modules/@vue/runtime-core/dist/runtime-core.esm-bundler.js?v=1759ab92:40
[ 2543860ms] [WARNING] [Vue warn]: Failed to resolve component: AutoFit
If this is a native custom element, make sure to exclude it from component resolution via compilerOptions.isCustomElement. 
  at <Default frontmatter= {} > 
  at <Slides.mdslidev9> 
  at <AsyncComponentWrapper> 
  at <SlideWrapper key=9 clicks-context= {current: undefined, clicksStart: 0, relativeSizeMap: undefined, maxMap: undefined, isMounted: undefined} route= {no: 9, meta: Proxy(Object), load: , component: Object}  ... > 
  at <TransitionGroup name="slide-right" id="slideshow" tag="div"  ... > 
  at <SlidesShow render-context="slide" > 
  at <SlideContainer style= {background: var(--slidev-slide-container-background, black)} is-main="" content-style= {filter: }  ... > 
  at <Play onVnodeUnmounted=fn<onVnodeUnmounted> ref=Ref< Proxy(Object) > > 
  at <RouterView> 
  at <App> @ http://localhost:3032/@fs/Users/wraithy/Development/Trask/ClaudeCodePresentation/node_modules/.pnpm/@vue+runtime-core@3.5.35/node_modules/@vue/runtime-core/dist/runtime-core.esm-bundler.js?v=1759ab92:40
[ 2543861ms] [WARNING] [Vue warn]: Failed to resolve component: AutoFit
If this is a native custom element, make sure to exclude it from component resolution via compilerOptions.isCustomElement. 
  at <Default frontmatter= {} > 
  at <Slides.mdslidev10> 
  at <AsyncComponentWrapper> 
  at <SlideWrapper key=10 clicks-context= {current: undefined, clicksStart: 0, relativeSizeMap: undefined, maxMap: undefined, isMounted: undefined} route= {no: 10, meta: Proxy(Object), load: , component: Object}  ... > 
  at <TransitionGroup name="slide-right" id="slideshow" tag="div"  ... > 
  at <SlidesShow render-context="slide" > 
  at <SlideContainer style= {background: var(--slidev-slide-container-background, black)} is-main="" content-style= {filter: }  ... > 
  at <Play onVnodeUnmounted=fn<onVnodeUnmounted> ref=Ref< Proxy(Object) > > 
  at <RouterView> 
  at <App> @ http://localhost:3032/@fs/Users/wraithy/Development/Trask/ClaudeCodePresentation/node_modules/.pnpm/@vue+runtime-core@3.5.35/node_modules/@vue/runtime-core/dist/runtime-core.esm-bundler.js?v=1759ab92:40
[ 2543861ms] [WARNING] [Vue warn]: Failed to resolve component: AutoFit
If this is a native custom element, make sure to exclude it from component resolution via compilerOptions.isCustomElement. 
  at <Default frontmatter= {} > 
  at <Slides.mdslidev16> 
  at <AsyncComponentWrapper> 
  at <SlideWrapper key=16 clicks-context= {current: undefined, clicksStart: 0, relativeSizeMap: undefined, maxMap: undefined, isMounted: undefined} route= {no: 16, meta: Proxy(Object), load: , component: Object}  ... > 
  at <TransitionGroup name="slide-right" id="slideshow" tag="div"  ... > 
  at <SlidesShow render-context="slide" > 
  at <SlideContainer style= {background: var(--slidev-slide-container-background, black)} is-main="" content-style= {filter: }  ... > 
  at <Play onVnodeUnmounted=fn<onVnodeUnmounted> ref=Ref< Proxy(Object) > > 
  at <RouterView> 
  at <App> @ http://localhost:3032/@fs/Users/wraithy/Development/Trask/ClaudeCodePresentation/node_modules/.pnpm/@vue+runtime-core@3.5.35/node_modules/@vue/runtime-core/dist/runtime-core.esm-bundler.js?v=1759ab92:40
[ 2543861ms] [WARNING] [Vue warn]: Failed to resolve component: AutoFit
If this is a native custom element, make sure to exclude it from component resolution via compilerOptions.isCustomElement. 
  at <Default frontmatter= {} > 
  at <Slides.mdslidev15> 
  at <AsyncComponentWrapper> 
  at <SlideWrapper key=15 clicks-context= {current: undefined, clicksStart: 0, relativeSizeMap: undefined, maxMap: undefined, isMounted: undefined} route= {no: 15, meta: Proxy(Object), load: , component: Object}  ... > 
  at <TransitionGroup name="slide-right" id="slideshow" tag="div"  ... > 
  at <SlidesShow render-context="slide" > 
  at <SlideContainer style= {background: var(--slidev-slide-container-background, black)} is-main="" content-style= {filter: }  ... > 
  at <Play onVnodeUnmounted=fn<onVnodeUnmounted> ref=Ref< Proxy(Object) > > 
  at <RouterView> 
  at <App> @ http://localhost:3032/@fs/Users/wraithy/Development/Trask/ClaudeCodePresentation/node_modules/.pnpm/@vue+runtime-core@3.5.35/node_modules/@vue/runtime-core/dist/runtime-core.esm-bundler.js?v=1759ab92:40
[ 2543861ms] [WARNING] [Vue warn]: Failed to resolve component: AutoFit
If this is a native custom element, make sure to exclude it from component resolution via compilerOptions.isCustomElement. 
  at <Default frontmatter= {} > 
  at <Slides.mdslidev12> 
  at <AsyncComponentWrapper> 
  at <SlideWrapper key=12 clicks-context= {current: undefined, clicksStart: 0, relativeSizeMap: undefined, maxMap: undefined, isMounted: undefined} route= {no: 12, meta: Proxy(Object), load: , component: Object}  ... > 
  at <TransitionGroup name="slide-right" id="slideshow" tag="div"  ... > 
  at <SlidesShow render-context="slide" > 
  at <SlideContainer style= {background: var(--slidev-slide-container-background, black)} is-main="" content-style= {filter: }  ... > 
  at <Play onVnodeUnmounted=fn<onVnodeUnmounted> ref=Ref< Proxy(Object) > > 
  at <RouterView> 
  at <App> @ http://localhost:3032/@fs/Users/wraithy/Development/Trask/ClaudeCodePresentation/node_modules/.pnpm/@vue+runtime-core@3.5.35/node_modules/@vue/runtime-core/dist/runtime-core.esm-bundler.js?v=1759ab92:40
[ 2543861ms] [WARNING] [Vue warn]: Failed to resolve component: AutoFit
If this is a native custom element, make sure to exclude it from component resolution via compilerOptions.isCustomElement. 
  at <Default frontmatter= {} > 
  at <Slides.mdslidev13> 
  at <AsyncComponentWrapper> 
  at <SlideWrapper key=13 clicks-context= {current: undefined, clicksStart: 0, relativeSizeMap: undefined, maxMap: undefined, isMounted: undefined} route= {no: 13, meta: Proxy(Object), load: , component: Object}  ... > 
  at <TransitionGroup name="slide-right" id="slideshow" tag="div"  ... > 
  at <SlidesShow render-context="slide" > 
  at <SlideContainer style= {background: var(--slidev-slide-container-background, black)} is-main="" content-style= {filter: }  ... > 
  at <Play onVnodeUnmounted=fn<onVnodeUnmounted> ref=Ref< Proxy(Object) > > 
  at <RouterView> 
  at <App> @ http://localhost:3032/@fs/Users/wraithy/Development/Trask/ClaudeCodePresentation/node_modules/.pnpm/@vue+runtime-core@3.5.35/node_modules/@vue/runtime-core/dist/runtime-core.esm-bundler.js?v=1759ab92:40
[ 2543861ms] [WARNING] [Vue warn]: Failed to resolve component: AutoFit
If this is a native custom element, make sure to exclude it from component resolution via compilerOptions.isCustomElement. 
  at <Default frontmatter= {} > 
  at <Slides.mdslidev20> 
  at <AsyncComponentWrapper> 
  at <SlideWrapper key=20 clicks-context= {current: undefined, clicksStart: 0, relativeSizeMap: undefined, maxMap: undefined, isMounted: undefined} route= {no: 20, meta: Proxy(Object), load: , component: Object}  ... > 
  at <TransitionGroup name="slide-right" id="slideshow" tag="div"  ... > 
  at <SlidesShow render-context="slide" > 
  at <SlideContainer style= {background: var(--slidev-slide-container-background, black)} is-main="" content-style= {filter: }  ... > 
  at <Play onVnodeUnmounted=fn<onVnodeUnmounted> ref=Ref< Proxy(Object) > > 
  at <RouterView> 
  at <App> @ http://localhost:3032/@fs/Users/wraithy/Development/Trask/ClaudeCodePresentation/node_modules/.pnpm/@vue+runtime-core@3.5.35/node_modules/@vue/runtime-core/dist/runtime-core.esm-bundler.js?v=1759ab92:40
[ 2543862ms] [WARNING] [Vue warn]: Failed to resolve component: AutoFit
If this is a native custom element, make sure to exclude it from component resolution via compilerOptions.isCustomElement. 
  at <Default frontmatter= {} > 
  at <Slides.mdslidev21> 
  at <AsyncComponentWrapper> 
  at <SlideWrapper key=21 clicks-context= {current: undefined, clicksStart: 0, relativeSizeMap: undefined, maxMap: undefined, isMounted: undefined} route= {no: 21, meta: Proxy(Object), load: , component: Object}  ... > 
  at <TransitionGroup name="slide-right" id="slideshow" tag="div"  ... > 
  at <SlidesShow render-context="slide" > 
  at <SlideContainer style= {background: var(--slidev-slide-container-background, black)} is-main="" content-style= {filter: }  ... > 
  at <Play onVnodeUnmounted=fn<onVnodeUnmounted> ref=Ref< Proxy(Object) > > 
  at <RouterView> 
  at <App> @ http://localhost:3032/@fs/Users/wraithy/Development/Trask/ClaudeCodePresentation/node_modules/.pnpm/@vue+runtime-core@3.5.35/node_modules/@vue/runtime-core/dist/runtime-core.esm-bundler.js?v=1759ab92:40
[ 2543863ms] [WARNING] [Vue warn]: Failed to resolve component: AutoFit
If this is a native custom element, make sure to exclude it from component resolution via compilerOptions.isCustomElement. 
  at <Default frontmatter= {} > 
  at <Slides.mdslidev22> 
  at <AsyncComponentWrapper> 
  at <SlideWrapper key=22 clicks-context= {current: undefined, clicksStart: 0, relativeSizeMap: undefined, maxMap: undefined, isMounted: undefined} route= {no: 22, meta: Proxy(Object), load: , component: Object}  ... > 
  at <TransitionGroup name="slide-right" id="slideshow" tag="div"  ... > 
  at <SlidesShow render-context="slide" > 
  at <SlideContainer style= {background: var(--slidev-slide-container-background, black)} is-main="" content-style= {filter: }  ... > 
  at <Play onVnodeUnmounted=fn<onVnodeUnmounted> ref=Ref< Proxy(Object) > > 
  at <RouterView> 
  at <App> @ http://localhost:3032/@fs/Users/wraithy/Development/Trask/ClaudeCodePresentation/node_modules/.pnpm/@vue+runtime-core@3.5.35/node_modules/@vue/runtime-core/dist/runtime-core.esm-bundler.js?v=1759ab92:40
[ 2543863ms] [WARNING] [Vue warn]: Failed to resolve component: AutoFit
If this is a native custom element, make sure to exclude it from component resolution via compilerOptions.isCustomElement. 
  at <Default frontmatter= {} > 
  at <Slides.mdslidev17> 
  at <AsyncComponentWrapper> 
  at <SlideWrapper key=17 clicks-context= {current: undefined, clicksStart: 0, relativeSizeMap: undefined, maxMap: undefined, isMounted: undefined} route= {no: 17, meta: Proxy(Object), load: , component: Object}  ... > 
  at <TransitionGroup name="slide-right" id="slideshow" tag="div"  ... > 
  at <SlidesShow render-context="slide" > 
  at <SlideContainer style= {background: var(--slidev-slide-container-background, black)} is-main="" content-style= {filter: }  ... > 
  at <Play onVnodeUnmounted=fn<onVnodeUnmounted> ref=Ref< Proxy(Object) > > 
  at <RouterView> 
  at <App> @ http://localhost:3032/@fs/Users/wraithy/Development/Trask/ClaudeCodePresentation/node_modules/.pnpm/@vue+runtime-core@3.5.35/node_modules/@vue/runtime-core/dist/runtime-core.esm-bundler.js?v=1759ab92:40
[ 2543864ms] [WARNING] [Vue warn]: Failed to resolve component: AutoFit
If this is a native custom element, make sure to exclude it from component resolution via compilerOptions.isCustomElement. 
  at <Default frontmatter= {} > 
  at <Slides.mdslidev23> 
  at <AsyncComponentWrapper> 
  at <SlideWrapper key=23 clicks-context= {current: undefined, clicksStart: 0, relativeSizeMap: undefined, maxMap: undefined, isMounted: undefined} route= {no: 23, meta: Proxy(Object), load: , component: Object}  ... > 
  at <TransitionGroup name="slide-right" id="slideshow" tag="div"  ... > 
  at <SlidesShow render-context="slide" > 
  at <SlideContainer style= {background: var(--slidev-slide-container-background, black)} is-main="" content-style= {filter: }  ... > 
  at <Play onVnodeUnmounted=fn<onVnodeUnmounted> ref=Ref< Proxy(Object) > > 
  at <RouterView> 
  at <App> @ http://localhost:3032/@fs/Users/wraithy/Development/Trask/ClaudeCodePresentation/node_modules/.pnpm/@vue+runtime-core@3.5.35/node_modules/@vue/runtime-core/dist/runtime-core.esm-bundler.js?v=1759ab92:40
[ 2543865ms] [WARNING] [Vue warn]: Failed to resolve component: AutoFit
If this is a native custom element, make sure to exclude it from component resolution via compilerOptions.isCustomElement. 
  at <Default frontmatter= {} > 
  at <Slides.mdslidev25> 
  at <AsyncComponentWrapper> 
  at <SlideWrapper key=25 clicks-context= {current: undefined, clicksStart: 0, relativeSizeMap: undefined, maxMap: undefined, isMounted: undefined} route= {no: 25, meta: Proxy(Object), load: , component: Object}  ... > 
  at <TransitionGroup name="slide-right" id="slideshow" tag="div"  ... > 
  at <SlidesShow render-context="slide" > 
  at <SlideContainer style= {background: var(--slidev-slide-container-background, black)} is-main="" content-style= {filter: }  ... > 
  at <Play onVnodeUnmounted=fn<onVnodeUnmounted> ref=Ref< Proxy(Object) > > 
  at <RouterView> 
  at <App> @ http://localhost:3032/@fs/Users/wraithy/Development/Trask/ClaudeCodePresentation/node_modules/.pnpm/@vue+runtime-core@3.5.35/node_modules/@vue/runtime-core/dist/runtime-core.esm-bundler.js?v=1759ab92:40
[ 2543866ms] [WARNING] [Vue warn]: Failed to resolve component: AutoFit
If this is a native custom element, make sure to exclude it from component resolution via compilerOptions.isCustomElement. 
  at <Default frontmatter= {} > 
  at <Slides.mdslidev19> 
  at <AsyncComponentWrapper> 
  at <SlideWrapper key=19 clicks-context= {current: undefined, clicksStart: 0, relativeSizeMap: undefined, maxMap: undefined, isMounted: undefined} route= {no: 19, meta: Proxy(Object), load: , component: Object}  ... > 
  at <TransitionGroup name="slide-right" id="slideshow" tag="div"  ... > 
  at <SlidesShow render-context="slide" > 
  at <SlideContainer style= {background: var(--slidev-slide-container-background, black)} is-main="" content-style= {filter: }  ... > 
  at <Play onVnodeUnmounted=fn<onVnodeUnmounted> ref=Ref< Proxy(Object) > > 
  at <RouterView> 
  at <App> @ http://localhost:3032/@fs/Users/wraithy/Development/Trask/ClaudeCodePresentation/node_modules/.pnpm/@vue+runtime-core@3.5.35/node_modules/@vue/runtime-core/dist/runtime-core.esm-bundler.js?v=1759ab92:40
[ 2543866ms] [WARNING] [Vue warn]: Failed to resolve component: AutoFit
If this is a native custom element, make sure to exclude it from component resolution via compilerOptions.isCustomElement. 
  at <Default frontmatter= {} > 
  at <Slides.mdslidev26> 
  at <AsyncComponentWrapper> 
  at <SlideWrapper key=26 clicks-context= {current: undefined, clicksStart: 0, relativeSizeMap: undefined, maxMap: undefined, isMounted: undefined} route= {no: 26, meta: Proxy(Object), load: , component: Object}  ... > 
  at <TransitionGroup name="slide-right" id="slideshow" tag="div"  ... > 
  at <SlidesShow render-context="slide" > 
  at <SlideContainer style= {background: var(--slidev-slide-container-background, black)} is-main="" content-style= {filter: }  ... > 
  at <Play onVnodeUnmounted=fn<onVnodeUnmounted> ref=Ref< Proxy(Object) > > 
  at <RouterView> 
  at <App> @ http://localhost:3032/@fs/Users/wraithy/Development/Trask/ClaudeCodePresentation/node_modules/.pnpm/@vue+runtime-core@3.5.35/node_modules/@vue/runtime-core/dist/runtime-core.esm-bundler.js?v=1759ab92:40
[ 2543866ms] [WARNING] [Vue warn]: Failed to resolve component: AutoFit
If this is a native custom element, make sure to exclude it from component resolution via compilerOptions.isCustomElement. 
  at <Default frontmatter= {} > 
  at <Slides.mdslidev27> 
  at <AsyncComponentWrapper> 
  at <SlideWrapper key=27 clicks-context= {current: undefined, clicksStart: 0, relativeSizeMap: undefined, maxMap: undefined, isMounted: undefined} route= {no: 27, meta: Proxy(Object), load: , component: Object}  ... > 
  at <TransitionGroup name="slide-right" id="slideshow" tag="div"  ... > 
  at <SlidesShow render-context="slide" > 
  at <SlideContainer style= {background: var(--slidev-slide-container-background, black)} is-main="" content-style= {filter: }  ... > 
  at <Play onVnodeUnmounted=fn<onVnodeUnmounted> ref=Ref< Proxy(Object) > > 
  at <RouterView> 
  at <App> @ http://localhost:3032/@fs/Users/wraithy/Development/Trask/ClaudeCodePresentation/node_modules/.pnpm/@vue+runtime-core@3.5.35/node_modules/@vue/runtime-core/dist/runtime-core.esm-bundler.js?v=1759ab92:40
[ 2543866ms] [WARNING] [Vue warn]: Failed to resolve component: AutoFit
If this is a native custom element, make sure to exclude it from component resolution via compilerOptions.isCustomElement. 
  at <Default frontmatter= {} > 
  at <Slides.mdslidev32> 
  at <AsyncComponentWrapper> 
  at <SlideWrapper key=32 clicks-context= {current: undefined, clicksStart: 0, relativeSizeMap: undefined, maxMap: undefined, isMounted: undefined} route= {no: 32, meta: Proxy(Object), load: , component: Object}  ... > 
  at <TransitionGroup name="slide-right" id="slideshow" tag="div"  ... > 
  at <SlidesShow render-context="slide" > 
  at <SlideContainer style= {background: var(--slidev-slide-container-background, black)} is-main="" content-style= {filter: }  ... > 
  at <Play onVnodeUnmounted=fn<onVnodeUnmounted> ref=Ref< Proxy(Object) > > 
  at <RouterView> 
  at <App> @ http://localhost:3032/@fs/Users/wraithy/Development/Trask/ClaudeCodePresentation/node_modules/.pnpm/@vue+runtime-core@3.5.35/node_modules/@vue/runtime-core/dist/runtime-core.esm-bundler.js?v=1759ab92:40
[ 2543867ms] [WARNING] [Vue warn]: Failed to resolve component: AutoFit
If this is a native custom element, make sure to exclude it from component resolution via compilerOptions.isCustomElement. 
  at <Default frontmatter= {} > 
  at <Slides.mdslidev30> 
  at <AsyncComponentWrapper> 
  at <SlideWrapper key=30 clicks-context= {current: undefined, clicksStart: 0, relativeSizeMap: undefined, maxMap: undefined, isMounted: undefined} route= {no: 30, meta: Proxy(Object), load: , component: Object}  ... > 
  at <TransitionGroup name="slide-right" id="slideshow" tag="div"  ... > 
  at <SlidesShow render-context="slide" > 
  at <SlideContainer style= {background: var(--slidev-slide-container-background, black)} is-main="" content-style= {filter: }  ... > 
  at <Play onVnodeUnmounted=fn<onVnodeUnmounted> ref=Ref< Proxy(Object) > > 
  at <RouterView> 
  at <App> @ http://localhost:3032/@fs/Users/wraithy/Development/Trask/ClaudeCodePresentation/node_modules/.pnpm/@vue+runtime-core@3.5.35/node_modules/@vue/runtime-core/dist/runtime-core.esm-bundler.js?v=1759ab92:40
[ 2543867ms] [WARNING] [Vue warn]: Failed to resolve component: AutoFit
If this is a native custom element, make sure to exclude it from component resolution via compilerOptions.isCustomElement. 
  at <Default frontmatter= {} > 
  at <Slides.mdslidev29> 
  at <AsyncComponentWrapper> 
  at <SlideWrapper key=29 clicks-context= {current: undefined, clicksStart: 0, relativeSizeMap: undefined, maxMap: undefined, isMounted: undefined} route= {no: 29, meta: Proxy(Object), load: , component: Object}  ... > 
  at <TransitionGroup name="slide-right" id="slideshow" tag="div"  ... > 
  at <SlidesShow render-context="slide" > 
  at <SlideContainer style= {background: var(--slidev-slide-container-background, black)} is-main="" content-style= {filter: }  ... > 
  at <Play onVnodeUnmounted=fn<onVnodeUnmounted> ref=Ref< Proxy(Object) > > 
  at <RouterView> 
  at <App> @ http://localhost:3032/@fs/Users/wraithy/Development/Trask/ClaudeCodePresentation/node_modules/.pnpm/@vue+runtime-core@3.5.35/node_modules/@vue/runtime-core/dist/runtime-core.esm-bundler.js?v=1759ab92:40
[ 2543867ms] [WARNING] [Vue warn]: Failed to resolve component: AutoFit
If this is a native custom element, make sure to exclude it from component resolution via compilerOptions.isCustomElement. 
  at <Default frontmatter= {} > 
  at <Slides.mdslidev4> 
  at <AsyncComponentWrapper> 
  at <SlideWrapper key=4 clicks-context= {current: undefined, clicksStart: 0, relativeSizeMap: undefined, maxMap: undefined, isMounted: undefined} route= {no: 4, meta: Proxy(Object), load: , component: Object}  ... > 
  at <TransitionGroup name="slide-right" id="slideshow" tag="div"  ... > 
  at <SlidesShow render-context="slide" > 
  at <SlideContainer style= {background: var(--slidev-slide-container-background, black)} is-main="" content-style= {filter: }  ... > 
  at <Play onVnodeUnmounted=fn<onVnodeUnmounted> ref=Ref< Proxy(Object) > > 
  at <RouterView> 
  at <App> @ http://localhost:3032/@fs/Users/wraithy/Development/Trask/ClaudeCodePresentation/node_modules/.pnpm/@vue+runtime-core@3.5.35/node_modules/@vue/runtime-core/dist/runtime-core.esm-bundler.js?v=1759ab92:40
[ 2544030ms] [WARNING] [Vue warn]: Failed to resolve component: AutoFit
If this is a native custom element, make sure to exclude it from component resolution via compilerOptions.isCustomElement. 
  at <Default frontmatter= {} > 
  at <Slides.mdslidev2> 
  at <AsyncComponentWrapper> 
  at <SlideWrapper key=2 clicks-context= {current: undefined, clicksStart: 0, relativeSizeMap: undefined, maxMap: undefined, isMounted: undefined} route= {no: 2, meta: Proxy(Object), load: , component: Object}  ... > 
  at <TransitionGroup name="slide-right" id="slideshow" tag="div"  ... > 
  at <SlidesShow render-context="slide" > 
  at <SlideContainer style= {background: var(--slidev-slide-container-background, black)} is-main="" content-style= {filter: }  ... > 
  at <Play onVnodeUnmounted=fn<onVnodeUnmounted> ref=Ref< Proxy(Object) > > 
  at <RouterView> 
  at <App> @ http://localhost:3032/@fs/Users/wraithy/Development/Trask/ClaudeCodePresentation/node_modules/.pnpm/@vue+runtime-core@3.5.35/node_modules/@vue/runtime-core/dist/runtime-core.esm-bundler.js?v=1759ab92:40
[ 2544030ms] [WARNING] [Vue warn]: Failed to resolve component: AutoFit
If this is a native custom element, make sure to exclude it from component resolution via compilerOptions.isCustomElement. 
  at <Default frontmatter= {} > 
  at <Slides.mdslidev5> 
  at <AsyncComponentWrapper> 
  at <SlideWrapper key=5 clicks-context= {current: undefined, clicksStart: 0, relativeSizeMap: undefined, maxMap: undefined, isMounted: undefined} route= {no: 5, meta: Proxy(Object), load: , component: Object}  ... > 
  at <TransitionGroup name="slide-right" id="slideshow" tag="div"  ... > 
  at <SlidesShow render-context="slide" > 
  at <SlideContainer style= {background: var(--slidev-slide-container-background, black)} is-main="" content-style= {filter: }  ... > 
  at <Play onVnodeUnmounted=fn<onVnodeUnmounted> ref=Ref< Proxy(Object) > > 
  at <RouterView> 
  at <App> @ http://localhost:3032/@fs/Users/wraithy/Development/Trask/ClaudeCodePresentation/node_modules/.pnpm/@vue+runtime-core@3.5.35/node_modules/@vue/runtime-core/dist/runtime-core.esm-bundler.js?v=1759ab92:40
[ 2544030ms] [WARNING] [Vue warn]: Failed to resolve component: AutoFit
If this is a native custom element, make sure to exclude it from component resolution via compilerOptions.isCustomElement. 
  at <Default frontmatter= {} > 
  at <Slides.mdslidev6> 
  at <AsyncComponentWrapper> 
  at <SlideWrapper key=6 clicks-context= {current: undefined, clicksStart: 0, relativeSizeMap: undefined, maxMap: undefined, isMounted: undefined} route= {no: 6, meta: Proxy(Object), load: , component: Object}  ... > 
  at <TransitionGroup name="slide-right" id="slideshow" tag="div"  ... > 
  at <SlidesShow render-context="slide" > 
  at <SlideContainer style= {background: var(--slidev-slide-container-background, black)} is-main="" content-style= {filter: }  ... > 
  at <Play onVnodeUnmounted=fn<onVnodeUnmounted> ref=Ref< Proxy(Object) > > 
  at <RouterView> 
  at <App> @ http://localhost:3032/@fs/Users/wraithy/Development/Trask/ClaudeCodePresentation/node_modules/.pnpm/@vue+runtime-core@3.5.35/node_modules/@vue/runtime-core/dist/runtime-core.esm-bundler.js?v=1759ab92:40
[ 2544031ms] [WARNING] [Vue warn]: Failed to resolve component: AutoFit
If this is a native custom element, make sure to exclude it from component resolution via compilerOptions.isCustomElement. 
  at <Default frontmatter= {} > 
  at <Slides.mdslidev11> 
  at <AsyncComponentWrapper> 
  at <SlideWrapper key=11 clicks-context= {current: undefined, clicksStart: 0, relativeSizeMap: undefined, maxMap: undefined, isMounted: undefined} route= {no: 11, meta: Proxy(Object), load: , component: Object}  ... > 
  at <TransitionGroup name="slide-right" id="slideshow" tag="div"  ... > 
  at <SlidesShow render-context="slide" > 
  at <SlideContainer style= {background: var(--slidev-slide-container-background, black)} is-main="" content-style= {filter: }  ... > 
  at <Play onVnodeUnmounted=fn<onVnodeUnmounted> ref=Ref< Proxy(Object) > > 
  at <RouterView> 
  at <App> @ http://localhost:3032/@fs/Users/wraithy/Development/Trask/ClaudeCodePresentation/node_modules/.pnpm/@vue+runtime-core@3.5.35/node_modules/@vue/runtime-core/dist/runtime-core.esm-bundler.js?v=1759ab92:40
[ 2544031ms] [WARNING] [Vue warn]: Failed to resolve component: AutoFit
If this is a native custom element, make sure to exclude it from component resolution via compilerOptions.isCustomElement. 
  at <Default frontmatter= {} > 
  at <Slides.mdslidev7> 
  at <AsyncComponentWrapper> 
  at <SlideWrapper key=7 clicks-context= {current: undefined, clicksStart: 0, relativeSizeMap: undefined, maxMap: undefined, isMounted: undefined} route= {no: 7, meta: Proxy(Object), load: , component: Object}  ... > 
  at <TransitionGroup name="slide-right" id="slideshow" tag="div"  ... > 
  at <SlidesShow render-context="slide" > 
  at <SlideContainer style= {background: var(--slidev-slide-container-background, black)} is-main="" content-style= {filter: }  ... > 
  at <Play onVnodeUnmounted=fn<onVnodeUnmounted> ref=Ref< Proxy(Object) > > 
  at <RouterView> 
  at <App> @ http://localhost:3032/@fs/Users/wraithy/Development/Trask/ClaudeCodePresentation/node_modules/.pnpm/@vue+runtime-core@3.5.35/node_modules/@vue/runtime-core/dist/runtime-core.esm-bundler.js?v=1759ab92:40
[ 2544031ms] [WARNING] [Vue warn]: Failed to resolve component: AutoFit
If this is a native custom element, make sure to exclude it from component resolution via compilerOptions.isCustomElement. 
  at <Default frontmatter= {} > 
  at <Slides.mdslidev9> 
  at <AsyncComponentWrapper> 
  at <SlideWrapper key=9 clicks-context= {current: undefined, clicksStart: 0, relativeSizeMap: undefined, maxMap: undefined, isMounted: undefined} route= {no: 9, meta: Proxy(Object), load: , component: Object}  ... > 
  at <TransitionGroup name="slide-right" id="slideshow" tag="div"  ... > 
  at <SlidesShow render-context="slide" > 
  at <SlideContainer style= {background: var(--slidev-slide-container-background, black)} is-main="" content-style= {filter: }  ... > 
  at <Play onVnodeUnmounted=fn<onVnodeUnmounted> ref=Ref< Proxy(Object) > > 
  at <RouterView> 
  at <App> @ http://localhost:3032/@fs/Users/wraithy/Development/Trask/ClaudeCodePresentation/node_modules/.pnpm/@vue+runtime-core@3.5.35/node_modules/@vue/runtime-core/dist/runtime-core.esm-bundler.js?v=1759ab92:40
[ 2544031ms] [WARNING] [Vue warn]: Failed to resolve component: AutoFit
If this is a native custom element, make sure to exclude it from component resolution via compilerOptions.isCustomElement. 
  at <Default frontmatter= {} > 
  at <Slides.mdslidev10> 
  at <AsyncComponentWrapper> 
  at <SlideWrapper key=10 clicks-context= {current: undefined, clicksStart: 0, relativeSizeMap: undefined, maxMap: undefined, isMounted: undefined} route= {no: 10, meta: Proxy(Object), load: , component: Object}  ... > 
  at <TransitionGroup name="slide-right" id="slideshow" tag="div"  ... > 
  at <SlidesShow render-context="slide" > 
  at <SlideContainer style= {background: var(--slidev-slide-container-background, black)} is-main="" content-style= {filter: }  ... > 
  at <Play onVnodeUnmounted=fn<onVnodeUnmounted> ref=Ref< Proxy(Object) > > 
  at <RouterView> 
  at <App> @ http://localhost:3032/@fs/Users/wraithy/Development/Trask/ClaudeCodePresentation/node_modules/.pnpm/@vue+runtime-core@3.5.35/node_modules/@vue/runtime-core/dist/runtime-core.esm-bundler.js?v=1759ab92:40
[ 2544031ms] [WARNING] [Vue warn]: Failed to resolve component: AutoFit
If this is a native custom element, make sure to exclude it from component resolution via compilerOptions.isCustomElement. 
  at <Default frontmatter= {} > 
  at <Slides.mdslidev16> 
  at <AsyncComponentWrapper> 
  at <SlideWrapper key=16 clicks-context= {current: undefined, clicksStart: 0, relativeSizeMap: undefined, maxMap: undefined, isMounted: undefined} route= {no: 16, meta: Proxy(Object), load: , component: Object}  ... > 
  at <TransitionGroup name="slide-right" id="slideshow" tag="div"  ... > 
  at <SlidesShow render-context="slide" > 
  at <SlideContainer style= {background: var(--slidev-slide-container-background, black)} is-main="" content-style= {filter: }  ... > 
  at <Play onVnodeUnmounted=fn<onVnodeUnmounted> ref=Ref< Proxy(Object) > > 
  at <RouterView> 
  at <App> @ http://localhost:3032/@fs/Users/wraithy/Development/Trask/ClaudeCodePresentation/node_modules/.pnpm/@vue+runtime-core@3.5.35/node_modules/@vue/runtime-core/dist/runtime-core.esm-bundler.js?v=1759ab92:40
[ 2544031ms] [WARNING] [Vue warn]: Failed to resolve component: AutoFit
If this is a native custom element, make sure to exclude it from component resolution via compilerOptions.isCustomElement. 
  at <Default frontmatter= {} > 
  at <Slides.mdslidev15> 
  at <AsyncComponentWrapper> 
  at <SlideWrapper key=15 clicks-context= {current: undefined, clicksStart: 0, relativeSizeMap: undefined, maxMap: undefined, isMounted: undefined} route= {no: 15, meta: Proxy(Object), load: , component: Object}  ... > 
  at <TransitionGroup name="slide-right" id="slideshow" tag="div"  ... > 
  at <SlidesShow render-context="slide" > 
  at <SlideContainer style= {background: var(--slidev-slide-container-background, black)} is-main="" content-style= {filter: }  ... > 
  at <Play onVnodeUnmounted=fn<onVnodeUnmounted> ref=Ref< Proxy(Object) > > 
  at <RouterView> 
  at <App> @ http://localhost:3032/@fs/Users/wraithy/Development/Trask/ClaudeCodePresentation/node_modules/.pnpm/@vue+runtime-core@3.5.35/node_modules/@vue/runtime-core/dist/runtime-core.esm-bundler.js?v=1759ab92:40
[ 2544031ms] [WARNING] [Vue warn]: Failed to resolve component: AutoFit
If this is a native custom element, make sure to exclude it from component resolution via compilerOptions.isCustomElement. 
  at <Default frontmatter= {} > 
  at <Slides.mdslidev12> 
  at <AsyncComponentWrapper> 
  at <SlideWrapper key=12 clicks-context= {current: undefined, clicksStart: 0, relativeSizeMap: undefined, maxMap: undefined, isMounted: undefined} route= {no: 12, meta: Proxy(Object), load: , component: Object}  ... > 
  at <TransitionGroup name="slide-right" id="slideshow" tag="div"  ... > 
  at <SlidesShow render-context="slide" > 
  at <SlideContainer style= {background: var(--slidev-slide-container-background, black)} is-main="" content-style= {filter: }  ... > 
  at <Play onVnodeUnmounted=fn<onVnodeUnmounted> ref=Ref< Proxy(Object) > > 
  at <RouterView> 
  at <App> @ http://localhost:3032/@fs/Users/wraithy/Development/Trask/ClaudeCodePresentation/node_modules/.pnpm/@vue+runtime-core@3.5.35/node_modules/@vue/runtime-core/dist/runtime-core.esm-bundler.js?v=1759ab92:40
[ 2544032ms] [WARNING] [Vue warn]: Failed to resolve component: AutoFit
If this is a native custom element, make sure to exclude it from component resolution via compilerOptions.isCustomElement. 
  at <Default frontmatter= {} > 
  at <Slides.mdslidev13> 
  at <AsyncComponentWrapper> 
  at <SlideWrapper key=13 clicks-context= {current: undefined, clicksStart: 0, relativeSizeMap: undefined, maxMap: undefined, isMounted: undefined} route= {no: 13, meta: Proxy(Object), load: , component: Object}  ... > 
  at <TransitionGroup name="slide-right" id="slideshow" tag="div"  ... > 
  at <SlidesShow render-context="slide" > 
  at <SlideContainer style= {background: var(--slidev-slide-container-background, black)} is-main="" content-style= {filter: }  ... > 
  at <Play onVnodeUnmounted=fn<onVnodeUnmounted> ref=Ref< Proxy(Object) > > 
  at <RouterView> 
  at <App> @ http://localhost:3032/@fs/Users/wraithy/Development/Trask/ClaudeCodePresentation/node_modules/.pnpm/@vue+runtime-core@3.5.35/node_modules/@vue/runtime-core/dist/runtime-core.esm-bundler.js?v=1759ab92:40
[ 2544032ms] [WARNING] [Vue warn]: Failed to resolve component: AutoFit
If this is a native custom element, make sure to exclude it from component resolution via compilerOptions.isCustomElement. 
  at <Default frontmatter= {} > 
  at <Slides.mdslidev20> 
  at <AsyncComponentWrapper> 
  at <SlideWrapper key=20 clicks-context= {current: undefined, clicksStart: 0, relativeSizeMap: undefined, maxMap: undefined, isMounted: undefined} route= {no: 20, meta: Proxy(Object), load: , component: Object}  ... > 
  at <TransitionGroup name="slide-right" id="slideshow" tag="div"  ... > 
  at <SlidesShow render-context="slide" > 
  at <SlideContainer style= {background: var(--slidev-slide-container-background, black)} is-main="" content-style= {filter: }  ... > 
  at <Play onVnodeUnmounted=fn<onVnodeUnmounted> ref=Ref< Proxy(Object) > > 
  at <RouterView> 
  at <App> @ http://localhost:3032/@fs/Users/wraithy/Development/Trask/ClaudeCodePresentation/node_modules/.pnpm/@vue+runtime-core@3.5.35/node_modules/@vue/runtime-core/dist/runtime-core.esm-bundler.js?v=1759ab92:40
[ 2544032ms] [WARNING] [Vue warn]: Failed to resolve component: AutoFit
If this is a native custom element, make sure to exclude it from component resolution via compilerOptions.isCustomElement. 
  at <Default frontmatter= {} > 
  at <Slides.mdslidev21> 
  at <AsyncComponentWrapper> 
  at <SlideWrapper key=21 clicks-context= {current: undefined, clicksStart: 0, relativeSizeMap: undefined, maxMap: undefined, isMounted: undefined} route= {no: 21, meta: Proxy(Object), load: , component: Object}  ... > 
  at <TransitionGroup name="slide-right" id="slideshow" tag="div"  ... > 
  at <SlidesShow render-context="slide" > 
  at <SlideContainer style= {background: var(--slidev-slide-container-background, black)} is-main="" content-style= {filter: }  ... > 
  at <Play onVnodeUnmounted=fn<onVnodeUnmounted> ref=Ref< Proxy(Object) > > 
  at <RouterView> 
  at <App> @ http://localhost:3032/@fs/Users/wraithy/Development/Trask/ClaudeCodePresentation/node_modules/.pnpm/@vue+runtime-core@3.5.35/node_modules/@vue/runtime-core/dist/runtime-core.esm-bundler.js?v=1759ab92:40
[ 2544032ms] [WARNING] [Vue warn]: Failed to resolve component: AutoFit
If this is a native custom element, make sure to exclude it from component resolution via compilerOptions.isCustomElement. 
  at <Default frontmatter= {} > 
  at <Slides.mdslidev22> 
  at <AsyncComponentWrapper> 
  at <SlideWrapper key=22 clicks-context= {current: undefined, clicksStart: 0, relativeSizeMap: undefined, maxMap: undefined, isMounted: undefined} route= {no: 22, meta: Proxy(Object), load: , component: Object}  ... > 
  at <TransitionGroup name="slide-right" id="slideshow" tag="div"  ... > 
  at <SlidesShow render-context="slide" > 
  at <SlideContainer style= {background: var(--slidev-slide-container-background, black)} is-main="" content-style= {filter: }  ... > 
  at <Play onVnodeUnmounted=fn<onVnodeUnmounted> ref=Ref< Proxy(Object) > > 
  at <RouterView> 
  at <App> @ http://localhost:3032/@fs/Users/wraithy/Development/Trask/ClaudeCodePresentation/node_modules/.pnpm/@vue+runtime-core@3.5.35/node_modules/@vue/runtime-core/dist/runtime-core.esm-bundler.js?v=1759ab92:40
[ 2544032ms] [WARNING] [Vue warn]: Failed to resolve component: AutoFit
If this is a native custom element, make sure to exclude it from component resolution via compilerOptions.isCustomElement. 
  at <Default frontmatter= {} > 
  at <Slides.mdslidev17> 
  at <AsyncComponentWrapper> 
  at <SlideWrapper key=17 clicks-context= {current: undefined, clicksStart: 0, relativeSizeMap: undefined, maxMap: undefined, isMounted: undefined} route= {no: 17, meta: Proxy(Object), load: , component: Object}  ... > 
  at <TransitionGroup name="slide-right" id="slideshow" tag="div"  ... > 
  at <SlidesShow render-context="slide" > 
  at <SlideContainer style= {background: var(--slidev-slide-container-background, black)} is-main="" content-style= {filter: }  ... > 
  at <Play onVnodeUnmounted=fn<onVnodeUnmounted> ref=Ref< Proxy(Object) > > 
  at <RouterView> 
  at <App> @ http://localhost:3032/@fs/Users/wraithy/Development/Trask/ClaudeCodePresentation/node_modules/.pnpm/@vue+runtime-core@3.5.35/node_modules/@vue/runtime-core/dist/runtime-core.esm-bundler.js?v=1759ab92:40
[ 2544033ms] [WARNING] [Vue warn]: Failed to resolve component: AutoFit
If this is a native custom element, make sure to exclude it from component resolution via compilerOptions.isCustomElement. 
  at <Default frontmatter= {} > 
  at <Slides.mdslidev23> 
  at <AsyncComponentWrapper> 
  at <SlideWrapper key=23 clicks-context= {current: undefined, clicksStart: 0, relativeSizeMap: undefined, maxMap: undefined, isMounted: undefined} route= {no: 23, meta: Proxy(Object), load: , component: Object}  ... > 
  at <TransitionGroup name="slide-right" id="slideshow" tag="div"  ... > 
  at <SlidesShow render-context="slide" > 
  at <SlideContainer style= {background: var(--slidev-slide-container-background, black)} is-main="" content-style= {filter: }  ... > 
  at <Play onVnodeUnmounted=fn<onVnodeUnmounted> ref=Ref< Proxy(Object) > > 
  at <RouterView> 
  at <App> @ http://localhost:3032/@fs/Users/wraithy/Development/Trask/ClaudeCodePresentation/node_modules/.pnpm/@vue+runtime-core@3.5.35/node_modules/@vue/runtime-core/dist/runtime-core.esm-bundler.js?v=1759ab92:40
[ 2544033ms] [WARNING] [Vue warn]: Failed to resolve component: AutoFit
If this is a native custom element, make sure to exclude it from component resolution via compilerOptions.isCustomElement. 
  at <Default frontmatter= {} > 
  at <Slides.mdslidev25> 
  at <AsyncComponentWrapper> 
  at <SlideWrapper key=25 clicks-context= {current: undefined, clicksStart: 0, relativeSizeMap: undefined, maxMap: undefined, isMounted: undefined} route= {no: 25, meta: Proxy(Object), load: , component: Object}  ... > 
  at <TransitionGroup name="slide-right" id="slideshow" tag="div"  ... > 
  at <SlidesShow render-context="slide" > 
  at <SlideContainer style= {background: var(--slidev-slide-container-background, black)} is-main="" content-style= {filter: }  ... > 
  at <Play onVnodeUnmounted=fn<onVnodeUnmounted> ref=Ref< Proxy(Object) > > 
  at <RouterView> 
  at <App> @ http://localhost:3032/@fs/Users/wraithy/Development/Trask/ClaudeCodePresentation/node_modules/.pnpm/@vue+runtime-core@3.5.35/node_modules/@vue/runtime-core/dist/runtime-core.esm-bundler.js?v=1759ab92:40
[ 2544033ms] [WARNING] [Vue warn]: Failed to resolve component: AutoFit
If this is a native custom element, make sure to exclude it from component resolution via compilerOptions.isCustomElement. 
  at <Default frontmatter= {} > 
  at <Slides.mdslidev19> 
  at <AsyncComponentWrapper> 
  at <SlideWrapper key=19 clicks-context= {current: undefined, clicksStart: 0, relativeSizeMap: undefined, maxMap: undefined, isMounted: undefined} route= {no: 19, meta: Proxy(Object), load: , component: Object}  ... > 
  at <TransitionGroup name="slide-right" id="slideshow" tag="div"  ... > 
  at <SlidesShow render-context="slide" > 
  at <SlideContainer style= {background: var(--slidev-slide-container-background, black)} is-main="" content-style= {filter: }  ... > 
  at <Play onVnodeUnmounted=fn<onVnodeUnmounted> ref=Ref< Proxy(Object) > > 
  at <RouterView> 
  at <App> @ http://localhost:3032/@fs/Users/wraithy/Development/Trask/ClaudeCodePresentation/node_modules/.pnpm/@vue+runtime-core@3.5.35/node_modules/@vue/runtime-core/dist/runtime-core.esm-bundler.js?v=1759ab92:40
[ 2544033ms] [WARNING] [Vue warn]: Failed to resolve component: AutoFit
If this is a native custom element, make sure to exclude it from component resolution via compilerOptions.isCustomElement. 
  at <Default frontmatter= {} > 
  at <Slides.mdslidev26> 
  at <AsyncComponentWrapper> 
  at <SlideWrapper key=26 clicks-context= {current: undefined, clicksStart: 0, relativeSizeMap: undefined, maxMap: undefined, isMounted: undefined} route= {no: 26, meta: Proxy(Object), load: , component: Object}  ... > 
  at <TransitionGroup name="slide-right" id="slideshow" tag="div"  ... > 
  at <SlidesShow render-context="slide" > 
  at <SlideContainer style= {background: var(--slidev-slide-container-background, black)} is-main="" content-style= {filter: }  ... > 
  at <Play onVnodeUnmounted=fn<onVnodeUnmounted> ref=Ref< Proxy(Object) > > 
  at <RouterView> 
  at <App> @ http://localhost:3032/@fs/Users/wraithy/Development/Trask/ClaudeCodePresentation/node_modules/.pnpm/@vue+runtime-core@3.5.35/node_modules/@vue/runtime-core/dist/runtime-core.esm-bundler.js?v=1759ab92:40
[ 2544033ms] [WARNING] [Vue warn]: Failed to resolve component: AutoFit
If this is a native custom element, make sure to exclude it from component resolution via compilerOptions.isCustomElement. 
  at <Default frontmatter= {} > 
  at <Slides.mdslidev27> 
  at <AsyncComponentWrapper> 
  at <SlideWrapper key=27 clicks-context= {current: undefined, clicksStart: 0, relativeSizeMap: undefined, maxMap: undefined, isMounted: undefined} route= {no: 27, meta: Proxy(Object), load: , component: Object}  ... > 
  at <TransitionGroup name="slide-right" id="slideshow" tag="div"  ... > 
  at <SlidesShow render-context="slide" > 
  at <SlideContainer style= {background: var(--slidev-slide-container-background, black)} is-main="" content-style= {filter: }  ... > 
  at <Play onVnodeUnmounted=fn<onVnodeUnmounted> ref=Ref< Proxy(Object) > > 
  at <RouterView> 
  at <App> @ http://localhost:3032/@fs/Users/wraithy/Development/Trask/ClaudeCodePresentation/node_modules/.pnpm/@vue+runtime-core@3.5.35/node_modules/@vue/runtime-core/dist/runtime-core.esm-bundler.js?v=1759ab92:40
[ 2544033ms] [WARNING] [Vue warn]: Failed to resolve component: AutoFit
If this is a native custom element, make sure to exclude it from component resolution via compilerOptions.isCustomElement. 
  at <Default frontmatter= {} > 
  at <Slides.mdslidev32> 
  at <AsyncComponentWrapper> 
  at <SlideWrapper key=32 clicks-context= {current: undefined, clicksStart: 0, relativeSizeMap: undefined, maxMap: undefined, isMounted: undefined} route= {no: 32, meta: Proxy(Object), load: , component: Object}  ... > 
  at <TransitionGroup name="slide-right" id="slideshow" tag="div"  ... > 
  at <SlidesShow render-context="slide" > 
  at <SlideContainer style= {background: var(--slidev-slide-container-background, black)} is-main="" content-style= {filter: }  ... > 
  at <Play onVnodeUnmounted=fn<onVnodeUnmounted> ref=Ref< Proxy(Object) > > 
  at <RouterView> 
  at <App> @ http://localhost:3032/@fs/Users/wraithy/Development/Trask/ClaudeCodePresentation/node_modules/.pnpm/@vue+runtime-core@3.5.35/node_modules/@vue/runtime-core/dist/runtime-core.esm-bundler.js?v=1759ab92:40
[ 2544034ms] [WARNING] [Vue warn]: Failed to resolve component: AutoFit
If this is a native custom element, make sure to exclude it from component resolution via compilerOptions.isCustomElement. 
  at <Default frontmatter= {} > 
  at <Slides.mdslidev30> 
  at <AsyncComponentWrapper> 
  at <SlideWrapper key=30 clicks-context= {current: undefined, clicksStart: 0, relativeSizeMap: undefined, maxMap: undefined, isMounted: undefined} route= {no: 30, meta: Proxy(Object), load: , component: Object}  ... > 
  at <TransitionGroup name="slide-right" id="slideshow" tag="div"  ... > 
  at <SlidesShow render-context="slide" > 
  at <SlideContainer style= {background: var(--slidev-slide-container-background, black)} is-main="" content-style= {filter: }  ... > 
  at <Play onVnodeUnmounted=fn<onVnodeUnmounted> ref=Ref< Proxy(Object) > > 
  at <RouterView> 
  at <App> @ http://localhost:3032/@fs/Users/wraithy/Development/Trask/ClaudeCodePresentation/node_modules/.pnpm/@vue+runtime-core@3.5.35/node_modules/@vue/runtime-core/dist/runtime-core.esm-bundler.js?v=1759ab92:40
[ 2544034ms] [WARNING] [Vue warn]: Failed to resolve component: AutoFit
If this is a native custom element, make sure to exclude it from component resolution via compilerOptions.isCustomElement. 
  at <Default frontmatter= {} > 
  at <Slides.mdslidev29> 
  at <AsyncComponentWrapper> 
  at <SlideWrapper key=29 clicks-context= {current: undefined, clicksStart: 0, relativeSizeMap: undefined, maxMap: undefined, isMounted: undefined} route= {no: 29, meta: Proxy(Object), load: , component: Object}  ... > 
  at <TransitionGroup name="slide-right" id="slideshow" tag="div"  ... > 
  at <SlidesShow render-context="slide" > 
  at <SlideContainer style= {background: var(--slidev-slide-container-background, black)} is-main="" content-style= {filter: }  ... > 
  at <Play onVnodeUnmounted=fn<onVnodeUnmounted> ref=Ref< Proxy(Object) > > 
  at <RouterView> 
  at <App> @ http://localhost:3032/@fs/Users/wraithy/Development/Trask/ClaudeCodePresentation/node_modules/.pnpm/@vue+runtime-core@3.5.35/node_modules/@vue/runtime-core/dist/runtime-core.esm-bundler.js?v=1759ab92:40
[ 2544034ms] [WARNING] [Vue warn]: Failed to resolve component: AutoFit
If this is a native custom element, make sure to exclude it from component resolution via compilerOptions.isCustomElement. 
  at <Default frontmatter= {} > 
  at <Slides.mdslidev4> 
  at <AsyncComponentWrapper> 
  at <SlideWrapper key=4 clicks-context= {current: undefined, clicksStart: 0, relativeSizeMap: undefined, maxMap: undefined, isMounted: undefined} route= {no: 4, meta: Proxy(Object), load: , component: Object}  ... > 
  at <TransitionGroup name="slide-right" id="slideshow" tag="div"  ... > 
  at <SlidesShow render-context="slide" > 
  at <SlideContainer style= {background: var(--slidev-slide-container-background, black)} is-main="" content-style= {filter: }  ... > 
  at <Play onVnodeUnmounted=fn<onVnodeUnmounted> ref=Ref< Proxy(Object) > > 
  at <RouterView> 
  at <App> @ http://localhost:3032/@fs/Users/wraithy/Development/Trask/ClaudeCodePresentation/node_modules/.pnpm/@vue+runtime-core@3.5.35/node_modules/@vue/runtime-core/dist/runtime-core.esm-bundler.js?v=1759ab92:40
[ 2544187ms] [WARNING] [Vue warn]: Failed to resolve component: AutoFit
If this is a native custom element, make sure to exclude it from component resolution via compilerOptions.isCustomElement. 
  at <Default frontmatter= {} > 
  at <Slides.mdslidev2> 
  at <AsyncComponentWrapper> 
  at <SlideWrapper key=2 clicks-context= {current: undefined, clicksStart: 0, relativeSizeMap: undefined, maxMap: undefined, isMounted: undefined} route= {no: 2, meta: Proxy(Object), load: , component: Object}  ... > 
  at <TransitionGroup name="slide-right" id="slideshow" tag="div"  ... > 
  at <SlidesShow render-context="slide" > 
  at <SlideContainer style= {background: var(--slidev-slide-container-background, black)} is-main="" content-style= {filter: }  ... > 
  at <Play onVnodeUnmounted=fn<onVnodeUnmounted> ref=Ref< Proxy(Object) > > 
  at <RouterView> 
  at <App> @ http://localhost:3032/@fs/Users/wraithy/Development/Trask/ClaudeCodePresentation/node_modules/.pnpm/@vue+runtime-core@3.5.35/node_modules/@vue/runtime-core/dist/runtime-core.esm-bundler.js?v=1759ab92:40
[ 2544188ms] [WARNING] [Vue warn]: Failed to resolve component: AutoFit
If this is a native custom element, make sure to exclude it from component resolution via compilerOptions.isCustomElement. 
  at <Default frontmatter= {} > 
  at <Slides.mdslidev5> 
  at <AsyncComponentWrapper> 
  at <SlideWrapper key=5 clicks-context= {current: undefined, clicksStart: 0, relativeSizeMap: undefined, maxMap: undefined, isMounted: undefined} route= {no: 5, meta: Proxy(Object), load: , component: Object}  ... > 
  at <TransitionGroup name="slide-right" id="slideshow" tag="div"  ... > 
  at <SlidesShow render-context="slide" > 
  at <SlideContainer style= {background: var(--slidev-slide-container-background, black)} is-main="" content-style= {filter: }  ... > 
  at <Play onVnodeUnmounted=fn<onVnodeUnmounted> ref=Ref< Proxy(Object) > > 
  at <RouterView> 
  at <App> @ http://localhost:3032/@fs/Users/wraithy/Development/Trask/ClaudeCodePresentation/node_modules/.pnpm/@vue+runtime-core@3.5.35/node_modules/@vue/runtime-core/dist/runtime-core.esm-bundler.js?v=1759ab92:40
[ 2544188ms] [WARNING] [Vue warn]: Failed to resolve component: AutoFit
If this is a native custom element, make sure to exclude it from component resolution via compilerOptions.isCustomElement. 
  at <Default frontmatter= {} > 
  at <Slides.mdslidev6> 
  at <AsyncComponentWrapper> 
  at <SlideWrapper key=6 clicks-context= {current: undefined, clicksStart: 0, relativeSizeMap: undefined, maxMap: undefined, isMounted: undefined} route= {no: 6, meta: Proxy(Object), load: , component: Object}  ... > 
  at <TransitionGroup name="slide-right" id="slideshow" tag="div"  ... > 
  at <SlidesShow render-context="slide" > 
  at <SlideContainer style= {background: var(--slidev-slide-container-background, black)} is-main="" content-style= {filter: }  ... > 
  at <Play onVnodeUnmounted=fn<onVnodeUnmounted> ref=Ref< Proxy(Object) > > 
  at <RouterView> 
  at <App> @ http://localhost:3032/@fs/Users/wraithy/Development/Trask/ClaudeCodePresentation/node_modules/.pnpm/@vue+runtime-core@3.5.35/node_modules/@vue/runtime-core/dist/runtime-core.esm-bundler.js?v=1759ab92:40
[ 2544188ms] [WARNING] [Vue warn]: Failed to resolve component: AutoFit
If this is a native custom element, make sure to exclude it from component resolution via compilerOptions.isCustomElement. 
  at <Default frontmatter= {} > 
  at <Slides.mdslidev11> 
  at <AsyncComponentWrapper> 
  at <SlideWrapper key=11 clicks-context= {current: undefined, clicksStart: 0, relativeSizeMap: undefined, maxMap: undefined, isMounted: undefined} route= {no: 11, meta: Proxy(Object), load: , component: Object}  ... > 
  at <TransitionGroup name="slide-right" id="slideshow" tag="div"  ... > 
  at <SlidesShow render-context="slide" > 
  at <SlideContainer style= {background: var(--slidev-slide-container-background, black)} is-main="" content-style= {filter: }  ... > 
  at <Play onVnodeUnmounted=fn<onVnodeUnmounted> ref=Ref< Proxy(Object) > > 
  at <RouterView> 
  at <App> @ http://localhost:3032/@fs/Users/wraithy/Development/Trask/ClaudeCodePresentation/node_modules/.pnpm/@vue+runtime-core@3.5.35/node_modules/@vue/runtime-core/dist/runtime-core.esm-bundler.js?v=1759ab92:40
[ 2544188ms] [WARNING] [Vue warn]: Failed to resolve component: AutoFit
If this is a native custom element, make sure to exclude it from component resolution via compilerOptions.isCustomElement. 
  at <Default frontmatter= {} > 
  at <Slides.mdslidev7> 
  at <AsyncComponentWrapper> 
  at <SlideWrapper key=7 clicks-context= {current: undefined, clicksStart: 0, relativeSizeMap: undefined, maxMap: undefined, isMounted: undefined} route= {no: 7, meta: Proxy(Object), load: , component: Object}  ... > 
  at <TransitionGroup name="slide-right" id="slideshow" tag="div"  ... > 
  at <SlidesShow render-context="slide" > 
  at <SlideContainer style= {background: var(--slidev-slide-container-background, black)} is-main="" content-style= {filter: }  ... > 
  at <Play onVnodeUnmounted=fn<onVnodeUnmounted> ref=Ref< Proxy(Object) > > 
  at <RouterView> 
  at <App> @ http://localhost:3032/@fs/Users/wraithy/Development/Trask/ClaudeCodePresentation/node_modules/.pnpm/@vue+runtime-core@3.5.35/node_modules/@vue/runtime-core/dist/runtime-core.esm-bundler.js?v=1759ab92:40
[ 2544188ms] [WARNING] [Vue warn]: Failed to resolve component: AutoFit
If this is a native custom element, make sure to exclude it from component resolution via compilerOptions.isCustomElement. 
  at <Default frontmatter= {} > 
  at <Slides.mdslidev9> 
  at <AsyncComponentWrapper> 
  at <SlideWrapper key=9 clicks-context= {current: undefined, clicksStart: 0, relativeSizeMap: undefined, maxMap: undefined, isMounted: undefined} route= {no: 9, meta: Proxy(Object), load: , component: Object}  ... > 
  at <TransitionGroup name="slide-right" id="slideshow" tag="div"  ... > 
  at <SlidesShow render-context="slide" > 
  at <SlideContainer style= {background: var(--slidev-slide-container-background, black)} is-main="" content-style= {filter: }  ... > 
  at <Play onVnodeUnmounted=fn<onVnodeUnmounted> ref=Ref< Proxy(Object) > > 
  at <RouterView> 
  at <App> @ http://localhost:3032/@fs/Users/wraithy/Development/Trask/ClaudeCodePresentation/node_modules/.pnpm/@vue+runtime-core@3.5.35/node_modules/@vue/runtime-core/dist/runtime-core.esm-bundler.js?v=1759ab92:40
[ 2544189ms] [WARNING] [Vue warn]: Failed to resolve component: AutoFit
If this is a native custom element, make sure to exclude it from component resolution via compilerOptions.isCustomElement. 
  at <Default frontmatter= {} > 
  at <Slides.mdslidev10> 
  at <AsyncComponentWrapper> 
  at <SlideWrapper key=10 clicks-context= {current: undefined, clicksStart: 0, relativeSizeMap: undefined, maxMap: undefined, isMounted: undefined} route= {no: 10, meta: Proxy(Object), load: , component: Object}  ... > 
  at <TransitionGroup name="slide-right" id="slideshow" tag="div"  ... > 
  at <SlidesShow render-context="slide" > 
  at <SlideContainer style= {background: var(--slidev-slide-container-background, black)} is-main="" content-style= {filter: }  ... > 
  at <Play onVnodeUnmounted=fn<onVnodeUnmounted> ref=Ref< Proxy(Object) > > 
  at <RouterView> 
  at <App> @ http://localhost:3032/@fs/Users/wraithy/Development/Trask/ClaudeCodePresentation/node_modules/.pnpm/@vue+runtime-core@3.5.35/node_modules/@vue/runtime-core/dist/runtime-core.esm-bundler.js?v=1759ab92:40
[ 2544189ms] [WARNING] [Vue warn]: Failed to resolve component: AutoFit
If this is a native custom element, make sure to exclude it from component resolution via compilerOptions.isCustomElement. 
  at <Default frontmatter= {} > 
  at <Slides.mdslidev16> 
  at <AsyncComponentWrapper> 
  at <SlideWrapper key=16 clicks-context= {current: undefined, clicksStart: 0, relativeSizeMap: undefined, maxMap: undefined, isMounted: undefined} route= {no: 16, meta: Proxy(Object), load: , component: Object}  ... > 
  at <TransitionGroup name="slide-right" id="slideshow" tag="div"  ... > 
  at <SlidesShow render-context="slide" > 
  at <SlideContainer style= {background: var(--slidev-slide-container-background, black)} is-main="" content-style= {filter: }  ... > 
  at <Play onVnodeUnmounted=fn<onVnodeUnmounted> ref=Ref< Proxy(Object) > > 
  at <RouterView> 
  at <App> @ http://localhost:3032/@fs/Users/wraithy/Development/Trask/ClaudeCodePresentation/node_modules/.pnpm/@vue+runtime-core@3.5.35/node_modules/@vue/runtime-core/dist/runtime-core.esm-bundler.js?v=1759ab92:40
[ 2544189ms] [WARNING] [Vue warn]: Failed to resolve component: AutoFit
If this is a native custom element, make sure to exclude it from component resolution via compilerOptions.isCustomElement. 
  at <Default frontmatter= {} > 
  at <Slides.mdslidev15> 
  at <AsyncComponentWrapper> 
  at <SlideWrapper key=15 clicks-context= {current: undefined, clicksStart: 0, relativeSizeMap: undefined, maxMap: undefined, isMounted: undefined} route= {no: 15, meta: Proxy(Object), load: , component: Object}  ... > 
  at <TransitionGroup name="slide-right" id="slideshow" tag="div"  ... > 
  at <SlidesShow render-context="slide" > 
  at <SlideContainer style= {background: var(--slidev-slide-container-background, black)} is-main="" content-style= {filter: }  ... > 
  at <Play onVnodeUnmounted=fn<onVnodeUnmounted> ref=Ref< Proxy(Object) > > 
  at <RouterView> 
  at <App> @ http://localhost:3032/@fs/Users/wraithy/Development/Trask/ClaudeCodePresentation/node_modules/.pnpm/@vue+runtime-core@3.5.35/node_modules/@vue/runtime-core/dist/runtime-core.esm-bundler.js?v=1759ab92:40
[ 2544189ms] [WARNING] [Vue warn]: Failed to resolve component: AutoFit
If this is a native custom element, make sure to exclude it from component resolution via compilerOptions.isCustomElement. 
  at <Default frontmatter= {} > 
  at <Slides.mdslidev12> 
  at <AsyncComponentWrapper> 
  at <SlideWrapper key=12 clicks-context= {current: undefined, clicksStart: 0, relativeSizeMap: undefined, maxMap: undefined, isMounted: undefined} route= {no: 12, meta: Proxy(Object), load: , component: Object}  ... > 
  at <TransitionGroup name="slide-right" id="slideshow" tag="div"  ... > 
  at <SlidesShow render-context="slide" > 
  at <SlideContainer style= {background: var(--slidev-slide-container-background, black)} is-main="" content-style= {filter: }  ... > 
  at <Play onVnodeUnmounted=fn<onVnodeUnmounted> ref=Ref< Proxy(Object) > > 
  at <RouterView> 
  at <App> @ http://localhost:3032/@fs/Users/wraithy/Development/Trask/ClaudeCodePresentation/node_modules/.pnpm/@vue+runtime-core@3.5.35/node_modules/@vue/runtime-core/dist/runtime-core.esm-bundler.js?v=1759ab92:40
[ 2544189ms] [WARNING] [Vue warn]: Failed to resolve component: AutoFit
If this is a native custom element, make sure to exclude it from component resolution via compilerOptions.isCustomElement. 
  at <Default frontmatter= {} > 
  at <Slides.mdslidev13> 
  at <AsyncComponentWrapper> 
  at <SlideWrapper key=13 clicks-context= {current: undefined, clicksStart: 0, relativeSizeMap: undefined, maxMap: undefined, isMounted: undefined} route= {no: 13, meta: Proxy(Object), load: , component: Object}  ... > 
  at <TransitionGroup name="slide-right" id="slideshow" tag="div"  ... > 
  at <SlidesShow render-context="slide" > 
  at <SlideContainer style= {background: var(--slidev-slide-container-background, black)} is-main="" content-style= {filter: }  ... > 
  at <Play onVnodeUnmounted=fn<onVnodeUnmounted> ref=Ref< Proxy(Object) > > 
  at <RouterView> 
  at <App> @ http://localhost:3032/@fs/Users/wraithy/Development/Trask/ClaudeCodePresentation/node_modules/.pnpm/@vue+runtime-core@3.5.35/node_modules/@vue/runtime-core/dist/runtime-core.esm-bundler.js?v=1759ab92:40
[ 2544189ms] [WARNING] [Vue warn]: Failed to resolve component: AutoFit
If this is a native custom element, make sure to exclude it from component resolution via compilerOptions.isCustomElement. 
  at <Default frontmatter= {} > 
  at <Slides.mdslidev20> 
  at <AsyncComponentWrapper> 
  at <SlideWrapper key=20 clicks-context= {current: undefined, clicksStart: 0, relativeSizeMap: undefined, maxMap: undefined, isMounted: undefined} route= {no: 20, meta: Proxy(Object), load: , component: Object}  ... > 
  at <TransitionGroup name="slide-right" id="slideshow" tag="div"  ... > 
  at <SlidesShow render-context="slide" > 
  at <SlideContainer style= {background: var(--slidev-slide-container-background, black)} is-main="" content-style= {filter: }  ... > 
  at <Play onVnodeUnmounted=fn<onVnodeUnmounted> ref=Ref< Proxy(Object) > > 
  at <RouterView> 
  at <App> @ http://localhost:3032/@fs/Users/wraithy/Development/Trask/ClaudeCodePresentation/node_modules/.pnpm/@vue+runtime-core@3.5.35/node_modules/@vue/runtime-core/dist/runtime-core.esm-bundler.js?v=1759ab92:40
[ 2544190ms] [WARNING] [Vue warn]: Failed to resolve component: AutoFit
If this is a native custom element, make sure to exclude it from component resolution via compilerOptions.isCustomElement. 
  at <Default frontmatter= {} > 
  at <Slides.mdslidev21> 
  at <AsyncComponentWrapper> 
  at <SlideWrapper key=21 clicks-context= {current: undefined, clicksStart: 0, relativeSizeMap: undefined, maxMap: undefined, isMounted: undefined} route= {no: 21, meta: Proxy(Object), load: , component: Object}  ... > 
  at <TransitionGroup name="slide-right" id="slideshow" tag="div"  ... > 
  at <SlidesShow render-context="slide" > 
  at <SlideContainer style= {background: var(--slidev-slide-container-background, black)} is-main="" content-style= {filter: }  ... > 
  at <Play onVnodeUnmounted=fn<onVnodeUnmounted> ref=Ref< Proxy(Object) > > 
  at <RouterView> 
  at <App> @ http://localhost:3032/@fs/Users/wraithy/Development/Trask/ClaudeCodePresentation/node_modules/.pnpm/@vue+runtime-core@3.5.35/node_modules/@vue/runtime-core/dist/runtime-core.esm-bundler.js?v=1759ab92:40
[ 2544190ms] [WARNING] [Vue warn]: Failed to resolve component: AutoFit
If this is a native custom element, make sure to exclude it from component resolution via compilerOptions.isCustomElement. 
  at <Default frontmatter= {} > 
  at <Slides.mdslidev22> 
  at <AsyncComponentWrapper> 
  at <SlideWrapper key=22 clicks-context= {current: undefined, clicksStart: 0, relativeSizeMap: undefined, maxMap: undefined, isMounted: undefined} route= {no: 22, meta: Proxy(Object), load: , component: Object}  ... > 
  at <TransitionGroup name="slide-right" id="slideshow" tag="div"  ... > 
  at <SlidesShow render-context="slide" > 
  at <SlideContainer style= {background: var(--slidev-slide-container-background, black)} is-main="" content-style= {filter: }  ... > 
  at <Play onVnodeUnmounted=fn<onVnodeUnmounted> ref=Ref< Proxy(Object) > > 
  at <RouterView> 
  at <App> @ http://localhost:3032/@fs/Users/wraithy/Development/Trask/ClaudeCodePresentation/node_modules/.pnpm/@vue+runtime-core@3.5.35/node_modules/@vue/runtime-core/dist/runtime-core.esm-bundler.js?v=1759ab92:40
[ 2544190ms] [WARNING] [Vue warn]: Failed to resolve component: AutoFit
If this is a native custom element, make sure to exclude it from component resolution via compilerOptions.isCustomElement. 
  at <Default frontmatter= {} > 
  at <Slides.mdslidev17> 
  at <AsyncComponentWrapper> 
  at <SlideWrapper key=17 clicks-context= {current: undefined, clicksStart: 0, relativeSizeMap: undefined, maxMap: undefined, isMounted: undefined} route= {no: 17, meta: Proxy(Object), load: , component: Object}  ... > 
  at <TransitionGroup name="slide-right" id="slideshow" tag="div"  ... > 
  at <SlidesShow render-context="slide" > 
  at <SlideContainer style= {background: var(--slidev-slide-container-background, black)} is-main="" content-style= {filter: }  ... > 
  at <Play onVnodeUnmounted=fn<onVnodeUnmounted> ref=Ref< Proxy(Object) > > 
  at <RouterView> 
  at <App> @ http://localhost:3032/@fs/Users/wraithy/Development/Trask/ClaudeCodePresentation/node_modules/.pnpm/@vue+runtime-core@3.5.35/node_modules/@vue/runtime-core/dist/runtime-core.esm-bundler.js?v=1759ab92:40
[ 2544190ms] [WARNING] [Vue warn]: Failed to resolve component: AutoFit
If this is a native custom element, make sure to exclude it from component resolution via compilerOptions.isCustomElement. 
  at <Default frontmatter= {} > 
  at <Slides.mdslidev23> 
  at <AsyncComponentWrapper> 
  at <SlideWrapper key=23 clicks-context= {current: undefined, clicksStart: 0, relativeSizeMap: undefined, maxMap: undefined, isMounted: undefined} route= {no: 23, meta: Proxy(Object), load: , component: Object}  ... > 
  at <TransitionGroup name="slide-right" id="slideshow" tag="div"  ... > 
  at <SlidesShow render-context="slide" > 
  at <SlideContainer style= {background: var(--slidev-slide-container-background, black)} is-main="" content-style= {filter: }  ... > 
  at <Play onVnodeUnmounted=fn<onVnodeUnmounted> ref=Ref< Proxy(Object) > > 
  at <RouterView> 
  at <App> @ http://localhost:3032/@fs/Users/wraithy/Development/Trask/ClaudeCodePresentation/node_modules/.pnpm/@vue+runtime-core@3.5.35/node_modules/@vue/runtime-core/dist/runtime-core.esm-bundler.js?v=1759ab92:40
[ 2544190ms] [WARNING] [Vue warn]: Failed to resolve component: AutoFit
If this is a native custom element, make sure to exclude it from component resolution via compilerOptions.isCustomElement. 
  at <Default frontmatter= {} > 
  at <Slides.mdslidev25> 
  at <AsyncComponentWrapper> 
  at <SlideWrapper key=25 clicks-context= {current: undefined, clicksStart: 0, relativeSizeMap: undefined, maxMap: undefined, isMounted: undefined} route= {no: 25, meta: Proxy(Object), load: , component: Object}  ... > 
  at <TransitionGroup name="slide-right" id="slideshow" tag="div"  ... > 
  at <SlidesShow render-context="slide" > 
  at <SlideContainer style= {background: var(--slidev-slide-container-background, black)} is-main="" content-style= {filter: }  ... > 
  at <Play onVnodeUnmounted=fn<onVnodeUnmounted> ref=Ref< Proxy(Object) > > 
  at <RouterView> 
  at <App> @ http://localhost:3032/@fs/Users/wraithy/Development/Trask/ClaudeCodePresentation/node_modules/.pnpm/@vue+runtime-core@3.5.35/node_modules/@vue/runtime-core/dist/runtime-core.esm-bundler.js?v=1759ab92:40
[ 2544191ms] [WARNING] [Vue warn]: Failed to resolve component: AutoFit
If this is a native custom element, make sure to exclude it from component resolution via compilerOptions.isCustomElement. 
  at <Default frontmatter= {} > 
  at <Slides.mdslidev19> 
  at <AsyncComponentWrapper> 
  at <SlideWrapper key=19 clicks-context= {current: undefined, clicksStart: 0, relativeSizeMap: undefined, maxMap: undefined, isMounted: undefined} route= {no: 19, meta: Proxy(Object), load: , component: Object}  ... > 
  at <TransitionGroup name="slide-right" id="slideshow" tag="div"  ... > 
  at <SlidesShow render-context="slide" > 
  at <SlideContainer style= {background: var(--slidev-slide-container-background, black)} is-main="" content-style= {filter: }  ... > 
  at <Play onVnodeUnmounted=fn<onVnodeUnmounted> ref=Ref< Proxy(Object) > > 
  at <RouterView> 
  at <App> @ http://localhost:3032/@fs/Users/wraithy/Development/Trask/ClaudeCodePresentation/node_modules/.pnpm/@vue+runtime-core@3.5.35/node_modules/@vue/runtime-core/dist/runtime-core.esm-bundler.js?v=1759ab92:40
[ 2544191ms] [WARNING] [Vue warn]: Failed to resolve component: AutoFit
If this is a native custom element, make sure to exclude it from component resolution via compilerOptions.isCustomElement. 
  at <Default frontmatter= {} > 
  at <Slides.mdslidev26> 
  at <AsyncComponentWrapper> 
  at <SlideWrapper key=26 clicks-context= {current: undefined, clicksStart: 0, relativeSizeMap: undefined, maxMap: undefined, isMounted: undefined} route= {no: 26, meta: Proxy(Object), load: , component: Object}  ... > 
  at <TransitionGroup name="slide-right" id="slideshow" tag="div"  ... > 
  at <SlidesShow render-context="slide" > 
  at <SlideContainer style= {background: var(--slidev-slide-container-background, black)} is-main="" content-style= {filter: }  ... > 
  at <Play onVnodeUnmounted=fn<onVnodeUnmounted> ref=Ref< Proxy(Object) > > 
  at <RouterView> 
  at <App> @ http://localhost:3032/@fs/Users/wraithy/Development/Trask/ClaudeCodePresentation/node_modules/.pnpm/@vue+runtime-core@3.5.35/node_modules/@vue/runtime-core/dist/runtime-core.esm-bundler.js?v=1759ab92:40
[ 2544191ms] [WARNING] [Vue warn]: Failed to resolve component: AutoFit
If this is a native custom element, make sure to exclude it from component resolution via compilerOptions.isCustomElement. 
  at <Default frontmatter= {} > 
  at <Slides.mdslidev27> 
  at <AsyncComponentWrapper> 
  at <SlideWrapper key=27 clicks-context= {current: undefined, clicksStart: 0, relativeSizeMap: undefined, maxMap: undefined, isMounted: undefined} route= {no: 27, meta: Proxy(Object), load: , component: Object}  ... > 
  at <TransitionGroup name="slide-right" id="slideshow" tag="div"  ... > 
  at <SlidesShow render-context="slide" > 
  at <SlideContainer style= {background: var(--slidev-slide-container-background, black)} is-main="" content-style= {filter: }  ... > 
  at <Play onVnodeUnmounted=fn<onVnodeUnmounted> ref=Ref< Proxy(Object) > > 
  at <RouterView> 
  at <App> @ http://localhost:3032/@fs/Users/wraithy/Development/Trask/ClaudeCodePresentation/node_modules/.pnpm/@vue+runtime-core@3.5.35/node_modules/@vue/runtime-core/dist/runtime-core.esm-bundler.js?v=1759ab92:40
[ 2544191ms] [WARNING] [Vue warn]: Failed to resolve component: AutoFit
If this is a native custom element, make sure to exclude it from component resolution via compilerOptions.isCustomElement. 
  at <Default frontmatter= {} > 
  at <Slides.mdslidev32> 
  at <AsyncComponentWrapper> 
  at <SlideWrapper key=32 clicks-context= {current: undefined, clicksStart: 0, relativeSizeMap: undefined, maxMap: undefined, isMounted: undefined} route= {no: 32, meta: Proxy(Object), load: , component: Object}  ... > 
  at <TransitionGroup name="slide-right" id="slideshow" tag="div"  ... > 
  at <SlidesShow render-context="slide" > 
  at <SlideContainer style= {background: var(--slidev-slide-container-background, black)} is-main="" content-style= {filter: }  ... > 
  at <Play onVnodeUnmounted=fn<onVnodeUnmounted> ref=Ref< Proxy(Object) > > 
  at <RouterView> 
  at <App> @ http://localhost:3032/@fs/Users/wraithy/Development/Trask/ClaudeCodePresentation/node_modules/.pnpm/@vue+runtime-core@3.5.35/node_modules/@vue/runtime-core/dist/runtime-core.esm-bundler.js?v=1759ab92:40
[ 2544191ms] [WARNING] [Vue warn]: Failed to resolve component: AutoFit
If this is a native custom element, make sure to exclude it from component resolution via compilerOptions.isCustomElement. 
  at <Default frontmatter= {} > 
  at <Slides.mdslidev30> 
  at <AsyncComponentWrapper> 
  at <SlideWrapper key=30 clicks-context= {current: undefined, clicksStart: 0, relativeSizeMap: undefined, maxMap: undefined, isMounted: undefined} route= {no: 30, meta: Proxy(Object), load: , component: Object}  ... > 
  at <TransitionGroup name="slide-right" id="slideshow" tag="div"  ... > 
  at <SlidesShow render-context="slide" > 
  at <SlideContainer style= {background: var(--slidev-slide-container-background, black)} is-main="" content-style= {filter: }  ... > 
  at <Play onVnodeUnmounted=fn<onVnodeUnmounted> ref=Ref< Proxy(Object) > > 
  at <RouterView> 
  at <App> @ http://localhost:3032/@fs/Users/wraithy/Development/Trask/ClaudeCodePresentation/node_modules/.pnpm/@vue+runtime-core@3.5.35/node_modules/@vue/runtime-core/dist/runtime-core.esm-bundler.js?v=1759ab92:40
[ 2544191ms] [WARNING] [Vue warn]: Failed to resolve component: AutoFit
If this is a native custom element, make sure to exclude it from component resolution via compilerOptions.isCustomElement. 
  at <Default frontmatter= {} > 
  at <Slides.mdslidev29> 
  at <AsyncComponentWrapper> 
  at <SlideWrapper key=29 clicks-context= {current: undefined, clicksStart: 0, relativeSizeMap: undefined, maxMap: undefined, isMounted: undefined} route= {no: 29, meta: Proxy(Object), load: , component: Object}  ... > 
  at <TransitionGroup name="slide-right" id="slideshow" tag="div"  ... > 
  at <SlidesShow render-context="slide" > 
  at <SlideContainer style= {background: var(--slidev-slide-container-background, black)} is-main="" content-style= {filter: }  ... > 
  at <Play onVnodeUnmounted=fn<onVnodeUnmounted> ref=Ref< Proxy(Object) > > 
  at <RouterView> 
  at <App> @ http://localhost:3032/@fs/Users/wraithy/Development/Trask/ClaudeCodePresentation/node_modules/.pnpm/@vue+runtime-core@3.5.35/node_modules/@vue/runtime-core/dist/runtime-core.esm-bundler.js?v=1759ab92:40
[ 2544191ms] [WARNING] [Vue warn]: Failed to resolve component: AutoFit
If this is a native custom element, make sure to exclude it from component resolution via compilerOptions.isCustomElement. 
  at <Default frontmatter= {} > 
  at <Slides.mdslidev4> 
  at <AsyncComponentWrapper> 
  at <SlideWrapper key=4 clicks-context= {current: undefined, clicksStart: 0, relativeSizeMap: undefined, maxMap: undefined, isMounted: undefined} route= {no: 4, meta: Proxy(Object), load: , component: Object}  ... > 
  at <TransitionGroup name="slide-right" id="slideshow" tag="div"  ... > 
  at <SlidesShow render-context="slide" > 
  at <SlideContainer style= {background: var(--slidev-slide-container-background, black)} is-main="" content-style= {filter: }  ... > 
  at <Play onVnodeUnmounted=fn<onVnodeUnmounted> ref=Ref< Proxy(Object) > > 
  at <RouterView> 
  at <App> @ http://localhost:3032/@fs/Users/wraithy/Development/Trask/ClaudeCodePresentation/node_modules/.pnpm/@vue+runtime-core@3.5.35/node_modules/@vue/runtime-core/dist/runtime-core.esm-bundler.js?v=1759ab92:40
[ 2545234ms] [WARNING] [Vue warn]: Failed to resolve component: AutoFit
If this is a native custom element, make sure to exclude it from component resolution via compilerOptions.isCustomElement. 
  at <Default frontmatter= {} > 
  at <Slides.mdslidev2> 
  at <AsyncComponentWrapper> 
  at <SlideWrapper key=2 clicks-context= {current: undefined, clicksStart: 0, relativeSizeMap: undefined, maxMap: undefined, isMounted: undefined} route= {no: 2, meta: Proxy(Object), load: , component: Object}  ... > 
  at <TransitionGroup name="slide-right" id="slideshow" tag="div"  ... > 
  at <SlidesShow render-context="slide" > 
  at <SlideContainer style= {background: var(--slidev-slide-container-background, black)} is-main="" content-style= {filter: }  ... > 
  at <Play onVnodeUnmounted=fn<onVnodeUnmounted> ref=Ref< Proxy(Object) > > 
  at <RouterView> 
  at <App> @ http://localhost:3032/@fs/Users/wraithy/Development/Trask/ClaudeCodePresentation/node_modules/.pnpm/@vue+runtime-core@3.5.35/node_modules/@vue/runtime-core/dist/runtime-core.esm-bundler.js?v=1759ab92:40
[ 2545234ms] [WARNING] [Vue warn]: Failed to resolve component: AutoFit
If this is a native custom element, make sure to exclude it from component resolution via compilerOptions.isCustomElement. 
  at <Default frontmatter= {} > 
  at <Slides.mdslidev5> 
  at <AsyncComponentWrapper> 
  at <SlideWrapper key=5 clicks-context= {current: undefined, clicksStart: 0, relativeSizeMap: undefined, maxMap: undefined, isMounted: undefined} route= {no: 5, meta: Proxy(Object), load: , component: Object}  ... > 
  at <TransitionGroup name="slide-right" id="slideshow" tag="div"  ... > 
  at <SlidesShow render-context="slide" > 
  at <SlideContainer style= {background: var(--slidev-slide-container-background, black)} is-main="" content-style= {filter: }  ... > 
  at <Play onVnodeUnmounted=fn<onVnodeUnmounted> ref=Ref< Proxy(Object) > > 
  at <RouterView> 
  at <App> @ http://localhost:3032/@fs/Users/wraithy/Development/Trask/ClaudeCodePresentation/node_modules/.pnpm/@vue+runtime-core@3.5.35/node_modules/@vue/runtime-core/dist/runtime-core.esm-bundler.js?v=1759ab92:40
[ 2545234ms] [WARNING] [Vue warn]: Failed to resolve component: AutoFit
If this is a native custom element, make sure to exclude it from component resolution via compilerOptions.isCustomElement. 
  at <Default frontmatter= {} > 
  at <Slides.mdslidev6> 
  at <AsyncComponentWrapper> 
  at <SlideWrapper key=6 clicks-context= {current: undefined, clicksStart: 0, relativeSizeMap: undefined, maxMap: undefined, isMounted: undefined} route= {no: 6, meta: Proxy(Object), load: , component: Object}  ... > 
  at <TransitionGroup name="slide-right" id="slideshow" tag="div"  ... > 
  at <SlidesShow render-context="slide" > 
  at <SlideContainer style= {background: var(--slidev-slide-container-background, black)} is-main="" content-style= {filter: }  ... > 
  at <Play onVnodeUnmounted=fn<onVnodeUnmounted> ref=Ref< Proxy(Object) > > 
  at <RouterView> 
  at <App> @ http://localhost:3032/@fs/Users/wraithy/Development/Trask/ClaudeCodePresentation/node_modules/.pnpm/@vue+runtime-core@3.5.35/node_modules/@vue/runtime-core/dist/runtime-core.esm-bundler.js?v=1759ab92:40
[ 2545235ms] [WARNING] [Vue warn]: Failed to resolve component: AutoFit
If this is a native custom element, make sure to exclude it from component resolution via compilerOptions.isCustomElement. 
  at <Default frontmatter= {} > 
  at <Slides.mdslidev11> 
  at <AsyncComponentWrapper> 
  at <SlideWrapper key=11 clicks-context= {current: undefined, clicksStart: 0, relativeSizeMap: undefined, maxMap: undefined, isMounted: undefined} route= {no: 11, meta: Proxy(Object), load: , component: Object}  ... > 
  at <TransitionGroup name="slide-right" id="slideshow" tag="div"  ... > 
  at <SlidesShow render-context="slide" > 
  at <SlideContainer style= {background: var(--slidev-slide-container-background, black)} is-main="" content-style= {filter: }  ... > 
  at <Play onVnodeUnmounted=fn<onVnodeUnmounted> ref=Ref< Proxy(Object) > > 
  at <RouterView> 
  at <App> @ http://localhost:3032/@fs/Users/wraithy/Development/Trask/ClaudeCodePresentation/node_modules/.pnpm/@vue+runtime-core@3.5.35/node_modules/@vue/runtime-core/dist/runtime-core.esm-bundler.js?v=1759ab92:40
[ 2545235ms] [WARNING] [Vue warn]: Failed to resolve component: AutoFit
If this is a native custom element, make sure to exclude it from component resolution via compilerOptions.isCustomElement. 
  at <Default frontmatter= {} > 
  at <Slides.mdslidev7> 
  at <AsyncComponentWrapper> 
  at <SlideWrapper key=7 clicks-context= {current: undefined, clicksStart: 0, relativeSizeMap: undefined, maxMap: undefined, isMounted: undefined} route= {no: 7, meta: Proxy(Object), load: , component: Object}  ... > 
  at <TransitionGroup name="slide-right" id="slideshow" tag="div"  ... > 
  at <SlidesShow render-context="slide" > 
  at <SlideContainer style= {background: var(--slidev-slide-container-background, black)} is-main="" content-style= {filter: }  ... > 
  at <Play onVnodeUnmounted=fn<onVnodeUnmounted> ref=Ref< Proxy(Object) > > 
  at <RouterView> 
  at <App> @ http://localhost:3032/@fs/Users/wraithy/Development/Trask/ClaudeCodePresentation/node_modules/.pnpm/@vue+runtime-core@3.5.35/node_modules/@vue/runtime-core/dist/runtime-core.esm-bundler.js?v=1759ab92:40
[ 2545235ms] [WARNING] [Vue warn]: Failed to resolve component: AutoFit
If this is a native custom element, make sure to exclude it from component resolution via compilerOptions.isCustomElement. 
  at <Default frontmatter= {} > 
  at <Slides.mdslidev9> 
  at <AsyncComponentWrapper> 
  at <SlideWrapper key=9 clicks-context= {current: undefined, clicksStart: 0, relativeSizeMap: undefined, maxMap: undefined, isMounted: undefined} route= {no: 9, meta: Proxy(Object), load: , component: Object}  ... > 
  at <TransitionGroup name="slide-right" id="slideshow" tag="div"  ... > 
  at <SlidesShow render-context="slide" > 
  at <SlideContainer style= {background: var(--slidev-slide-container-background, black)} is-main="" content-style= {filter: }  ... > 
  at <Play onVnodeUnmounted=fn<onVnodeUnmounted> ref=Ref< Proxy(Object) > > 
  at <RouterView> 
  at <App> @ http://localhost:3032/@fs/Users/wraithy/Development/Trask/ClaudeCodePresentation/node_modules/.pnpm/@vue+runtime-core@3.5.35/node_modules/@vue/runtime-core/dist/runtime-core.esm-bundler.js?v=1759ab92:40
[ 2545235ms] [WARNING] [Vue warn]: Failed to resolve component: AutoFit
If this is a native custom element, make sure to exclude it from component resolution via compilerOptions.isCustomElement. 
  at <Default frontmatter= {} > 
  at <Slides.mdslidev10> 
  at <AsyncComponentWrapper> 
  at <SlideWrapper key=10 clicks-context= {current: undefined, clicksStart: 0, relativeSizeMap: undefined, maxMap: undefined, isMounted: undefined} route= {no: 10, meta: Proxy(Object), load: , component: Object}  ... > 
  at <TransitionGroup name="slide-right" id="slideshow" tag="div"  ... > 
  at <SlidesShow render-context="slide" > 
  at <SlideContainer style= {background: var(--slidev-slide-container-background, black)} is-main="" content-style= {filter: }  ... > 
  at <Play onVnodeUnmounted=fn<onVnodeUnmounted> ref=Ref< Proxy(Object) > > 
  at <RouterView> 
  at <App> @ http://localhost:3032/@fs/Users/wraithy/Development/Trask/ClaudeCodePresentation/node_modules/.pnpm/@vue+runtime-core@3.5.35/node_modules/@vue/runtime-core/dist/runtime-core.esm-bundler.js?v=1759ab92:40
[ 2545236ms] [WARNING] [Vue warn]: Failed to resolve component: AutoFit
If this is a native custom element, make sure to exclude it from component resolution via compilerOptions.isCustomElement. 
  at <Default frontmatter= {} > 
  at <Slides.mdslidev16> 
  at <AsyncComponentWrapper> 
  at <SlideWrapper key=16 clicks-context= {current: undefined, clicksStart: 0, relativeSizeMap: undefined, maxMap: undefined, isMounted: undefined} route= {no: 16, meta: Proxy(Object), load: , component: Object}  ... > 
  at <TransitionGroup name="slide-right" id="slideshow" tag="div"  ... > 
  at <SlidesShow render-context="slide" > 
  at <SlideContainer style= {background: var(--slidev-slide-container-background, black)} is-main="" content-style= {filter: }  ... > 
  at <Play onVnodeUnmounted=fn<onVnodeUnmounted> ref=Ref< Proxy(Object) > > 
  at <RouterView> 
  at <App> @ http://localhost:3032/@fs/Users/wraithy/Development/Trask/ClaudeCodePresentation/node_modules/.pnpm/@vue+runtime-core@3.5.35/node_modules/@vue/runtime-core/dist/runtime-core.esm-bundler.js?v=1759ab92:40
[ 2545236ms] [WARNING] [Vue warn]: Failed to resolve component: AutoFit
If this is a native custom element, make sure to exclude it from component resolution via compilerOptions.isCustomElement. 
  at <Default frontmatter= {} > 
  at <Slides.mdslidev15> 
  at <AsyncComponentWrapper> 
  at <SlideWrapper key=15 clicks-context= {current: undefined, clicksStart: 0, relativeSizeMap: undefined, maxMap: undefined, isMounted: undefined} route= {no: 15, meta: Proxy(Object), load: , component: Object}  ... > 
  at <TransitionGroup name="slide-right" id="slideshow" tag="div"  ... > 
  at <SlidesShow render-context="slide" > 
  at <SlideContainer style= {background: var(--slidev-slide-container-background, black)} is-main="" content-style= {filter: }  ... > 
  at <Play onVnodeUnmounted=fn<onVnodeUnmounted> ref=Ref< Proxy(Object) > > 
  at <RouterView> 
  at <App> @ http://localhost:3032/@fs/Users/wraithy/Development/Trask/ClaudeCodePresentation/node_modules/.pnpm/@vue+runtime-core@3.5.35/node_modules/@vue/runtime-core/dist/runtime-core.esm-bundler.js?v=1759ab92:40
[ 2545236ms] [WARNING] [Vue warn]: Failed to resolve component: AutoFit
If this is a native custom element, make sure to exclude it from component resolution via compilerOptions.isCustomElement. 
  at <Default frontmatter= {} > 
  at <Slides.mdslidev12> 
  at <AsyncComponentWrapper> 
  at <SlideWrapper key=12 clicks-context= {current: undefined, clicksStart: 0, relativeSizeMap: undefined, maxMap: undefined, isMounted: undefined} route= {no: 12, meta: Proxy(Object), load: , component: Object}  ... > 
  at <TransitionGroup name="slide-right" id="slideshow" tag="div"  ... > 
  at <SlidesShow render-context="slide" > 
  at <SlideContainer style= {background: var(--slidev-slide-container-background, black)} is-main="" content-style= {filter: }  ... > 
  at <Play onVnodeUnmounted=fn<onVnodeUnmounted> ref=Ref< Proxy(Object) > > 
  at <RouterView> 
  at <App> @ http://localhost:3032/@fs/Users/wraithy/Development/Trask/ClaudeCodePresentation/node_modules/.pnpm/@vue+runtime-core@3.5.35/node_modules/@vue/runtime-core/dist/runtime-core.esm-bundler.js?v=1759ab92:40
[ 2545237ms] [WARNING] [Vue warn]: Failed to resolve component: AutoFit
If this is a native custom element, make sure to exclude it from component resolution via compilerOptions.isCustomElement. 
  at <Default frontmatter= {} > 
  at <Slides.mdslidev13> 
  at <AsyncComponentWrapper> 
  at <SlideWrapper key=13 clicks-context= {current: undefined, clicksStart: 0, relativeSizeMap: undefined, maxMap: undefined, isMounted: undefined} route= {no: 13, meta: Proxy(Object), load: , component: Object}  ... > 
  at <TransitionGroup name="slide-right" id="slideshow" tag="div"  ... > 
  at <SlidesShow render-context="slide" > 
  at <SlideContainer style= {background: var(--slidev-slide-container-background, black)} is-main="" content-style= {filter: }  ... > 
  at <Play onVnodeUnmounted=fn<onVnodeUnmounted> ref=Ref< Proxy(Object) > > 
  at <RouterView> 
  at <App> @ http://localhost:3032/@fs/Users/wraithy/Development/Trask/ClaudeCodePresentation/node_modules/.pnpm/@vue+runtime-core@3.5.35/node_modules/@vue/runtime-core/dist/runtime-core.esm-bundler.js?v=1759ab92:40
[ 2545237ms] [WARNING] [Vue warn]: Failed to resolve component: AutoFit
If this is a native custom element, make sure to exclude it from component resolution via compilerOptions.isCustomElement. 
  at <Default frontmatter= {} > 
  at <Slides.mdslidev20> 
  at <AsyncComponentWrapper> 
  at <SlideWrapper key=20 clicks-context= {current: undefined, clicksStart: 0, relativeSizeMap: undefined, maxMap: undefined, isMounted: undefined} route= {no: 20, meta: Proxy(Object), load: , component: Object}  ... > 
  at <TransitionGroup name="slide-right" id="slideshow" tag="div"  ... > 
  at <SlidesShow render-context="slide" > 
  at <SlideContainer style= {background: var(--slidev-slide-container-background, black)} is-main="" content-style= {filter: }  ... > 
  at <Play onVnodeUnmounted=fn<onVnodeUnmounted> ref=Ref< Proxy(Object) > > 
  at <RouterView> 
  at <App> @ http://localhost:3032/@fs/Users/wraithy/Development/Trask/ClaudeCodePresentation/node_modules/.pnpm/@vue+runtime-core@3.5.35/node_modules/@vue/runtime-core/dist/runtime-core.esm-bundler.js?v=1759ab92:40
[ 2545237ms] [WARNING] [Vue warn]: Failed to resolve component: AutoFit
If this is a native custom element, make sure to exclude it from component resolution via compilerOptions.isCustomElement. 
  at <Default frontmatter= {} > 
  at <Slides.mdslidev21> 
  at <AsyncComponentWrapper> 
  at <SlideWrapper key=21 clicks-context= {current: undefined, clicksStart: 0, relativeSizeMap: undefined, maxMap: undefined, isMounted: undefined} route= {no: 21, meta: Proxy(Object), load: , component: Object}  ... > 
  at <TransitionGroup name="slide-right" id="slideshow" tag="div"  ... > 
  at <SlidesShow render-context="slide" > 
  at <SlideContainer style= {background: var(--slidev-slide-container-background, black)} is-main="" content-style= {filter: }  ... > 
  at <Play onVnodeUnmounted=fn<onVnodeUnmounted> ref=Ref< Proxy(Object) > > 
  at <RouterView> 
  at <App> @ http://localhost:3032/@fs/Users/wraithy/Development/Trask/ClaudeCodePresentation/node_modules/.pnpm/@vue+runtime-core@3.5.35/node_modules/@vue/runtime-core/dist/runtime-core.esm-bundler.js?v=1759ab92:40
[ 2545238ms] [WARNING] [Vue warn]: Failed to resolve component: AutoFit
If this is a native custom element, make sure to exclude it from component resolution via compilerOptions.isCustomElement. 
  at <Default frontmatter= {} > 
  at <Slides.mdslidev22> 
  at <AsyncComponentWrapper> 
  at <SlideWrapper key=22 clicks-context= {current: undefined, clicksStart: 0, relativeSizeMap: undefined, maxMap: undefined, isMounted: undefined} route= {no: 22, meta: Proxy(Object), load: , component: Object}  ... > 
  at <TransitionGroup name="slide-right" id="slideshow" tag="div"  ... > 
  at <SlidesShow render-context="slide" > 
  at <SlideContainer style= {background: var(--slidev-slide-container-background, black)} is-main="" content-style= {filter: }  ... > 
  at <Play onVnodeUnmounted=fn<onVnodeUnmounted> ref=Ref< Proxy(Object) > > 
  at <RouterView> 
  at <App> @ http://localhost:3032/@fs/Users/wraithy/Development/Trask/ClaudeCodePresentation/node_modules/.pnpm/@vue+runtime-core@3.5.35/node_modules/@vue/runtime-core/dist/runtime-core.esm-bundler.js?v=1759ab92:40
[ 2545238ms] [WARNING] [Vue warn]: Failed to resolve component: AutoFit
If this is a native custom element, make sure to exclude it from component resolution via compilerOptions.isCustomElement. 
  at <Default frontmatter= {} > 
  at <Slides.mdslidev17> 
  at <AsyncComponentWrapper> 
  at <SlideWrapper key=17 clicks-context= {current: undefined, clicksStart: 0, relativeSizeMap: undefined, maxMap: undefined, isMounted: undefined} route= {no: 17, meta: Proxy(Object), load: , component: Object}  ... > 
  at <TransitionGroup name="slide-right" id="slideshow" tag="div"  ... > 
  at <SlidesShow render-context="slide" > 
  at <SlideContainer style= {background: var(--slidev-slide-container-background, black)} is-main="" content-style= {filter: }  ... > 
  at <Play onVnodeUnmounted=fn<onVnodeUnmounted> ref=Ref< Proxy(Object) > > 
  at <RouterView> 
  at <App> @ http://localhost:3032/@fs/Users/wraithy/Development/Trask/ClaudeCodePresentation/node_modules/.pnpm/@vue+runtime-core@3.5.35/node_modules/@vue/runtime-core/dist/runtime-core.esm-bundler.js?v=1759ab92:40
[ 2545238ms] [WARNING] [Vue warn]: Failed to resolve component: AutoFit
If this is a native custom element, make sure to exclude it from component resolution via compilerOptions.isCustomElement. 
  at <Default frontmatter= {} > 
  at <Slides.mdslidev23> 
  at <AsyncComponentWrapper> 
  at <SlideWrapper key=23 clicks-context= {current: undefined, clicksStart: 0, relativeSizeMap: undefined, maxMap: undefined, isMounted: undefined} route= {no: 23, meta: Proxy(Object), load: , component: Object}  ... > 
  at <TransitionGroup name="slide-right" id="slideshow" tag="div"  ... > 
  at <SlidesShow render-context="slide" > 
  at <SlideContainer style= {background: var(--slidev-slide-container-background, black)} is-main="" content-style= {filter: }  ... > 
  at <Play onVnodeUnmounted=fn<onVnodeUnmounted> ref=Ref< Proxy(Object) > > 
  at <RouterView> 
  at <App> @ http://localhost:3032/@fs/Users/wraithy/Development/Trask/ClaudeCodePresentation/node_modules/.pnpm/@vue+runtime-core@3.5.35/node_modules/@vue/runtime-core/dist/runtime-core.esm-bundler.js?v=1759ab92:40
[ 2545238ms] [WARNING] [Vue warn]: Failed to resolve component: AutoFit
If this is a native custom element, make sure to exclude it from component resolution via compilerOptions.isCustomElement. 
  at <Default frontmatter= {} > 
  at <Slides.mdslidev25> 
  at <AsyncComponentWrapper> 
  at <SlideWrapper key=25 clicks-context= {current: undefined, clicksStart: 0, relativeSizeMap: undefined, maxMap: undefined, isMounted: undefined} route= {no: 25, meta: Proxy(Object), load: , component: Object}  ... > 
  at <TransitionGroup name="slide-right" id="slideshow" tag="div"  ... > 
  at <SlidesShow render-context="slide" > 
  at <SlideContainer style= {background: var(--slidev-slide-container-background, black)} is-main="" content-style= {filter: }  ... > 
  at <Play onVnodeUnmounted=fn<onVnodeUnmounted> ref=Ref< Proxy(Object) > > 
  at <RouterView> 
  at <App> @ http://localhost:3032/@fs/Users/wraithy/Development/Trask/ClaudeCodePresentation/node_modules/.pnpm/@vue+runtime-core@3.5.35/node_modules/@vue/runtime-core/dist/runtime-core.esm-bundler.js?v=1759ab92:40
[ 2545239ms] [WARNING] [Vue warn]: Failed to resolve component: AutoFit
If this is a native custom element, make sure to exclude it from component resolution via compilerOptions.isCustomElement. 
  at <Default frontmatter= {} > 
  at <Slides.mdslidev19> 
  at <AsyncComponentWrapper> 
  at <SlideWrapper key=19 clicks-context= {current: undefined, clicksStart: 0, relativeSizeMap: undefined, maxMap: undefined, isMounted: undefined} route= {no: 19, meta: Proxy(Object), load: , component: Object}  ... > 
  at <TransitionGroup name="slide-right" id="slideshow" tag="div"  ... > 
  at <SlidesShow render-context="slide" > 
  at <SlideContainer style= {background: var(--slidev-slide-container-background, black)} is-main="" content-style= {filter: }  ... > 
  at <Play onVnodeUnmounted=fn<onVnodeUnmounted> ref=Ref< Proxy(Object) > > 
  at <RouterView> 
  at <App> @ http://localhost:3032/@fs/Users/wraithy/Development/Trask/ClaudeCodePresentation/node_modules/.pnpm/@vue+runtime-core@3.5.35/node_modules/@vue/runtime-core/dist/runtime-core.esm-bundler.js?v=1759ab92:40
[ 2545239ms] [WARNING] [Vue warn]: Failed to resolve component: AutoFit
If this is a native custom element, make sure to exclude it from component resolution via compilerOptions.isCustomElement. 
  at <Default frontmatter= {} > 
  at <Slides.mdslidev26> 
  at <AsyncComponentWrapper> 
  at <SlideWrapper key=26 clicks-context= {current: undefined, clicksStart: 0, relativeSizeMap: undefined, maxMap: undefined, isMounted: undefined} route= {no: 26, meta: Proxy(Object), load: , component: Object}  ... > 
  at <TransitionGroup name="slide-right" id="slideshow" tag="div"  ... > 
  at <SlidesShow render-context="slide" > 
  at <SlideContainer style= {background: var(--slidev-slide-container-background, black)} is-main="" content-style= {filter: }  ... > 
  at <Play onVnodeUnmounted=fn<onVnodeUnmounted> ref=Ref< Proxy(Object) > > 
  at <RouterView> 
  at <App> @ http://localhost:3032/@fs/Users/wraithy/Development/Trask/ClaudeCodePresentation/node_modules/.pnpm/@vue+runtime-core@3.5.35/node_modules/@vue/runtime-core/dist/runtime-core.esm-bundler.js?v=1759ab92:40
[ 2545239ms] [WARNING] [Vue warn]: Failed to resolve component: AutoFit
If this is a native custom element, make sure to exclude it from component resolution via compilerOptions.isCustomElement. 
  at <Default frontmatter= {} > 
  at <Slides.mdslidev27> 
  at <AsyncComponentWrapper> 
  at <SlideWrapper key=27 clicks-context= {current: undefined, clicksStart: 0, relativeSizeMap: undefined, maxMap: undefined, isMounted: undefined} route= {no: 27, meta: Proxy(Object), load: , component: Object}  ... > 
  at <TransitionGroup name="slide-right" id="slideshow" tag="div"  ... > 
  at <SlidesShow render-context="slide" > 
  at <SlideContainer style= {background: var(--slidev-slide-container-background, black)} is-main="" content-style= {filter: }  ... > 
  at <Play onVnodeUnmounted=fn<onVnodeUnmounted> ref=Ref< Proxy(Object) > > 
  at <RouterView> 
  at <App> @ http://localhost:3032/@fs/Users/wraithy/Development/Trask/ClaudeCodePresentation/node_modules/.pnpm/@vue+runtime-core@3.5.35/node_modules/@vue/runtime-core/dist/runtime-core.esm-bundler.js?v=1759ab92:40
[ 2545240ms] [WARNING] [Vue warn]: Failed to resolve component: AutoFit
If this is a native custom element, make sure to exclude it from component resolution via compilerOptions.isCustomElement. 
  at <Default frontmatter= {} > 
  at <Slides.mdslidev32> 
  at <AsyncComponentWrapper> 
  at <SlideWrapper key=32 clicks-context= {current: undefined, clicksStart: 0, relativeSizeMap: undefined, maxMap: undefined, isMounted: undefined} route= {no: 32, meta: Proxy(Object), load: , component: Object}  ... > 
  at <TransitionGroup name="slide-right" id="slideshow" tag="div"  ... > 
  at <SlidesShow render-context="slide" > 
  at <SlideContainer style= {background: var(--slidev-slide-container-background, black)} is-main="" content-style= {filter: }  ... > 
  at <Play onVnodeUnmounted=fn<onVnodeUnmounted> ref=Ref< Proxy(Object) > > 
  at <RouterView> 
  at <App> @ http://localhost:3032/@fs/Users/wraithy/Development/Trask/ClaudeCodePresentation/node_modules/.pnpm/@vue+runtime-core@3.5.35/node_modules/@vue/runtime-core/dist/runtime-core.esm-bundler.js?v=1759ab92:40
[ 2545240ms] [WARNING] [Vue warn]: Failed to resolve component: AutoFit
If this is a native custom element, make sure to exclude it from component resolution via compilerOptions.isCustomElement. 
  at <Default frontmatter= {} > 
  at <Slides.mdslidev30> 
  at <AsyncComponentWrapper> 
  at <SlideWrapper key=30 clicks-context= {current: undefined, clicksStart: 0, relativeSizeMap: undefined, maxMap: undefined, isMounted: undefined} route= {no: 30, meta: Proxy(Object), load: , component: Object}  ... > 
  at <TransitionGroup name="slide-right" id="slideshow" tag="div"  ... > 
  at <SlidesShow render-context="slide" > 
  at <SlideContainer style= {background: var(--slidev-slide-container-background, black)} is-main="" content-style= {filter: }  ... > 
  at <Play onVnodeUnmounted=fn<onVnodeUnmounted> ref=Ref< Proxy(Object) > > 
  at <RouterView> 
  at <App> @ http://localhost:3032/@fs/Users/wraithy/Development/Trask/ClaudeCodePresentation/node_modules/.pnpm/@vue+runtime-core@3.5.35/node_modules/@vue/runtime-core/dist/runtime-core.esm-bundler.js?v=1759ab92:40
[ 2545240ms] [WARNING] [Vue warn]: Failed to resolve component: AutoFit
If this is a native custom element, make sure to exclude it from component resolution via compilerOptions.isCustomElement. 
  at <Default frontmatter= {} > 
  at <Slides.mdslidev29> 
  at <AsyncComponentWrapper> 
  at <SlideWrapper key=29 clicks-context= {current: undefined, clicksStart: 0, relativeSizeMap: undefined, maxMap: undefined, isMounted: undefined} route= {no: 29, meta: Proxy(Object), load: , component: Object}  ... > 
  at <TransitionGroup name="slide-right" id="slideshow" tag="div"  ... > 
  at <SlidesShow render-context="slide" > 
  at <SlideContainer style= {background: var(--slidev-slide-container-background, black)} is-main="" content-style= {filter: }  ... > 
  at <Play onVnodeUnmounted=fn<onVnodeUnmounted> ref=Ref< Proxy(Object) > > 
  at <RouterView> 
  at <App> @ http://localhost:3032/@fs/Users/wraithy/Development/Trask/ClaudeCodePresentation/node_modules/.pnpm/@vue+runtime-core@3.5.35/node_modules/@vue/runtime-core/dist/runtime-core.esm-bundler.js?v=1759ab92:40
[ 2545240ms] [WARNING] [Vue warn]: Failed to resolve component: AutoFit
If this is a native custom element, make sure to exclude it from component resolution via compilerOptions.isCustomElement. 
  at <Default frontmatter= {} > 
  at <Slides.mdslidev4> 
  at <AsyncComponentWrapper> 
  at <SlideWrapper key=4 clicks-context= {current: undefined, clicksStart: 0, relativeSizeMap: undefined, maxMap: undefined, isMounted: undefined} route= {no: 4, meta: Proxy(Object), load: , component: Object}  ... > 
  at <TransitionGroup name="slide-right" id="slideshow" tag="div"  ... > 
  at <SlidesShow render-context="slide" > 
  at <SlideContainer style= {background: var(--slidev-slide-container-background, black)} is-main="" content-style= {filter: }  ... > 
  at <Play onVnodeUnmounted=fn<onVnodeUnmounted> ref=Ref< Proxy(Object) > > 
  at <RouterView> 
  at <App> @ http://localhost:3032/@fs/Users/wraithy/Development/Trask/ClaudeCodePresentation/node_modules/.pnpm/@vue+runtime-core@3.5.35/node_modules/@vue/runtime-core/dist/runtime-core.esm-bundler.js?v=1759ab92:40
[ 2545529ms] [WARNING] [Vue warn]: Failed to resolve component: AutoFit
If this is a native custom element, make sure to exclude it from component resolution via compilerOptions.isCustomElement. 
  at <Default frontmatter= {} > 
  at <Slides.mdslidev2> 
  at <AsyncComponentWrapper> 
  at <SlideWrapper key=2 clicks-context= {current: undefined, clicksStart: 0, relativeSizeMap: undefined, maxMap: undefined, isMounted: undefined} route= {no: 2, meta: Proxy(Object), load: , component: Object}  ... > 
  at <TransitionGroup name="slide-right" id="slideshow" tag="div"  ... > 
  at <SlidesShow render-context="slide" > 
  at <SlideContainer style= {background: var(--slidev-slide-container-background, black)} is-main="" content-style= {filter: }  ... > 
  at <Play onVnodeUnmounted=fn<onVnodeUnmounted> ref=Ref< Proxy(Object) > > 
  at <RouterView> 
  at <App> @ http://localhost:3032/@fs/Users/wraithy/Development/Trask/ClaudeCodePresentation/node_modules/.pnpm/@vue+runtime-core@3.5.35/node_modules/@vue/runtime-core/dist/runtime-core.esm-bundler.js?v=1759ab92:40
[ 2545529ms] [WARNING] [Vue warn]: Failed to resolve component: AutoFit
If this is a native custom element, make sure to exclude it from component resolution via compilerOptions.isCustomElement. 
  at <Default frontmatter= {} > 
  at <Slides.mdslidev5> 
  at <AsyncComponentWrapper> 
  at <SlideWrapper key=5 clicks-context= {current: undefined, clicksStart: 0, relativeSizeMap: undefined, maxMap: undefined, isMounted: undefined} route= {no: 5, meta: Proxy(Object), load: , component: Object}  ... > 
  at <TransitionGroup name="slide-right" id="slideshow" tag="div"  ... > 
  at <SlidesShow render-context="slide" > 
  at <SlideContainer style= {background: var(--slidev-slide-container-background, black)} is-main="" content-style= {filter: }  ... > 
  at <Play onVnodeUnmounted=fn<onVnodeUnmounted> ref=Ref< Proxy(Object) > > 
  at <RouterView> 
  at <App> @ http://localhost:3032/@fs/Users/wraithy/Development/Trask/ClaudeCodePresentation/node_modules/.pnpm/@vue+runtime-core@3.5.35/node_modules/@vue/runtime-core/dist/runtime-core.esm-bundler.js?v=1759ab92:40
[ 2545530ms] [WARNING] [Vue warn]: Failed to resolve component: AutoFit
If this is a native custom element, make sure to exclude it from component resolution via compilerOptions.isCustomElement. 
  at <Default frontmatter= {} > 
  at <Slides.mdslidev6> 
  at <AsyncComponentWrapper> 
  at <SlideWrapper key=6 clicks-context= {current: undefined, clicksStart: 0, relativeSizeMap: undefined, maxMap: undefined, isMounted: undefined} route= {no: 6, meta: Proxy(Object), load: , component: Object}  ... > 
  at <TransitionGroup name="slide-right" id="slideshow" tag="div"  ... > 
  at <SlidesShow render-context="slide" > 
  at <SlideContainer style= {background: var(--slidev-slide-container-background, black)} is-main="" content-style= {filter: }  ... > 
  at <Play onVnodeUnmounted=fn<onVnodeUnmounted> ref=Ref< Proxy(Object) > > 
  at <RouterView> 
  at <App> @ http://localhost:3032/@fs/Users/wraithy/Development/Trask/ClaudeCodePresentation/node_modules/.pnpm/@vue+runtime-core@3.5.35/node_modules/@vue/runtime-core/dist/runtime-core.esm-bundler.js?v=1759ab92:40
[ 2545530ms] [WARNING] [Vue warn]: Failed to resolve component: AutoFit
If this is a native custom element, make sure to exclude it from component resolution via compilerOptions.isCustomElement. 
  at <Default frontmatter= {} > 
  at <Slides.mdslidev11> 
  at <AsyncComponentWrapper> 
  at <SlideWrapper key=11 clicks-context= {current: undefined, clicksStart: 0, relativeSizeMap: undefined, maxMap: undefined, isMounted: undefined} route= {no: 11, meta: Proxy(Object), load: , component: Object}  ... > 
  at <TransitionGroup name="slide-right" id="slideshow" tag="div"  ... > 
  at <SlidesShow render-context="slide" > 
  at <SlideContainer style= {background: var(--slidev-slide-container-background, black)} is-main="" content-style= {filter: }  ... > 
  at <Play onVnodeUnmounted=fn<onVnodeUnmounted> ref=Ref< Proxy(Object) > > 
  at <RouterView> 
  at <App> @ http://localhost:3032/@fs/Users/wraithy/Development/Trask/ClaudeCodePresentation/node_modules/.pnpm/@vue+runtime-core@3.5.35/node_modules/@vue/runtime-core/dist/runtime-core.esm-bundler.js?v=1759ab92:40
[ 2545530ms] [WARNING] [Vue warn]: Failed to resolve component: AutoFit
If this is a native custom element, make sure to exclude it from component resolution via compilerOptions.isCustomElement. 
  at <Default frontmatter= {} > 
  at <Slides.mdslidev7> 
  at <AsyncComponentWrapper> 
  at <SlideWrapper key=7 clicks-context= {current: undefined, clicksStart: 0, relativeSizeMap: undefined, maxMap: undefined, isMounted: undefined} route= {no: 7, meta: Proxy(Object), load: , component: Object}  ... > 
  at <TransitionGroup name="slide-right" id="slideshow" tag="div"  ... > 
  at <SlidesShow render-context="slide" > 
  at <SlideContainer style= {background: var(--slidev-slide-container-background, black)} is-main="" content-style= {filter: }  ... > 
  at <Play onVnodeUnmounted=fn<onVnodeUnmounted> ref=Ref< Proxy(Object) > > 
  at <RouterView> 
  at <App> @ http://localhost:3032/@fs/Users/wraithy/Development/Trask/ClaudeCodePresentation/node_modules/.pnpm/@vue+runtime-core@3.5.35/node_modules/@vue/runtime-core/dist/runtime-core.esm-bundler.js?v=1759ab92:40
[ 2545531ms] [WARNING] [Vue warn]: Failed to resolve component: AutoFit
If this is a native custom element, make sure to exclude it from component resolution via compilerOptions.isCustomElement. 
  at <Default frontmatter= {} > 
  at <Slides.mdslidev9> 
  at <AsyncComponentWrapper> 
  at <SlideWrapper key=9 clicks-context= {current: undefined, clicksStart: 0, relativeSizeMap: undefined, maxMap: undefined, isMounted: undefined} route= {no: 9, meta: Proxy(Object), load: , component: Object}  ... > 
  at <TransitionGroup name="slide-right" id="slideshow" tag="div"  ... > 
  at <SlidesShow render-context="slide" > 
  at <SlideContainer style= {background: var(--slidev-slide-container-background, black)} is-main="" content-style= {filter: }  ... > 
  at <Play onVnodeUnmounted=fn<onVnodeUnmounted> ref=Ref< Proxy(Object) > > 
  at <RouterView> 
  at <App> @ http://localhost:3032/@fs/Users/wraithy/Development/Trask/ClaudeCodePresentation/node_modules/.pnpm/@vue+runtime-core@3.5.35/node_modules/@vue/runtime-core/dist/runtime-core.esm-bundler.js?v=1759ab92:40
[ 2545531ms] [WARNING] [Vue warn]: Failed to resolve component: AutoFit
If this is a native custom element, make sure to exclude it from component resolution via compilerOptions.isCustomElement. 
  at <Default frontmatter= {} > 
  at <Slides.mdslidev10> 
  at <AsyncComponentWrapper> 
  at <SlideWrapper key=10 clicks-context= {current: undefined, clicksStart: 0, relativeSizeMap: undefined, maxMap: undefined, isMounted: undefined} route= {no: 10, meta: Proxy(Object), load: , component: Object}  ... > 
  at <TransitionGroup name="slide-right" id="slideshow" tag="div"  ... > 
  at <SlidesShow render-context="slide" > 
  at <SlideContainer style= {background: var(--slidev-slide-container-background, black)} is-main="" content-style= {filter: }  ... > 
  at <Play onVnodeUnmounted=fn<onVnodeUnmounted> ref=Ref< Proxy(Object) > > 
  at <RouterView> 
  at <App> @ http://localhost:3032/@fs/Users/wraithy/Development/Trask/ClaudeCodePresentation/node_modules/.pnpm/@vue+runtime-core@3.5.35/node_modules/@vue/runtime-core/dist/runtime-core.esm-bundler.js?v=1759ab92:40
[ 2545531ms] [WARNING] [Vue warn]: Failed to resolve component: AutoFit
If this is a native custom element, make sure to exclude it from component resolution via compilerOptions.isCustomElement. 
  at <Default frontmatter= {} > 
  at <Slides.mdslidev16> 
  at <AsyncComponentWrapper> 
  at <SlideWrapper key=16 clicks-context= {current: undefined, clicksStart: 0, relativeSizeMap: undefined, maxMap: undefined, isMounted: undefined} route= {no: 16, meta: Proxy(Object), load: , component: Object}  ... > 
  at <TransitionGroup name="slide-right" id="slideshow" tag="div"  ... > 
  at <SlidesShow render-context="slide" > 
  at <SlideContainer style= {background: var(--slidev-slide-container-background, black)} is-main="" content-style= {filter: }  ... > 
  at <Play onVnodeUnmounted=fn<onVnodeUnmounted> ref=Ref< Proxy(Object) > > 
  at <RouterView> 
  at <App> @ http://localhost:3032/@fs/Users/wraithy/Development/Trask/ClaudeCodePresentation/node_modules/.pnpm/@vue+runtime-core@3.5.35/node_modules/@vue/runtime-core/dist/runtime-core.esm-bundler.js?v=1759ab92:40
[ 2545531ms] [WARNING] [Vue warn]: Failed to resolve component: AutoFit
If this is a native custom element, make sure to exclude it from component resolution via compilerOptions.isCustomElement. 
  at <Default frontmatter= {} > 
  at <Slides.mdslidev15> 
  at <AsyncComponentWrapper> 
  at <SlideWrapper key=15 clicks-context= {current: undefined, clicksStart: 0, relativeSizeMap: undefined, maxMap: undefined, isMounted: undefined} route= {no: 15, meta: Proxy(Object), load: , component: Object}  ... > 
  at <TransitionGroup name="slide-right" id="slideshow" tag="div"  ... > 
  at <SlidesShow render-context="slide" > 
  at <SlideContainer style= {background: var(--slidev-slide-container-background, black)} is-main="" content-style= {filter: }  ... > 
  at <Play onVnodeUnmounted=fn<onVnodeUnmounted> ref=Ref< Proxy(Object) > > 
  at <RouterView> 
  at <App> @ http://localhost:3032/@fs/Users/wraithy/Development/Trask/ClaudeCodePresentation/node_modules/.pnpm/@vue+runtime-core@3.5.35/node_modules/@vue/runtime-core/dist/runtime-core.esm-bundler.js?v=1759ab92:40
[ 2545531ms] [WARNING] [Vue warn]: Failed to resolve component: AutoFit
If this is a native custom element, make sure to exclude it from component resolution via compilerOptions.isCustomElement. 
  at <Default frontmatter= {} > 
  at <Slides.mdslidev12> 
  at <AsyncComponentWrapper> 
  at <SlideWrapper key=12 clicks-context= {current: undefined, clicksStart: 0, relativeSizeMap: undefined, maxMap: undefined, isMounted: undefined} route= {no: 12, meta: Proxy(Object), load: , component: Object}  ... > 
  at <TransitionGroup name="slide-right" id="slideshow" tag="div"  ... > 
  at <SlidesShow render-context="slide" > 
  at <SlideContainer style= {background: var(--slidev-slide-container-background, black)} is-main="" content-style= {filter: }  ... > 
  at <Play onVnodeUnmounted=fn<onVnodeUnmounted> ref=Ref< Proxy(Object) > > 
  at <RouterView> 
  at <App> @ http://localhost:3032/@fs/Users/wraithy/Development/Trask/ClaudeCodePresentation/node_modules/.pnpm/@vue+runtime-core@3.5.35/node_modules/@vue/runtime-core/dist/runtime-core.esm-bundler.js?v=1759ab92:40
[ 2545531ms] [WARNING] [Vue warn]: Failed to resolve component: AutoFit
If this is a native custom element, make sure to exclude it from component resolution via compilerOptions.isCustomElement. 
  at <Default frontmatter= {} > 
  at <Slides.mdslidev13> 
  at <AsyncComponentWrapper> 
  at <SlideWrapper key=13 clicks-context= {current: undefined, clicksStart: 0, relativeSizeMap: undefined, maxMap: undefined, isMounted: undefined} route= {no: 13, meta: Proxy(Object), load: , component: Object}  ... > 
  at <TransitionGroup name="slide-right" id="slideshow" tag="div"  ... > 
  at <SlidesShow render-context="slide" > 
  at <SlideContainer style= {background: var(--slidev-slide-container-background, black)} is-main="" content-style= {filter: }  ... > 
  at <Play onVnodeUnmounted=fn<onVnodeUnmounted> ref=Ref< Proxy(Object) > > 
  at <RouterView> 
  at <App> @ http://localhost:3032/@fs/Users/wraithy/Development/Trask/ClaudeCodePresentation/node_modules/.pnpm/@vue+runtime-core@3.5.35/node_modules/@vue/runtime-core/dist/runtime-core.esm-bundler.js?v=1759ab92:40
[ 2545532ms] [WARNING] [Vue warn]: Failed to resolve component: AutoFit
If this is a native custom element, make sure to exclude it from component resolution via compilerOptions.isCustomElement. 
  at <Default frontmatter= {} > 
  at <Slides.mdslidev20> 
  at <AsyncComponentWrapper> 
  at <SlideWrapper key=20 clicks-context= {current: undefined, clicksStart: 0, relativeSizeMap: undefined, maxMap: undefined, isMounted: undefined} route= {no: 20, meta: Proxy(Object), load: , component: Object}  ... > 
  at <TransitionGroup name="slide-right" id="slideshow" tag="div"  ... > 
  at <SlidesShow render-context="slide" > 
  at <SlideContainer style= {background: var(--slidev-slide-container-background, black)} is-main="" content-style= {filter: }  ... > 
  at <Play onVnodeUnmounted=fn<onVnodeUnmounted> ref=Ref< Proxy(Object) > > 
  at <RouterView> 
  at <App> @ http://localhost:3032/@fs/Users/wraithy/Development/Trask/ClaudeCodePresentation/node_modules/.pnpm/@vue+runtime-core@3.5.35/node_modules/@vue/runtime-core/dist/runtime-core.esm-bundler.js?v=1759ab92:40
[ 2545532ms] [WARNING] [Vue warn]: Failed to resolve component: AutoFit
If this is a native custom element, make sure to exclude it from component resolution via compilerOptions.isCustomElement. 
  at <Default frontmatter= {} > 
  at <Slides.mdslidev21> 
  at <AsyncComponentWrapper> 
  at <SlideWrapper key=21 clicks-context= {current: undefined, clicksStart: 0, relativeSizeMap: undefined, maxMap: undefined, isMounted: undefined} route= {no: 21, meta: Proxy(Object), load: , component: Object}  ... > 
  at <TransitionGroup name="slide-right" id="slideshow" tag="div"  ... > 
  at <SlidesShow render-context="slide" > 
  at <SlideContainer style= {background: var(--slidev-slide-container-background, black)} is-main="" content-style= {filter: }  ... > 
  at <Play onVnodeUnmounted=fn<onVnodeUnmounted> ref=Ref< Proxy(Object) > > 
  at <RouterView> 
  at <App> @ http://localhost:3032/@fs/Users/wraithy/Development/Trask/ClaudeCodePresentation/node_modules/.pnpm/@vue+runtime-core@3.5.35/node_modules/@vue/runtime-core/dist/runtime-core.esm-bundler.js?v=1759ab92:40
[ 2545532ms] [WARNING] [Vue warn]: Failed to resolve component: AutoFit
If this is a native custom element, make sure to exclude it from component resolution via compilerOptions.isCustomElement. 
  at <Default frontmatter= {} > 
  at <Slides.mdslidev22> 
  at <AsyncComponentWrapper> 
  at <SlideWrapper key=22 clicks-context= {current: undefined, clicksStart: 0, relativeSizeMap: undefined, maxMap: undefined, isMounted: undefined} route= {no: 22, meta: Proxy(Object), load: , component: Object}  ... > 
  at <TransitionGroup name="slide-right" id="slideshow" tag="div"  ... > 
  at <SlidesShow render-context="slide" > 
  at <SlideContainer style= {background: var(--slidev-slide-container-background, black)} is-main="" content-style= {filter: }  ... > 
  at <Play onVnodeUnmounted=fn<onVnodeUnmounted> ref=Ref< Proxy(Object) > > 
  at <RouterView> 
  at <App> @ http://localhost:3032/@fs/Users/wraithy/Development/Trask/ClaudeCodePresentation/node_modules/.pnpm/@vue+runtime-core@3.5.35/node_modules/@vue/runtime-core/dist/runtime-core.esm-bundler.js?v=1759ab92:40
[ 2545532ms] [WARNING] [Vue warn]: Failed to resolve component: AutoFit
If this is a native custom element, make sure to exclude it from component resolution via compilerOptions.isCustomElement. 
  at <Default frontmatter= {} > 
  at <Slides.mdslidev17> 
  at <AsyncComponentWrapper> 
  at <SlideWrapper key=17 clicks-context= {current: undefined, clicksStart: 0, relativeSizeMap: undefined, maxMap: undefined, isMounted: undefined} route= {no: 17, meta: Proxy(Object), load: , component: Object}  ... > 
  at <TransitionGroup name="slide-right" id="slideshow" tag="div"  ... > 
  at <SlidesShow render-context="slide" > 
  at <SlideContainer style= {background: var(--slidev-slide-container-background, black)} is-main="" content-style= {filter: }  ... > 
  at <Play onVnodeUnmounted=fn<onVnodeUnmounted> ref=Ref< Proxy(Object) > > 
  at <RouterView> 
  at <App> @ http://localhost:3032/@fs/Users/wraithy/Development/Trask/ClaudeCodePresentation/node_modules/.pnpm/@vue+runtime-core@3.5.35/node_modules/@vue/runtime-core/dist/runtime-core.esm-bundler.js?v=1759ab92:40
[ 2545532ms] [WARNING] [Vue warn]: Failed to resolve component: AutoFit
If this is a native custom element, make sure to exclude it from component resolution via compilerOptions.isCustomElement. 
  at <Default frontmatter= {} > 
  at <Slides.mdslidev23> 
  at <AsyncComponentWrapper> 
  at <SlideWrapper key=23 clicks-context= {current: undefined, clicksStart: 0, relativeSizeMap: undefined, maxMap: undefined, isMounted: undefined} route= {no: 23, meta: Proxy(Object), load: , component: Object}  ... > 
  at <TransitionGroup name="slide-right" id="slideshow" tag="div"  ... > 
  at <SlidesShow render-context="slide" > 
  at <SlideContainer style= {background: var(--slidev-slide-container-background, black)} is-main="" content-style= {filter: }  ... > 
  at <Play onVnodeUnmounted=fn<onVnodeUnmounted> ref=Ref< Proxy(Object) > > 
  at <RouterView> 
  at <App> @ http://localhost:3032/@fs/Users/wraithy/Development/Trask/ClaudeCodePresentation/node_modules/.pnpm/@vue+runtime-core@3.5.35/node_modules/@vue/runtime-core/dist/runtime-core.esm-bundler.js?v=1759ab92:40
[ 2545534ms] [WARNING] [Vue warn]: Failed to resolve component: AutoFit
If this is a native custom element, make sure to exclude it from component resolution via compilerOptions.isCustomElement. 
  at <Default frontmatter= {} > 
  at <Slides.mdslidev25> 
  at <AsyncComponentWrapper> 
  at <SlideWrapper key=25 clicks-context= {current: undefined, clicksStart: 0, relativeSizeMap: undefined, maxMap: undefined, isMounted: undefined} route= {no: 25, meta: Proxy(Object), load: , component: Object}  ... > 
  at <TransitionGroup name="slide-right" id="slideshow" tag="div"  ... > 
  at <SlidesShow render-context="slide" > 
  at <SlideContainer style= {background: var(--slidev-slide-container-background, black)} is-main="" content-style= {filter: }  ... > 
  at <Play onVnodeUnmounted=fn<onVnodeUnmounted> ref=Ref< Proxy(Object) > > 
  at <RouterView> 
  at <App> @ http://localhost:3032/@fs/Users/wraithy/Development/Trask/ClaudeCodePresentation/node_modules/.pnpm/@vue+runtime-core@3.5.35/node_modules/@vue/runtime-core/dist/runtime-core.esm-bundler.js?v=1759ab92:40
[ 2545535ms] [WARNING] [Vue warn]: Failed to resolve component: AutoFit
If this is a native custom element, make sure to exclude it from component resolution via compilerOptions.isCustomElement. 
  at <Default frontmatter= {} > 
  at <Slides.mdslidev19> 
  at <AsyncComponentWrapper> 
  at <SlideWrapper key=19 clicks-context= {current: undefined, clicksStart: 0, relativeSizeMap: undefined, maxMap: undefined, isMounted: undefined} route= {no: 19, meta: Proxy(Object), load: , component: Object}  ... > 
  at <TransitionGroup name="slide-right" id="slideshow" tag="div"  ... > 
  at <SlidesShow render-context="slide" > 
  at <SlideContainer style= {background: var(--slidev-slide-container-background, black)} is-main="" content-style= {filter: }  ... > 
  at <Play onVnodeUnmounted=fn<onVnodeUnmounted> ref=Ref< Proxy(Object) > > 
  at <RouterView> 
  at <App> @ http://localhost:3032/@fs/Users/wraithy/Development/Trask/ClaudeCodePresentation/node_modules/.pnpm/@vue+runtime-core@3.5.35/node_modules/@vue/runtime-core/dist/runtime-core.esm-bundler.js?v=1759ab92:40
[ 2545535ms] [WARNING] [Vue warn]: Failed to resolve component: AutoFit
If this is a native custom element, make sure to exclude it from component resolution via compilerOptions.isCustomElement. 
  at <Default frontmatter= {} > 
  at <Slides.mdslidev26> 
  at <AsyncComponentWrapper> 
  at <SlideWrapper key=26 clicks-context= {current: undefined, clicksStart: 0, relativeSizeMap: undefined, maxMap: undefined, isMounted: undefined} route= {no: 26, meta: Proxy(Object), load: , component: Object}  ... > 
  at <TransitionGroup name="slide-right" id="slideshow" tag="div"  ... > 
  at <SlidesShow render-context="slide" > 
  at <SlideContainer style= {background: var(--slidev-slide-container-background, black)} is-main="" content-style= {filter: }  ... > 
  at <Play onVnodeUnmounted=fn<onVnodeUnmounted> ref=Ref< Proxy(Object) > > 
  at <RouterView> 
  at <App> @ http://localhost:3032/@fs/Users/wraithy/Development/Trask/ClaudeCodePresentation/node_modules/.pnpm/@vue+runtime-core@3.5.35/node_modules/@vue/runtime-core/dist/runtime-core.esm-bundler.js?v=1759ab92:40
[ 2545536ms] [WARNING] [Vue warn]: Failed to resolve component: AutoFit
If this is a native custom element, make sure to exclude it from component resolution via compilerOptions.isCustomElement. 
  at <Default frontmatter= {} > 
  at <Slides.mdslidev27> 
  at <AsyncComponentWrapper> 
  at <SlideWrapper key=27 clicks-context= {current: undefined, clicksStart: 0, relativeSizeMap: undefined, maxMap: undefined, isMounted: undefined} route= {no: 27, meta: Proxy(Object), load: , component: Object}  ... > 
  at <TransitionGroup name="slide-right" id="slideshow" tag="div"  ... > 
  at <SlidesShow render-context="slide" > 
  at <SlideContainer style= {background: var(--slidev-slide-container-background, black)} is-main="" content-style= {filter: }  ... > 
  at <Play onVnodeUnmounted=fn<onVnodeUnmounted> ref=Ref< Proxy(Object) > > 
  at <RouterView> 
  at <App> @ http://localhost:3032/@fs/Users/wraithy/Development/Trask/ClaudeCodePresentation/node_modules/.pnpm/@vue+runtime-core@3.5.35/node_modules/@vue/runtime-core/dist/runtime-core.esm-bundler.js?v=1759ab92:40
[ 2545536ms] [WARNING] [Vue warn]: Failed to resolve component: AutoFit
If this is a native custom element, make sure to exclude it from component resolution via compilerOptions.isCustomElement. 
  at <Default frontmatter= {} > 
  at <Slides.mdslidev32> 
  at <AsyncComponentWrapper> 
  at <SlideWrapper key=32 clicks-context= {current: undefined, clicksStart: 0, relativeSizeMap: undefined, maxMap: undefined, isMounted: undefined} route= {no: 32, meta: Proxy(Object), load: , component: Object}  ... > 
  at <TransitionGroup name="slide-right" id="slideshow" tag="div"  ... > 
  at <SlidesShow render-context="slide" > 
  at <SlideContainer style= {background: var(--slidev-slide-container-background, black)} is-main="" content-style= {filter: }  ... > 
  at <Play onVnodeUnmounted=fn<onVnodeUnmounted> ref=Ref< Proxy(Object) > > 
  at <RouterView> 
  at <App> @ http://localhost:3032/@fs/Users/wraithy/Development/Trask/ClaudeCodePresentation/node_modules/.pnpm/@vue+runtime-core@3.5.35/node_modules/@vue/runtime-core/dist/runtime-core.esm-bundler.js?v=1759ab92:40
[ 2545536ms] [WARNING] [Vue warn]: Failed to resolve component: AutoFit
If this is a native custom element, make sure to exclude it from component resolution via compilerOptions.isCustomElement. 
  at <Default frontmatter= {} > 
  at <Slides.mdslidev30> 
  at <AsyncComponentWrapper> 
  at <SlideWrapper key=30 clicks-context= {current: undefined, clicksStart: 0, relativeSizeMap: undefined, maxMap: undefined, isMounted: undefined} route= {no: 30, meta: Proxy(Object), load: , component: Object}  ... > 
  at <TransitionGroup name="slide-right" id="slideshow" tag="div"  ... > 
  at <SlidesShow render-context="slide" > 
  at <SlideContainer style= {background: var(--slidev-slide-container-background, black)} is-main="" content-style= {filter: }  ... > 
  at <Play onVnodeUnmounted=fn<onVnodeUnmounted> ref=Ref< Proxy(Object) > > 
  at <RouterView> 
  at <App> @ http://localhost:3032/@fs/Users/wraithy/Development/Trask/ClaudeCodePresentation/node_modules/.pnpm/@vue+runtime-core@3.5.35/node_modules/@vue/runtime-core/dist/runtime-core.esm-bundler.js?v=1759ab92:40
[ 2545536ms] [WARNING] [Vue warn]: Failed to resolve component: AutoFit
If this is a native custom element, make sure to exclude it from component resolution via compilerOptions.isCustomElement. 
  at <Default frontmatter= {} > 
  at <Slides.mdslidev29> 
  at <AsyncComponentWrapper> 
  at <SlideWrapper key=29 clicks-context= {current: undefined, clicksStart: 0, relativeSizeMap: undefined, maxMap: undefined, isMounted: undefined} route= {no: 29, meta: Proxy(Object), load: , component: Object}  ... > 
  at <TransitionGroup name="slide-right" id="slideshow" tag="div"  ... > 
  at <SlidesShow render-context="slide" > 
  at <SlideContainer style= {background: var(--slidev-slide-container-background, black)} is-main="" content-style= {filter: }  ... > 
  at <Play onVnodeUnmounted=fn<onVnodeUnmounted> ref=Ref< Proxy(Object) > > 
  at <RouterView> 
  at <App> @ http://localhost:3032/@fs/Users/wraithy/Development/Trask/ClaudeCodePresentation/node_modules/.pnpm/@vue+runtime-core@3.5.35/node_modules/@vue/runtime-core/dist/runtime-core.esm-bundler.js?v=1759ab92:40
[ 2545536ms] [WARNING] [Vue warn]: Failed to resolve component: AutoFit
If this is a native custom element, make sure to exclude it from component resolution via compilerOptions.isCustomElement. 
  at <Default frontmatter= {} > 
  at <Slides.mdslidev4> 
  at <AsyncComponentWrapper> 
  at <SlideWrapper key=4 clicks-context= {current: undefined, clicksStart: 0, relativeSizeMap: undefined, maxMap: undefined, isMounted: undefined} route= {no: 4, meta: Proxy(Object), load: , component: Object}  ... > 
  at <TransitionGroup name="slide-right" id="slideshow" tag="div"  ... > 
  at <SlidesShow render-context="slide" > 
  at <SlideContainer style= {background: var(--slidev-slide-container-background, black)} is-main="" content-style= {filter: }  ... > 
  at <Play onVnodeUnmounted=fn<onVnodeUnmounted> ref=Ref< Proxy(Object) > > 
  at <RouterView> 
  at <App> @ http://localhost:3032/@fs/Users/wraithy/Development/Trask/ClaudeCodePresentation/node_modules/.pnpm/@vue+runtime-core@3.5.35/node_modules/@vue/runtime-core/dist/runtime-core.esm-bundler.js?v=1759ab92:40
[ 2545697ms] [WARNING] [Vue warn]: Failed to resolve component: AutoFit
If this is a native custom element, make sure to exclude it from component resolution via compilerOptions.isCustomElement. 
  at <Default frontmatter= {} > 
  at <Slides.mdslidev2> 
  at <AsyncComponentWrapper> 
  at <SlideWrapper key=2 clicks-context= {current: undefined, clicksStart: 0, relativeSizeMap: undefined, maxMap: undefined, isMounted: undefined} route= {no: 2, meta: Proxy(Object), load: , component: Object}  ... > 
  at <TransitionGroup name="slide-right" id="slideshow" tag="div"  ... > 
  at <SlidesShow render-context="slide" > 
  at <SlideContainer style= {background: var(--slidev-slide-container-background, black)} is-main="" content-style= {filter: }  ... > 
  at <Play onVnodeUnmounted=fn<onVnodeUnmounted> ref=Ref< Proxy(Object) > > 
  at <RouterView> 
  at <App> @ http://localhost:3032/@fs/Users/wraithy/Development/Trask/ClaudeCodePresentation/node_modules/.pnpm/@vue+runtime-core@3.5.35/node_modules/@vue/runtime-core/dist/runtime-core.esm-bundler.js?v=1759ab92:40
[ 2545697ms] [WARNING] [Vue warn]: Failed to resolve component: AutoFit
If this is a native custom element, make sure to exclude it from component resolution via compilerOptions.isCustomElement. 
  at <Default frontmatter= {} > 
  at <Slides.mdslidev5> 
  at <AsyncComponentWrapper> 
  at <SlideWrapper key=5 clicks-context= {current: undefined, clicksStart: 0, relativeSizeMap: undefined, maxMap: undefined, isMounted: undefined} route= {no: 5, meta: Proxy(Object), load: , component: Object}  ... > 
  at <TransitionGroup name="slide-right" id="slideshow" tag="div"  ... > 
  at <SlidesShow render-context="slide" > 
  at <SlideContainer style= {background: var(--slidev-slide-container-background, black)} is-main="" content-style= {filter: }  ... > 
  at <Play onVnodeUnmounted=fn<onVnodeUnmounted> ref=Ref< Proxy(Object) > > 
  at <RouterView> 
  at <App> @ http://localhost:3032/@fs/Users/wraithy/Development/Trask/ClaudeCodePresentation/node_modules/.pnpm/@vue+runtime-core@3.5.35/node_modules/@vue/runtime-core/dist/runtime-core.esm-bundler.js?v=1759ab92:40
[ 2545698ms] [WARNING] [Vue warn]: Failed to resolve component: AutoFit
If this is a native custom element, make sure to exclude it from component resolution via compilerOptions.isCustomElement. 
  at <Default frontmatter= {} > 
  at <Slides.mdslidev6> 
  at <AsyncComponentWrapper> 
  at <SlideWrapper key=6 clicks-context= {current: undefined, clicksStart: 0, relativeSizeMap: undefined, maxMap: undefined, isMounted: undefined} route= {no: 6, meta: Proxy(Object), load: , component: Object}  ... > 
  at <TransitionGroup name="slide-right" id="slideshow" tag="div"  ... > 
  at <SlidesShow render-context="slide" > 
  at <SlideContainer style= {background: var(--slidev-slide-container-background, black)} is-main="" content-style= {filter: }  ... > 
  at <Play onVnodeUnmounted=fn<onVnodeUnmounted> ref=Ref< Proxy(Object) > > 
  at <RouterView> 
  at <App> @ http://localhost:3032/@fs/Users/wraithy/Development/Trask/ClaudeCodePresentation/node_modules/.pnpm/@vue+runtime-core@3.5.35/node_modules/@vue/runtime-core/dist/runtime-core.esm-bundler.js?v=1759ab92:40
[ 2545698ms] [WARNING] [Vue warn]: Failed to resolve component: AutoFit
If this is a native custom element, make sure to exclude it from component resolution via compilerOptions.isCustomElement. 
  at <Default frontmatter= {} > 
  at <Slides.mdslidev11> 
  at <AsyncComponentWrapper> 
  at <SlideWrapper key=11 clicks-context= {current: undefined, clicksStart: 0, relativeSizeMap: undefined, maxMap: undefined, isMounted: undefined} route= {no: 11, meta: Proxy(Object), load: , component: Object}  ... > 
  at <TransitionGroup name="slide-right" id="slideshow" tag="div"  ... > 
  at <SlidesShow render-context="slide" > 
  at <SlideContainer style= {background: var(--slidev-slide-container-background, black)} is-main="" content-style= {filter: }  ... > 
  at <Play onVnodeUnmounted=fn<onVnodeUnmounted> ref=Ref< Proxy(Object) > > 
  at <RouterView> 
  at <App> @ http://localhost:3032/@fs/Users/wraithy/Development/Trask/ClaudeCodePresentation/node_modules/.pnpm/@vue+runtime-core@3.5.35/node_modules/@vue/runtime-core/dist/runtime-core.esm-bundler.js?v=1759ab92:40
[ 2545699ms] [WARNING] [Vue warn]: Failed to resolve component: AutoFit
If this is a native custom element, make sure to exclude it from component resolution via compilerOptions.isCustomElement. 
  at <Default frontmatter= {} > 
  at <Slides.mdslidev7> 
  at <AsyncComponentWrapper> 
  at <SlideWrapper key=7 clicks-context= {current: undefined, clicksStart: 0, relativeSizeMap: undefined, maxMap: undefined, isMounted: undefined} route= {no: 7, meta: Proxy(Object), load: , component: Object}  ... > 
  at <TransitionGroup name="slide-right" id="slideshow" tag="div"  ... > 
  at <SlidesShow render-context="slide" > 
  at <SlideContainer style= {background: var(--slidev-slide-container-background, black)} is-main="" content-style= {filter: }  ... > 
  at <Play onVnodeUnmounted=fn<onVnodeUnmounted> ref=Ref< Proxy(Object) > > 
  at <RouterView> 
  at <App> @ http://localhost:3032/@fs/Users/wraithy/Development/Trask/ClaudeCodePresentation/node_modules/.pnpm/@vue+runtime-core@3.5.35/node_modules/@vue/runtime-core/dist/runtime-core.esm-bundler.js?v=1759ab92:40
[ 2545700ms] [WARNING] [Vue warn]: Failed to resolve component: AutoFit
If this is a native custom element, make sure to exclude it from component resolution via compilerOptions.isCustomElement. 
  at <Default frontmatter= {} > 
  at <Slides.mdslidev9> 
  at <AsyncComponentWrapper> 
  at <SlideWrapper key=9 clicks-context= {current: undefined, clicksStart: 0, relativeSizeMap: undefined, maxMap: undefined, isMounted: undefined} route= {no: 9, meta: Proxy(Object), load: , component: Object}  ... > 
  at <TransitionGroup name="slide-right" id="slideshow" tag="div"  ... > 
  at <SlidesShow render-context="slide" > 
  at <SlideContainer style= {background: var(--slidev-slide-container-background, black)} is-main="" content-style= {filter: }  ... > 
  at <Play onVnodeUnmounted=fn<onVnodeUnmounted> ref=Ref< Proxy(Object) > > 
  at <RouterView> 
  at <App> @ http://localhost:3032/@fs/Users/wraithy/Development/Trask/ClaudeCodePresentation/node_modules/.pnpm/@vue+runtime-core@3.5.35/node_modules/@vue/runtime-core/dist/runtime-core.esm-bundler.js?v=1759ab92:40
[ 2545700ms] [WARNING] [Vue warn]: Failed to resolve component: AutoFit
If this is a native custom element, make sure to exclude it from component resolution via compilerOptions.isCustomElement. 
  at <Default frontmatter= {} > 
  at <Slides.mdslidev10> 
  at <AsyncComponentWrapper> 
  at <SlideWrapper key=10 clicks-context= {current: undefined, clicksStart: 0, relativeSizeMap: undefined, maxMap: undefined, isMounted: undefined} route= {no: 10, meta: Proxy(Object), load: , component: Object}  ... > 
  at <TransitionGroup name="slide-right" id="slideshow" tag="div"  ... > 
  at <SlidesShow render-context="slide" > 
  at <SlideContainer style= {background: var(--slidev-slide-container-background, black)} is-main="" content-style= {filter: }  ... > 
  at <Play onVnodeUnmounted=fn<onVnodeUnmounted> ref=Ref< Proxy(Object) > > 
  at <RouterView> 
  at <App> @ http://localhost:3032/@fs/Users/wraithy/Development/Trask/ClaudeCodePresentation/node_modules/.pnpm/@vue+runtime-core@3.5.35/node_modules/@vue/runtime-core/dist/runtime-core.esm-bundler.js?v=1759ab92:40
[ 2545700ms] [WARNING] [Vue warn]: Failed to resolve component: AutoFit
If this is a native custom element, make sure to exclude it from component resolution via compilerOptions.isCustomElement. 
  at <Default frontmatter= {} > 
  at <Slides.mdslidev16> 
  at <AsyncComponentWrapper> 
  at <SlideWrapper key=16 clicks-context= {current: undefined, clicksStart: 0, relativeSizeMap: undefined, maxMap: undefined, isMounted: undefined} route= {no: 16, meta: Proxy(Object), load: , component: Object}  ... > 
  at <TransitionGroup name="slide-right" id="slideshow" tag="div"  ... > 
  at <SlidesShow render-context="slide" > 
  at <SlideContainer style= {background: var(--slidev-slide-container-background, black)} is-main="" content-style= {filter: }  ... > 
  at <Play onVnodeUnmounted=fn<onVnodeUnmounted> ref=Ref< Proxy(Object) > > 
  at <RouterView> 
  at <App> @ http://localhost:3032/@fs/Users/wraithy/Development/Trask/ClaudeCodePresentation/node_modules/.pnpm/@vue+runtime-core@3.5.35/node_modules/@vue/runtime-core/dist/runtime-core.esm-bundler.js?v=1759ab92:40
[ 2545700ms] [WARNING] [Vue warn]: Failed to resolve component: AutoFit
If this is a native custom element, make sure to exclude it from component resolution via compilerOptions.isCustomElement. 
  at <Default frontmatter= {} > 
  at <Slides.mdslidev15> 
  at <AsyncComponentWrapper> 
  at <SlideWrapper key=15 clicks-context= {current: undefined, clicksStart: 0, relativeSizeMap: undefined, maxMap: undefined, isMounted: undefined} route= {no: 15, meta: Proxy(Object), load: , component: Object}  ... > 
  at <TransitionGroup name="slide-right" id="slideshow" tag="div"  ... > 
  at <SlidesShow render-context="slide" > 
  at <SlideContainer style= {background: var(--slidev-slide-container-background, black)} is-main="" content-style= {filter: }  ... > 
  at <Play onVnodeUnmounted=fn<onVnodeUnmounted> ref=Ref< Proxy(Object) > > 
  at <RouterView> 
  at <App> @ http://localhost:3032/@fs/Users/wraithy/Development/Trask/ClaudeCodePresentation/node_modules/.pnpm/@vue+runtime-core@3.5.35/node_modules/@vue/runtime-core/dist/runtime-core.esm-bundler.js?v=1759ab92:40
[ 2545701ms] [WARNING] [Vue warn]: Failed to resolve component: AutoFit
If this is a native custom element, make sure to exclude it from component resolution via compilerOptions.isCustomElement. 
  at <Default frontmatter= {} > 
  at <Slides.mdslidev12> 
  at <AsyncComponentWrapper> 
  at <SlideWrapper key=12 clicks-context= {current: undefined, clicksStart: 0, relativeSizeMap: undefined, maxMap: undefined, isMounted: undefined} route= {no: 12, meta: Proxy(Object), load: , component: Object}  ... > 
  at <TransitionGroup name="slide-right" id="slideshow" tag="div"  ... > 
  at <SlidesShow render-context="slide" > 
  at <SlideContainer style= {background: var(--slidev-slide-container-background, black)} is-main="" content-style= {filter: }  ... > 
  at <Play onVnodeUnmounted=fn<onVnodeUnmounted> ref=Ref< Proxy(Object) > > 
  at <RouterView> 
  at <App> @ http://localhost:3032/@fs/Users/wraithy/Development/Trask/ClaudeCodePresentation/node_modules/.pnpm/@vue+runtime-core@3.5.35/node_modules/@vue/runtime-core/dist/runtime-core.esm-bundler.js?v=1759ab92:40
[ 2545701ms] [WARNING] [Vue warn]: Failed to resolve component: AutoFit
If this is a native custom element, make sure to exclude it from component resolution via compilerOptions.isCustomElement. 
  at <Default frontmatter= {} > 
  at <Slides.mdslidev13> 
  at <AsyncComponentWrapper> 
  at <SlideWrapper key=13 clicks-context= {current: undefined, clicksStart: 0, relativeSizeMap: undefined, maxMap: undefined, isMounted: undefined} route= {no: 13, meta: Proxy(Object), load: , component: Object}  ... > 
  at <TransitionGroup name="slide-right" id="slideshow" tag="div"  ... > 
  at <SlidesShow render-context="slide" > 
  at <SlideContainer style= {background: var(--slidev-slide-container-background, black)} is-main="" content-style= {filter: }  ... > 
  at <Play onVnodeUnmounted=fn<onVnodeUnmounted> ref=Ref< Proxy(Object) > > 
  at <RouterView> 
  at <App> @ http://localhost:3032/@fs/Users/wraithy/Development/Trask/ClaudeCodePresentation/node_modules/.pnpm/@vue+runtime-core@3.5.35/node_modules/@vue/runtime-core/dist/runtime-core.esm-bundler.js?v=1759ab92:40
[ 2545701ms] [WARNING] [Vue warn]: Failed to resolve component: AutoFit
If this is a native custom element, make sure to exclude it from component resolution via compilerOptions.isCustomElement. 
  at <Default frontmatter= {} > 
  at <Slides.mdslidev20> 
  at <AsyncComponentWrapper> 
  at <SlideWrapper key=20 clicks-context= {current: undefined, clicksStart: 0, relativeSizeMap: undefined, maxMap: undefined, isMounted: undefined} route= {no: 20, meta: Proxy(Object), load: , component: Object}  ... > 
  at <TransitionGroup name="slide-right" id="slideshow" tag="div"  ... > 
  at <SlidesShow render-context="slide" > 
  at <SlideContainer style= {background: var(--slidev-slide-container-background, black)} is-main="" content-style= {filter: }  ... > 
  at <Play onVnodeUnmounted=fn<onVnodeUnmounted> ref=Ref< Proxy(Object) > > 
  at <RouterView> 
  at <App> @ http://localhost:3032/@fs/Users/wraithy/Development/Trask/ClaudeCodePresentation/node_modules/.pnpm/@vue+runtime-core@3.5.35/node_modules/@vue/runtime-core/dist/runtime-core.esm-bundler.js?v=1759ab92:40
[ 2545701ms] [WARNING] [Vue warn]: Failed to resolve component: AutoFit
If this is a native custom element, make sure to exclude it from component resolution via compilerOptions.isCustomElement. 
  at <Default frontmatter= {} > 
  at <Slides.mdslidev21> 
  at <AsyncComponentWrapper> 
  at <SlideWrapper key=21 clicks-context= {current: undefined, clicksStart: 0, relativeSizeMap: undefined, maxMap: undefined, isMounted: undefined} route= {no: 21, meta: Proxy(Object), load: , component: Object}  ... > 
  at <TransitionGroup name="slide-right" id="slideshow" tag="div"  ... > 
  at <SlidesShow render-context="slide" > 
  at <SlideContainer style= {background: var(--slidev-slide-container-background, black)} is-main="" content-style= {filter: }  ... > 
  at <Play onVnodeUnmounted=fn<onVnodeUnmounted> ref=Ref< Proxy(Object) > > 
  at <RouterView> 
  at <App> @ http://localhost:3032/@fs/Users/wraithy/Development/Trask/ClaudeCodePresentation/node_modules/.pnpm/@vue+runtime-core@3.5.35/node_modules/@vue/runtime-core/dist/runtime-core.esm-bundler.js?v=1759ab92:40
[ 2545701ms] [WARNING] [Vue warn]: Failed to resolve component: AutoFit
If this is a native custom element, make sure to exclude it from component resolution via compilerOptions.isCustomElement. 
  at <Default frontmatter= {} > 
  at <Slides.mdslidev22> 
  at <AsyncComponentWrapper> 
  at <SlideWrapper key=22 clicks-context= {current: undefined, clicksStart: 0, relativeSizeMap: undefined, maxMap: undefined, isMounted: undefined} route= {no: 22, meta: Proxy(Object), load: , component: Object}  ... > 
  at <TransitionGroup name="slide-right" id="slideshow" tag="div"  ... > 
  at <SlidesShow render-context="slide" > 
  at <SlideContainer style= {background: var(--slidev-slide-container-background, black)} is-main="" content-style= {filter: }  ... > 
  at <Play onVnodeUnmounted=fn<onVnodeUnmounted> ref=Ref< Proxy(Object) > > 
  at <RouterView> 
  at <App> @ http://localhost:3032/@fs/Users/wraithy/Development/Trask/ClaudeCodePresentation/node_modules/.pnpm/@vue+runtime-core@3.5.35/node_modules/@vue/runtime-core/dist/runtime-core.esm-bundler.js?v=1759ab92:40
[ 2545701ms] [WARNING] [Vue warn]: Failed to resolve component: AutoFit
If this is a native custom element, make sure to exclude it from component resolution via compilerOptions.isCustomElement. 
  at <Default frontmatter= {} > 
  at <Slides.mdslidev17> 
  at <AsyncComponentWrapper> 
  at <SlideWrapper key=17 clicks-context= {current: undefined, clicksStart: 0, relativeSizeMap: undefined, maxMap: undefined, isMounted: undefined} route= {no: 17, meta: Proxy(Object), load: , component: Object}  ... > 
  at <TransitionGroup name="slide-right" id="slideshow" tag="div"  ... > 
  at <SlidesShow render-context="slide" > 
  at <SlideContainer style= {background: var(--slidev-slide-container-background, black)} is-main="" content-style= {filter: }  ... > 
  at <Play onVnodeUnmounted=fn<onVnodeUnmounted> ref=Ref< Proxy(Object) > > 
  at <RouterView> 
  at <App> @ http://localhost:3032/@fs/Users/wraithy/Development/Trask/ClaudeCodePresentation/node_modules/.pnpm/@vue+runtime-core@3.5.35/node_modules/@vue/runtime-core/dist/runtime-core.esm-bundler.js?v=1759ab92:40
[ 2545701ms] [WARNING] [Vue warn]: Failed to resolve component: AutoFit
If this is a native custom element, make sure to exclude it from component resolution via compilerOptions.isCustomElement. 
  at <Default frontmatter= {} > 
  at <Slides.mdslidev23> 
  at <AsyncComponentWrapper> 
  at <SlideWrapper key=23 clicks-context= {current: undefined, clicksStart: 0, relativeSizeMap: undefined, maxMap: undefined, isMounted: undefined} route= {no: 23, meta: Proxy(Object), load: , component: Object}  ... > 
  at <TransitionGroup name="slide-right" id="slideshow" tag="div"  ... > 
  at <SlidesShow render-context="slide" > 
  at <SlideContainer style= {background: var(--slidev-slide-container-background, black)} is-main="" content-style= {filter: }  ... > 
  at <Play onVnodeUnmounted=fn<onVnodeUnmounted> ref=Ref< Proxy(Object) > > 
  at <RouterView> 
  at <App> @ http://localhost:3032/@fs/Users/wraithy/Development/Trask/ClaudeCodePresentation/node_modules/.pnpm/@vue+runtime-core@3.5.35/node_modules/@vue/runtime-core/dist/runtime-core.esm-bundler.js?v=1759ab92:40
[ 2545702ms] [WARNING] [Vue warn]: Failed to resolve component: AutoFit
If this is a native custom element, make sure to exclude it from component resolution via compilerOptions.isCustomElement. 
  at <Default frontmatter= {} > 
  at <Slides.mdslidev25> 
  at <AsyncComponentWrapper> 
  at <SlideWrapper key=25 clicks-context= {current: undefined, clicksStart: 0, relativeSizeMap: undefined, maxMap: undefined, isMounted: undefined} route= {no: 25, meta: Proxy(Object), load: , component: Object}  ... > 
  at <TransitionGroup name="slide-right" id="slideshow" tag="div"  ... > 
  at <SlidesShow render-context="slide" > 
  at <SlideContainer style= {background: var(--slidev-slide-container-background, black)} is-main="" content-style= {filter: }  ... > 
  at <Play onVnodeUnmounted=fn<onVnodeUnmounted> ref=Ref< Proxy(Object) > > 
  at <RouterView> 
  at <App> @ http://localhost:3032/@fs/Users/wraithy/Development/Trask/ClaudeCodePresentation/node_modules/.pnpm/@vue+runtime-core@3.5.35/node_modules/@vue/runtime-core/dist/runtime-core.esm-bundler.js?v=1759ab92:40
[ 2545702ms] [WARNING] [Vue warn]: Failed to resolve component: AutoFit
If this is a native custom element, make sure to exclude it from component resolution via compilerOptions.isCustomElement. 
  at <Default frontmatter= {} > 
  at <Slides.mdslidev19> 
  at <AsyncComponentWrapper> 
  at <SlideWrapper key=19 clicks-context= {current: undefined, clicksStart: 0, relativeSizeMap: undefined, maxMap: undefined, isMounted: undefined} route= {no: 19, meta: Proxy(Object), load: , component: Object}  ... > 
  at <TransitionGroup name="slide-right" id="slideshow" tag="div"  ... > 
  at <SlidesShow render-context="slide" > 
  at <SlideContainer style= {background: var(--slidev-slide-container-background, black)} is-main="" content-style= {filter: }  ... > 
  at <Play onVnodeUnmounted=fn<onVnodeUnmounted> ref=Ref< Proxy(Object) > > 
  at <RouterView> 
  at <App> @ http://localhost:3032/@fs/Users/wraithy/Development/Trask/ClaudeCodePresentation/node_modules/.pnpm/@vue+runtime-core@3.5.35/node_modules/@vue/runtime-core/dist/runtime-core.esm-bundler.js?v=1759ab92:40
[ 2545702ms] [WARNING] [Vue warn]: Failed to resolve component: AutoFit
If this is a native custom element, make sure to exclude it from component resolution via compilerOptions.isCustomElement. 
  at <Default frontmatter= {} > 
  at <Slides.mdslidev26> 
  at <AsyncComponentWrapper> 
  at <SlideWrapper key=26 clicks-context= {current: undefined, clicksStart: 0, relativeSizeMap: undefined, maxMap: undefined, isMounted: undefined} route= {no: 26, meta: Proxy(Object), load: , component: Object}  ... > 
  at <TransitionGroup name="slide-right" id="slideshow" tag="div"  ... > 
  at <SlidesShow render-context="slide" > 
  at <SlideContainer style= {background: var(--slidev-slide-container-background, black)} is-main="" content-style= {filter: }  ... > 
  at <Play onVnodeUnmounted=fn<onVnodeUnmounted> ref=Ref< Proxy(Object) > > 
  at <RouterView> 
  at <App> @ http://localhost:3032/@fs/Users/wraithy/Development/Trask/ClaudeCodePresentation/node_modules/.pnpm/@vue+runtime-core@3.5.35/node_modules/@vue/runtime-core/dist/runtime-core.esm-bundler.js?v=1759ab92:40
[ 2545702ms] [WARNING] [Vue warn]: Failed to resolve component: AutoFit
If this is a native custom element, make sure to exclude it from component resolution via compilerOptions.isCustomElement. 
  at <Default frontmatter= {} > 
  at <Slides.mdslidev27> 
  at <AsyncComponentWrapper> 
  at <SlideWrapper key=27 clicks-context= {current: undefined, clicksStart: 0, relativeSizeMap: undefined, maxMap: undefined, isMounted: undefined} route= {no: 27, meta: Proxy(Object), load: , component: Object}  ... > 
  at <TransitionGroup name="slide-right" id="slideshow" tag="div"  ... > 
  at <SlidesShow render-context="slide" > 
  at <SlideContainer style= {background: var(--slidev-slide-container-background, black)} is-main="" content-style= {filter: }  ... > 
  at <Play onVnodeUnmounted=fn<onVnodeUnmounted> ref=Ref< Proxy(Object) > > 
  at <RouterView> 
  at <App> @ http://localhost:3032/@fs/Users/wraithy/Development/Trask/ClaudeCodePresentation/node_modules/.pnpm/@vue+runtime-core@3.5.35/node_modules/@vue/runtime-core/dist/runtime-core.esm-bundler.js?v=1759ab92:40
[ 2545703ms] [WARNING] [Vue warn]: Failed to resolve component: AutoFit
If this is a native custom element, make sure to exclude it from component resolution via compilerOptions.isCustomElement. 
  at <Default frontmatter= {} > 
  at <Slides.mdslidev32> 
  at <AsyncComponentWrapper> 
  at <SlideWrapper key=32 clicks-context= {current: undefined, clicksStart: 0, relativeSizeMap: undefined, maxMap: undefined, isMounted: undefined} route= {no: 32, meta: Proxy(Object), load: , component: Object}  ... > 
  at <TransitionGroup name="slide-right" id="slideshow" tag="div"  ... > 
  at <SlidesShow render-context="slide" > 
  at <SlideContainer style= {background: var(--slidev-slide-container-background, black)} is-main="" content-style= {filter: }  ... > 
  at <Play onVnodeUnmounted=fn<onVnodeUnmounted> ref=Ref< Proxy(Object) > > 
  at <RouterView> 
  at <App> @ http://localhost:3032/@fs/Users/wraithy/Development/Trask/ClaudeCodePresentation/node_modules/.pnpm/@vue+runtime-core@3.5.35/node_modules/@vue/runtime-core/dist/runtime-core.esm-bundler.js?v=1759ab92:40
[ 2545703ms] [WARNING] [Vue warn]: Failed to resolve component: AutoFit
If this is a native custom element, make sure to exclude it from component resolution via compilerOptions.isCustomElement. 
  at <Default frontmatter= {} > 
  at <Slides.mdslidev30> 
  at <AsyncComponentWrapper> 
  at <SlideWrapper key=30 clicks-context= {current: undefined, clicksStart: 0, relativeSizeMap: undefined, maxMap: undefined, isMounted: undefined} route= {no: 30, meta: Proxy(Object), load: , component: Object}  ... > 
  at <TransitionGroup name="slide-right" id="slideshow" tag="div"  ... > 
  at <SlidesShow render-context="slide" > 
  at <SlideContainer style= {background: var(--slidev-slide-container-background, black)} is-main="" content-style= {filter: }  ... > 
  at <Play onVnodeUnmounted=fn<onVnodeUnmounted> ref=Ref< Proxy(Object) > > 
  at <RouterView> 
  at <App> @ http://localhost:3032/@fs/Users/wraithy/Development/Trask/ClaudeCodePresentation/node_modules/.pnpm/@vue+runtime-core@3.5.35/node_modules/@vue/runtime-core/dist/runtime-core.esm-bundler.js?v=1759ab92:40
[ 2545703ms] [WARNING] [Vue warn]: Failed to resolve component: AutoFit
If this is a native custom element, make sure to exclude it from component resolution via compilerOptions.isCustomElement. 
  at <Default frontmatter= {} > 
  at <Slides.mdslidev29> 
  at <AsyncComponentWrapper> 
  at <SlideWrapper key=29 clicks-context= {current: undefined, clicksStart: 0, relativeSizeMap: undefined, maxMap: undefined, isMounted: undefined} route= {no: 29, meta: Proxy(Object), load: , component: Object}  ... > 
  at <TransitionGroup name="slide-right" id="slideshow" tag="div"  ... > 
  at <SlidesShow render-context="slide" > 
  at <SlideContainer style= {background: var(--slidev-slide-container-background, black)} is-main="" content-style= {filter: }  ... > 
  at <Play onVnodeUnmounted=fn<onVnodeUnmounted> ref=Ref< Proxy(Object) > > 
  at <RouterView> 
  at <App> @ http://localhost:3032/@fs/Users/wraithy/Development/Trask/ClaudeCodePresentation/node_modules/.pnpm/@vue+runtime-core@3.5.35/node_modules/@vue/runtime-core/dist/runtime-core.esm-bundler.js?v=1759ab92:40
[ 2545703ms] [WARNING] [Vue warn]: Failed to resolve component: AutoFit
If this is a native custom element, make sure to exclude it from component resolution via compilerOptions.isCustomElement. 
  at <Default frontmatter= {} > 
  at <Slides.mdslidev4> 
  at <AsyncComponentWrapper> 
  at <SlideWrapper key=4 clicks-context= {current: undefined, clicksStart: 0, relativeSizeMap: undefined, maxMap: undefined, isMounted: undefined} route= {no: 4, meta: Proxy(Object), load: , component: Object}  ... > 
  at <TransitionGroup name="slide-right" id="slideshow" tag="div"  ... > 
  at <SlidesShow render-context="slide" > 
  at <SlideContainer style= {background: var(--slidev-slide-container-background, black)} is-main="" content-style= {filter: }  ... > 
  at <Play onVnodeUnmounted=fn<onVnodeUnmounted> ref=Ref< Proxy(Object) > > 
  at <RouterView> 
  at <App> @ http://localhost:3032/@fs/Users/wraithy/Development/Trask/ClaudeCodePresentation/node_modules/.pnpm/@vue+runtime-core@3.5.35/node_modules/@vue/runtime-core/dist/runtime-core.esm-bundler.js?v=1759ab92:40
[ 2546071ms] [WARNING] [Vue warn]: Failed to resolve component: AutoFit
If this is a native custom element, make sure to exclude it from component resolution via compilerOptions.isCustomElement. 
  at <Default frontmatter= {} > 
  at <Slides.mdslidev2> 
  at <AsyncComponentWrapper> 
  at <SlideWrapper key=2 clicks-context= {current: undefined, clicksStart: 0, relativeSizeMap: undefined, maxMap: undefined, isMounted: undefined} route= {no: 2, meta: Proxy(Object), load: , component: Object}  ... > 
  at <TransitionGroup name="slide-right" id="slideshow" tag="div"  ... > 
  at <SlidesShow render-context="slide" > 
  at <SlideContainer style= {background: var(--slidev-slide-container-background, black)} is-main="" content-style= {filter: }  ... > 
  at <Play onVnodeUnmounted=fn<onVnodeUnmounted> ref=Ref< Proxy(Object) > > 
  at <RouterView> 
  at <App> @ http://localhost:3032/@fs/Users/wraithy/Development/Trask/ClaudeCodePresentation/node_modules/.pnpm/@vue+runtime-core@3.5.35/node_modules/@vue/runtime-core/dist/runtime-core.esm-bundler.js?v=1759ab92:40
[ 2546071ms] [WARNING] [Vue warn]: Failed to resolve component: AutoFit
If this is a native custom element, make sure to exclude it from component resolution via compilerOptions.isCustomElement. 
  at <Default frontmatter= {} > 
  at <Slides.mdslidev5> 
  at <AsyncComponentWrapper> 
  at <SlideWrapper key=5 clicks-context= {current: undefined, clicksStart: 0, relativeSizeMap: undefined, maxMap: undefined, isMounted: undefined} route= {no: 5, meta: Proxy(Object), load: , component: Object}  ... > 
  at <TransitionGroup name="slide-right" id="slideshow" tag="div"  ... > 
  at <SlidesShow render-context="slide" > 
  at <SlideContainer style= {background: var(--slidev-slide-container-background, black)} is-main="" content-style= {filter: }  ... > 
  at <Play onVnodeUnmounted=fn<onVnodeUnmounted> ref=Ref< Proxy(Object) > > 
  at <RouterView> 
  at <App> @ http://localhost:3032/@fs/Users/wraithy/Development/Trask/ClaudeCodePresentation/node_modules/.pnpm/@vue+runtime-core@3.5.35/node_modules/@vue/runtime-core/dist/runtime-core.esm-bundler.js?v=1759ab92:40
[ 2546071ms] [WARNING] [Vue warn]: Failed to resolve component: AutoFit
If this is a native custom element, make sure to exclude it from component resolution via compilerOptions.isCustomElement. 
  at <Default frontmatter= {} > 
  at <Slides.mdslidev6> 
  at <AsyncComponentWrapper> 
  at <SlideWrapper key=6 clicks-context= {current: undefined, clicksStart: 0, relativeSizeMap: undefined, maxMap: undefined, isMounted: undefined} route= {no: 6, meta: Proxy(Object), load: , component: Object}  ... > 
  at <TransitionGroup name="slide-right" id="slideshow" tag="div"  ... > 
  at <SlidesShow render-context="slide" > 
  at <SlideContainer style= {background: var(--slidev-slide-container-background, black)} is-main="" content-style= {filter: }  ... > 
  at <Play onVnodeUnmounted=fn<onVnodeUnmounted> ref=Ref< Proxy(Object) > > 
  at <RouterView> 
  at <App> @ http://localhost:3032/@fs/Users/wraithy/Development/Trask/ClaudeCodePresentation/node_modules/.pnpm/@vue+runtime-core@3.5.35/node_modules/@vue/runtime-core/dist/runtime-core.esm-bundler.js?v=1759ab92:40
[ 2546072ms] [WARNING] [Vue warn]: Failed to resolve component: AutoFit
If this is a native custom element, make sure to exclude it from component resolution via compilerOptions.isCustomElement. 
  at <Default frontmatter= {} > 
  at <Slides.mdslidev11> 
  at <AsyncComponentWrapper> 
  at <SlideWrapper key=11 clicks-context= {current: undefined, clicksStart: 0, relativeSizeMap: undefined, maxMap: undefined, isMounted: undefined} route= {no: 11, meta: Proxy(Object), load: , component: Object}  ... > 
  at <TransitionGroup name="slide-right" id="slideshow" tag="div"  ... > 
  at <SlidesShow render-context="slide" > 
  at <SlideContainer style= {background: var(--slidev-slide-container-background, black)} is-main="" content-style= {filter: }  ... > 
  at <Play onVnodeUnmounted=fn<onVnodeUnmounted> ref=Ref< Proxy(Object) > > 
  at <RouterView> 
  at <App> @ http://localhost:3032/@fs/Users/wraithy/Development/Trask/ClaudeCodePresentation/node_modules/.pnpm/@vue+runtime-core@3.5.35/node_modules/@vue/runtime-core/dist/runtime-core.esm-bundler.js?v=1759ab92:40
[ 2546072ms] [WARNING] [Vue warn]: Failed to resolve component: AutoFit
If this is a native custom element, make sure to exclude it from component resolution via compilerOptions.isCustomElement. 
  at <Default frontmatter= {} > 
  at <Slides.mdslidev7> 
  at <AsyncComponentWrapper> 
  at <SlideWrapper key=7 clicks-context= {current: undefined, clicksStart: 0, relativeSizeMap: undefined, maxMap: undefined, isMounted: undefined} route= {no: 7, meta: Proxy(Object), load: , component: Object}  ... > 
  at <TransitionGroup name="slide-right" id="slideshow" tag="div"  ... > 
  at <SlidesShow render-context="slide" > 
  at <SlideContainer style= {background: var(--slidev-slide-container-background, black)} is-main="" content-style= {filter: }  ... > 
  at <Play onVnodeUnmounted=fn<onVnodeUnmounted> ref=Ref< Proxy(Object) > > 
  at <RouterView> 
  at <App> @ http://localhost:3032/@fs/Users/wraithy/Development/Trask/ClaudeCodePresentation/node_modules/.pnpm/@vue+runtime-core@3.5.35/node_modules/@vue/runtime-core/dist/runtime-core.esm-bundler.js?v=1759ab92:40
[ 2546072ms] [WARNING] [Vue warn]: Failed to resolve component: AutoFit
If this is a native custom element, make sure to exclude it from component resolution via compilerOptions.isCustomElement. 
  at <Default frontmatter= {} > 
  at <Slides.mdslidev9> 
  at <AsyncComponentWrapper> 
  at <SlideWrapper key=9 clicks-context= {current: undefined, clicksStart: 0, relativeSizeMap: undefined, maxMap: undefined, isMounted: undefined} route= {no: 9, meta: Proxy(Object), load: , component: Object}  ... > 
  at <TransitionGroup name="slide-right" id="slideshow" tag="div"  ... > 
  at <SlidesShow render-context="slide" > 
  at <SlideContainer style= {background: var(--slidev-slide-container-background, black)} is-main="" content-style= {filter: }  ... > 
  at <Play onVnodeUnmounted=fn<onVnodeUnmounted> ref=Ref< Proxy(Object) > > 
  at <RouterView> 
  at <App> @ http://localhost:3032/@fs/Users/wraithy/Development/Trask/ClaudeCodePresentation/node_modules/.pnpm/@vue+runtime-core@3.5.35/node_modules/@vue/runtime-core/dist/runtime-core.esm-bundler.js?v=1759ab92:40
[ 2546072ms] [WARNING] [Vue warn]: Failed to resolve component: AutoFit
If this is a native custom element, make sure to exclude it from component resolution via compilerOptions.isCustomElement. 
  at <Default frontmatter= {} > 
  at <Slides.mdslidev10> 
  at <AsyncComponentWrapper> 
  at <SlideWrapper key=10 clicks-context= {current: undefined, clicksStart: 0, relativeSizeMap: undefined, maxMap: undefined, isMounted: undefined} route= {no: 10, meta: Proxy(Object), load: , component: Object}  ... > 
  at <TransitionGroup name="slide-right" id="slideshow" tag="div"  ... > 
  at <SlidesShow render-context="slide" > 
  at <SlideContainer style= {background: var(--slidev-slide-container-background, black)} is-main="" content-style= {filter: }  ... > 
  at <Play onVnodeUnmounted=fn<onVnodeUnmounted> ref=Ref< Proxy(Object) > > 
  at <RouterView> 
  at <App> @ http://localhost:3032/@fs/Users/wraithy/Development/Trask/ClaudeCodePresentation/node_modules/.pnpm/@vue+runtime-core@3.5.35/node_modules/@vue/runtime-core/dist/runtime-core.esm-bundler.js?v=1759ab92:40
[ 2546072ms] [WARNING] [Vue warn]: Failed to resolve component: AutoFit
If this is a native custom element, make sure to exclude it from component resolution via compilerOptions.isCustomElement. 
  at <Default frontmatter= {} > 
  at <Slides.mdslidev16> 
  at <AsyncComponentWrapper> 
  at <SlideWrapper key=16 clicks-context= {current: undefined, clicksStart: 0, relativeSizeMap: undefined, maxMap: undefined, isMounted: undefined} route= {no: 16, meta: Proxy(Object), load: , component: Object}  ... > 
  at <TransitionGroup name="slide-right" id="slideshow" tag="div"  ... > 
  at <SlidesShow render-context="slide" > 
  at <SlideContainer style= {background: var(--slidev-slide-container-background, black)} is-main="" content-style= {filter: }  ... > 
  at <Play onVnodeUnmounted=fn<onVnodeUnmounted> ref=Ref< Proxy(Object) > > 
  at <RouterView> 
  at <App> @ http://localhost:3032/@fs/Users/wraithy/Development/Trask/ClaudeCodePresentation/node_modules/.pnpm/@vue+runtime-core@3.5.35/node_modules/@vue/runtime-core/dist/runtime-core.esm-bundler.js?v=1759ab92:40
[ 2546072ms] [WARNING] [Vue warn]: Failed to resolve component: AutoFit
If this is a native custom element, make sure to exclude it from component resolution via compilerOptions.isCustomElement. 
  at <Default frontmatter= {} > 
  at <Slides.mdslidev15> 
  at <AsyncComponentWrapper> 
  at <SlideWrapper key=15 clicks-context= {current: undefined, clicksStart: 0, relativeSizeMap: undefined, maxMap: undefined, isMounted: undefined} route= {no: 15, meta: Proxy(Object), load: , component: Object}  ... > 
  at <TransitionGroup name="slide-right" id="slideshow" tag="div"  ... > 
  at <SlidesShow render-context="slide" > 
  at <SlideContainer style= {background: var(--slidev-slide-container-background, black)} is-main="" content-style= {filter: }  ... > 
  at <Play onVnodeUnmounted=fn<onVnodeUnmounted> ref=Ref< Proxy(Object) > > 
  at <RouterView> 
  at <App> @ http://localhost:3032/@fs/Users/wraithy/Development/Trask/ClaudeCodePresentation/node_modules/.pnpm/@vue+runtime-core@3.5.35/node_modules/@vue/runtime-core/dist/runtime-core.esm-bundler.js?v=1759ab92:40
[ 2546072ms] [WARNING] [Vue warn]: Failed to resolve component: AutoFit
If this is a native custom element, make sure to exclude it from component resolution via compilerOptions.isCustomElement. 
  at <Default frontmatter= {} > 
  at <Slides.mdslidev12> 
  at <AsyncComponentWrapper> 
  at <SlideWrapper key=12 clicks-context= {current: undefined, clicksStart: 0, relativeSizeMap: undefined, maxMap: undefined, isMounted: undefined} route= {no: 12, meta: Proxy(Object), load: , component: Object}  ... > 
  at <TransitionGroup name="slide-right" id="slideshow" tag="div"  ... > 
  at <SlidesShow render-context="slide" > 
  at <SlideContainer style= {background: var(--slidev-slide-container-background, black)} is-main="" content-style= {filter: }  ... > 
  at <Play onVnodeUnmounted=fn<onVnodeUnmounted> ref=Ref< Proxy(Object) > > 
  at <RouterView> 
  at <App> @ http://localhost:3032/@fs/Users/wraithy/Development/Trask/ClaudeCodePresentation/node_modules/.pnpm/@vue+runtime-core@3.5.35/node_modules/@vue/runtime-core/dist/runtime-core.esm-bundler.js?v=1759ab92:40
[ 2546073ms] [WARNING] [Vue warn]: Failed to resolve component: AutoFit
If this is a native custom element, make sure to exclude it from component resolution via compilerOptions.isCustomElement. 
  at <Default frontmatter= {} > 
  at <Slides.mdslidev13> 
  at <AsyncComponentWrapper> 
  at <SlideWrapper key=13 clicks-context= {current: undefined, clicksStart: 0, relativeSizeMap: undefined, maxMap: undefined, isMounted: undefined} route= {no: 13, meta: Proxy(Object), load: , component: Object}  ... > 
  at <TransitionGroup name="slide-right" id="slideshow" tag="div"  ... > 
  at <SlidesShow render-context="slide" > 
  at <SlideContainer style= {background: var(--slidev-slide-container-background, black)} is-main="" content-style= {filter: }  ... > 
  at <Play onVnodeUnmounted=fn<onVnodeUnmounted> ref=Ref< Proxy(Object) > > 
  at <RouterView> 
  at <App> @ http://localhost:3032/@fs/Users/wraithy/Development/Trask/ClaudeCodePresentation/node_modules/.pnpm/@vue+runtime-core@3.5.35/node_modules/@vue/runtime-core/dist/runtime-core.esm-bundler.js?v=1759ab92:40
[ 2546073ms] [WARNING] [Vue warn]: Failed to resolve component: AutoFit
If this is a native custom element, make sure to exclude it from component resolution via compilerOptions.isCustomElement. 
  at <Default frontmatter= {} > 
  at <Slides.mdslidev20> 
  at <AsyncComponentWrapper> 
  at <SlideWrapper key=20 clicks-context= {current: undefined, clicksStart: 0, relativeSizeMap: undefined, maxMap: undefined, isMounted: undefined} route= {no: 20, meta: Proxy(Object), load: , component: Object}  ... > 
  at <TransitionGroup name="slide-right" id="slideshow" tag="div"  ... > 
  at <SlidesShow render-context="slide" > 
  at <SlideContainer style= {background: var(--slidev-slide-container-background, black)} is-main="" content-style= {filter: }  ... > 
  at <Play onVnodeUnmounted=fn<onVnodeUnmounted> ref=Ref< Proxy(Object) > > 
  at <RouterView> 
  at <App> @ http://localhost:3032/@fs/Users/wraithy/Development/Trask/ClaudeCodePresentation/node_modules/.pnpm/@vue+runtime-core@3.5.35/node_modules/@vue/runtime-core/dist/runtime-core.esm-bundler.js?v=1759ab92:40
[ 2546073ms] [WARNING] [Vue warn]: Failed to resolve component: AutoFit
If this is a native custom element, make sure to exclude it from component resolution via compilerOptions.isCustomElement. 
  at <Default frontmatter= {} > 
  at <Slides.mdslidev21> 
  at <AsyncComponentWrapper> 
  at <SlideWrapper key=21 clicks-context= {current: undefined, clicksStart: 0, relativeSizeMap: undefined, maxMap: undefined, isMounted: undefined} route= {no: 21, meta: Proxy(Object), load: , component: Object}  ... > 
  at <TransitionGroup name="slide-right" id="slideshow" tag="div"  ... > 
  at <SlidesShow render-context="slide" > 
  at <SlideContainer style= {background: var(--slidev-slide-container-background, black)} is-main="" content-style= {filter: }  ... > 
  at <Play onVnodeUnmounted=fn<onVnodeUnmounted> ref=Ref< Proxy(Object) > > 
  at <RouterView> 
  at <App> @ http://localhost:3032/@fs/Users/wraithy/Development/Trask/ClaudeCodePresentation/node_modules/.pnpm/@vue+runtime-core@3.5.35/node_modules/@vue/runtime-core/dist/runtime-core.esm-bundler.js?v=1759ab92:40
[ 2546073ms] [WARNING] [Vue warn]: Failed to resolve component: AutoFit
If this is a native custom element, make sure to exclude it from component resolution via compilerOptions.isCustomElement. 
  at <Default frontmatter= {} > 
  at <Slides.mdslidev22> 
  at <AsyncComponentWrapper> 
  at <SlideWrapper key=22 clicks-context= {current: undefined, clicksStart: 0, relativeSizeMap: undefined, maxMap: undefined, isMounted: undefined} route= {no: 22, meta: Proxy(Object), load: , component: Object}  ... > 
  at <TransitionGroup name="slide-right" id="slideshow" tag="div"  ... > 
  at <SlidesShow render-context="slide" > 
  at <SlideContainer style= {background: var(--slidev-slide-container-background, black)} is-main="" content-style= {filter: }  ... > 
  at <Play onVnodeUnmounted=fn<onVnodeUnmounted> ref=Ref< Proxy(Object) > > 
  at <RouterView> 
  at <App> @ http://localhost:3032/@fs/Users/wraithy/Development/Trask/ClaudeCodePresentation/node_modules/.pnpm/@vue+runtime-core@3.5.35/node_modules/@vue/runtime-core/dist/runtime-core.esm-bundler.js?v=1759ab92:40
[ 2546073ms] [WARNING] [Vue warn]: Failed to resolve component: AutoFit
If this is a native custom element, make sure to exclude it from component resolution via compilerOptions.isCustomElement. 
  at <Default frontmatter= {} > 
  at <Slides.mdslidev17> 
  at <AsyncComponentWrapper> 
  at <SlideWrapper key=17 clicks-context= {current: undefined, clicksStart: 0, relativeSizeMap: undefined, maxMap: undefined, isMounted: undefined} route= {no: 17, meta: Proxy(Object), load: , component: Object}  ... > 
  at <TransitionGroup name="slide-right" id="slideshow" tag="div"  ... > 
  at <SlidesShow render-context="slide" > 
  at <SlideContainer style= {background: var(--slidev-slide-container-background, black)} is-main="" content-style= {filter: }  ... > 
  at <Play onVnodeUnmounted=fn<onVnodeUnmounted> ref=Ref< Proxy(Object) > > 
  at <RouterView> 
  at <App> @ http://localhost:3032/@fs/Users/wraithy/Development/Trask/ClaudeCodePresentation/node_modules/.pnpm/@vue+runtime-core@3.5.35/node_modules/@vue/runtime-core/dist/runtime-core.esm-bundler.js?v=1759ab92:40
[ 2546073ms] [WARNING] [Vue warn]: Failed to resolve component: AutoFit
If this is a native custom element, make sure to exclude it from component resolution via compilerOptions.isCustomElement. 
  at <Default frontmatter= {} > 
  at <Slides.mdslidev23> 
  at <AsyncComponentWrapper> 
  at <SlideWrapper key=23 clicks-context= {current: undefined, clicksStart: 0, relativeSizeMap: undefined, maxMap: undefined, isMounted: undefined} route= {no: 23, meta: Proxy(Object), load: , component: Object}  ... > 
  at <TransitionGroup name="slide-right" id="slideshow" tag="div"  ... > 
  at <SlidesShow render-context="slide" > 
  at <SlideContainer style= {background: var(--slidev-slide-container-background, black)} is-main="" content-style= {filter: }  ... > 
  at <Play onVnodeUnmounted=fn<onVnodeUnmounted> ref=Ref< Proxy(Object) > > 
  at <RouterView> 
  at <App> @ http://localhost:3032/@fs/Users/wraithy/Development/Trask/ClaudeCodePresentation/node_modules/.pnpm/@vue+runtime-core@3.5.35/node_modules/@vue/runtime-core/dist/runtime-core.esm-bundler.js?v=1759ab92:40
[ 2546073ms] [WARNING] [Vue warn]: Failed to resolve component: AutoFit
If this is a native custom element, make sure to exclude it from component resolution via compilerOptions.isCustomElement. 
  at <Default frontmatter= {} > 
  at <Slides.mdslidev25> 
  at <AsyncComponentWrapper> 
  at <SlideWrapper key=25 clicks-context= {current: undefined, clicksStart: 0, relativeSizeMap: undefined, maxMap: undefined, isMounted: undefined} route= {no: 25, meta: Proxy(Object), load: , component: Object}  ... > 
  at <TransitionGroup name="slide-right" id="slideshow" tag="div"  ... > 
  at <SlidesShow render-context="slide" > 
  at <SlideContainer style= {background: var(--slidev-slide-container-background, black)} is-main="" content-style= {filter: }  ... > 
  at <Play onVnodeUnmounted=fn<onVnodeUnmounted> ref=Ref< Proxy(Object) > > 
  at <RouterView> 
  at <App> @ http://localhost:3032/@fs/Users/wraithy/Development/Trask/ClaudeCodePresentation/node_modules/.pnpm/@vue+runtime-core@3.5.35/node_modules/@vue/runtime-core/dist/runtime-core.esm-bundler.js?v=1759ab92:40
[ 2546073ms] [WARNING] [Vue warn]: Failed to resolve component: AutoFit
If this is a native custom element, make sure to exclude it from component resolution via compilerOptions.isCustomElement. 
  at <Default frontmatter= {} > 
  at <Slides.mdslidev19> 
  at <AsyncComponentWrapper> 
  at <SlideWrapper key=19 clicks-context= {current: undefined, clicksStart: 0, relativeSizeMap: undefined, maxMap: undefined, isMounted: undefined} route= {no: 19, meta: Proxy(Object), load: , component: Object}  ... > 
  at <TransitionGroup name="slide-right" id="slideshow" tag="div"  ... > 
  at <SlidesShow render-context="slide" > 
  at <SlideContainer style= {background: var(--slidev-slide-container-background, black)} is-main="" content-style= {filter: }  ... > 
  at <Play onVnodeUnmounted=fn<onVnodeUnmounted> ref=Ref< Proxy(Object) > > 
  at <RouterView> 
  at <App> @ http://localhost:3032/@fs/Users/wraithy/Development/Trask/ClaudeCodePresentation/node_modules/.pnpm/@vue+runtime-core@3.5.35/node_modules/@vue/runtime-core/dist/runtime-core.esm-bundler.js?v=1759ab92:40
[ 2546074ms] [WARNING] [Vue warn]: Failed to resolve component: AutoFit
If this is a native custom element, make sure to exclude it from component resolution via compilerOptions.isCustomElement. 
  at <Default frontmatter= {} > 
  at <Slides.mdslidev26> 
  at <AsyncComponentWrapper> 
  at <SlideWrapper key=26 clicks-context= {current: undefined, clicksStart: 0, relativeSizeMap: undefined, maxMap: undefined, isMounted: undefined} route= {no: 26, meta: Proxy(Object), load: , component: Object}  ... > 
  at <TransitionGroup name="slide-right" id="slideshow" tag="div"  ... > 
  at <SlidesShow render-context="slide" > 
  at <SlideContainer style= {background: var(--slidev-slide-container-background, black)} is-main="" content-style= {filter: }  ... > 
  at <Play onVnodeUnmounted=fn<onVnodeUnmounted> ref=Ref< Proxy(Object) > > 
  at <RouterView> 
  at <App> @ http://localhost:3032/@fs/Users/wraithy/Development/Trask/ClaudeCodePresentation/node_modules/.pnpm/@vue+runtime-core@3.5.35/node_modules/@vue/runtime-core/dist/runtime-core.esm-bundler.js?v=1759ab92:40
[ 2546074ms] [WARNING] [Vue warn]: Failed to resolve component: AutoFit
If this is a native custom element, make sure to exclude it from component resolution via compilerOptions.isCustomElement. 
  at <Default frontmatter= {} > 
  at <Slides.mdslidev27> 
  at <AsyncComponentWrapper> 
  at <SlideWrapper key=27 clicks-context= {current: undefined, clicksStart: 0, relativeSizeMap: undefined, maxMap: undefined, isMounted: undefined} route= {no: 27, meta: Proxy(Object), load: , component: Object}  ... > 
  at <TransitionGroup name="slide-right" id="slideshow" tag="div"  ... > 
  at <SlidesShow render-context="slide" > 
  at <SlideContainer style= {background: var(--slidev-slide-container-background, black)} is-main="" content-style= {filter: }  ... > 
  at <Play onVnodeUnmounted=fn<onVnodeUnmounted> ref=Ref< Proxy(Object) > > 
  at <RouterView> 
  at <App> @ http://localhost:3032/@fs/Users/wraithy/Development/Trask/ClaudeCodePresentation/node_modules/.pnpm/@vue+runtime-core@3.5.35/node_modules/@vue/runtime-core/dist/runtime-core.esm-bundler.js?v=1759ab92:40
[ 2546074ms] [WARNING] [Vue warn]: Failed to resolve component: AutoFit
If this is a native custom element, make sure to exclude it from component resolution via compilerOptions.isCustomElement. 
  at <Default frontmatter= {} > 
  at <Slides.mdslidev32> 
  at <AsyncComponentWrapper> 
  at <SlideWrapper key=32 clicks-context= {current: undefined, clicksStart: 0, relativeSizeMap: undefined, maxMap: undefined, isMounted: undefined} route= {no: 32, meta: Proxy(Object), load: , component: Object}  ... > 
  at <TransitionGroup name="slide-right" id="slideshow" tag="div"  ... > 
  at <SlidesShow render-context="slide" > 
  at <SlideContainer style= {background: var(--slidev-slide-container-background, black)} is-main="" content-style= {filter: }  ... > 
  at <Play onVnodeUnmounted=fn<onVnodeUnmounted> ref=Ref< Proxy(Object) > > 
  at <RouterView> 
  at <App> @ http://localhost:3032/@fs/Users/wraithy/Development/Trask/ClaudeCodePresentation/node_modules/.pnpm/@vue+runtime-core@3.5.35/node_modules/@vue/runtime-core/dist/runtime-core.esm-bundler.js?v=1759ab92:40
[ 2546074ms] [WARNING] [Vue warn]: Failed to resolve component: AutoFit
If this is a native custom element, make sure to exclude it from component resolution via compilerOptions.isCustomElement. 
  at <Default frontmatter= {} > 
  at <Slides.mdslidev30> 
  at <AsyncComponentWrapper> 
  at <SlideWrapper key=30 clicks-context= {current: undefined, clicksStart: 0, relativeSizeMap: undefined, maxMap: undefined, isMounted: undefined} route= {no: 30, meta: Proxy(Object), load: , component: Object}  ... > 
  at <TransitionGroup name="slide-right" id="slideshow" tag="div"  ... > 
  at <SlidesShow render-context="slide" > 
  at <SlideContainer style= {background: var(--slidev-slide-container-background, black)} is-main="" content-style= {filter: }  ... > 
  at <Play onVnodeUnmounted=fn<onVnodeUnmounted> ref=Ref< Proxy(Object) > > 
  at <RouterView> 
  at <App> @ http://localhost:3032/@fs/Users/wraithy/Development/Trask/ClaudeCodePresentation/node_modules/.pnpm/@vue+runtime-core@3.5.35/node_modules/@vue/runtime-core/dist/runtime-core.esm-bundler.js?v=1759ab92:40
[ 2546074ms] [WARNING] [Vue warn]: Failed to resolve component: AutoFit
If this is a native custom element, make sure to exclude it from component resolution via compilerOptions.isCustomElement. 
  at <Default frontmatter= {} > 
  at <Slides.mdslidev29> 
  at <AsyncComponentWrapper> 
  at <SlideWrapper key=29 clicks-context= {current: undefined, clicksStart: 0, relativeSizeMap: undefined, maxMap: undefined, isMounted: undefined} route= {no: 29, meta: Proxy(Object), load: , component: Object}  ... > 
  at <TransitionGroup name="slide-right" id="slideshow" tag="div"  ... > 
  at <SlidesShow render-context="slide" > 
  at <SlideContainer style= {background: var(--slidev-slide-container-background, black)} is-main="" content-style= {filter: }  ... > 
  at <Play onVnodeUnmounted=fn<onVnodeUnmounted> ref=Ref< Proxy(Object) > > 
  at <RouterView> 
  at <App> @ http://localhost:3032/@fs/Users/wraithy/Development/Trask/ClaudeCodePresentation/node_modules/.pnpm/@vue+runtime-core@3.5.35/node_modules/@vue/runtime-core/dist/runtime-core.esm-bundler.js?v=1759ab92:40
[ 2546074ms] [WARNING] [Vue warn]: Failed to resolve component: AutoFit
If this is a native custom element, make sure to exclude it from component resolution via compilerOptions.isCustomElement. 
  at <Default frontmatter= {} > 
  at <Slides.mdslidev4> 
  at <AsyncComponentWrapper> 
  at <SlideWrapper key=4 clicks-context= {current: undefined, clicksStart: 0, relativeSizeMap: undefined, maxMap: undefined, isMounted: undefined} route= {no: 4, meta: Proxy(Object), load: , component: Object}  ... > 
  at <TransitionGroup name="slide-right" id="slideshow" tag="div"  ... > 
  at <SlidesShow render-context="slide" > 
  at <SlideContainer style= {background: var(--slidev-slide-container-background, black)} is-main="" content-style= {filter: }  ... > 
  at <Play onVnodeUnmounted=fn<onVnodeUnmounted> ref=Ref< Proxy(Object) > > 
  at <RouterView> 
  at <App> @ http://localhost:3032/@fs/Users/wraithy/Development/Trask/ClaudeCodePresentation/node_modules/.pnpm/@vue+runtime-core@3.5.35/node_modules/@vue/runtime-core/dist/runtime-core.esm-bundler.js?v=1759ab92:40
[ 2547259ms] [WARNING] [Vue warn]: Failed to resolve component: AutoFit
If this is a native custom element, make sure to exclude it from component resolution via compilerOptions.isCustomElement. 
  at <Default frontmatter= {} > 
  at <Slides.mdslidev2> 
  at <AsyncComponentWrapper> 
  at <SlideWrapper key=2 clicks-context= {current: undefined, clicksStart: 0, relativeSizeMap: undefined, maxMap: undefined, isMounted: undefined} route= {no: 2, meta: Proxy(Object), load: , component: Object}  ... > 
  at <TransitionGroup name="slide-right" id="slideshow" tag="div"  ... > 
  at <SlidesShow render-context="slide" > 
  at <SlideContainer style= {background: var(--slidev-slide-container-background, black)} is-main="" content-style= {filter: }  ... > 
  at <Play onVnodeUnmounted=fn<onVnodeUnmounted> ref=Ref< Proxy(Object) > > 
  at <RouterView> 
  at <App> @ http://localhost:3032/@fs/Users/wraithy/Development/Trask/ClaudeCodePresentation/node_modules/.pnpm/@vue+runtime-core@3.5.35/node_modules/@vue/runtime-core/dist/runtime-core.esm-bundler.js?v=1759ab92:40
[ 2547260ms] [WARNING] [Vue warn]: Failed to resolve component: AutoFit
If this is a native custom element, make sure to exclude it from component resolution via compilerOptions.isCustomElement. 
  at <Default frontmatter= {} > 
  at <Slides.mdslidev5> 
  at <AsyncComponentWrapper> 
  at <SlideWrapper key=5 clicks-context= {current: undefined, clicksStart: 0, relativeSizeMap: undefined, maxMap: undefined, isMounted: undefined} route= {no: 5, meta: Proxy(Object), load: , component: Object}  ... > 
  at <TransitionGroup name="slide-right" id="slideshow" tag="div"  ... > 
  at <SlidesShow render-context="slide" > 
  at <SlideContainer style= {background: var(--slidev-slide-container-background, black)} is-main="" content-style= {filter: }  ... > 
  at <Play onVnodeUnmounted=fn<onVnodeUnmounted> ref=Ref< Proxy(Object) > > 
  at <RouterView> 
  at <App> @ http://localhost:3032/@fs/Users/wraithy/Development/Trask/ClaudeCodePresentation/node_modules/.pnpm/@vue+runtime-core@3.5.35/node_modules/@vue/runtime-core/dist/runtime-core.esm-bundler.js?v=1759ab92:40
[ 2547260ms] [WARNING] [Vue warn]: Failed to resolve component: AutoFit
If this is a native custom element, make sure to exclude it from component resolution via compilerOptions.isCustomElement. 
  at <Default frontmatter= {} > 
  at <Slides.mdslidev6> 
  at <AsyncComponentWrapper> 
  at <SlideWrapper key=6 clicks-context= {current: undefined, clicksStart: 0, relativeSizeMap: undefined, maxMap: undefined, isMounted: undefined} route= {no: 6, meta: Proxy(Object), load: , component: Object}  ... > 
  at <TransitionGroup name="slide-right" id="slideshow" tag="div"  ... > 
  at <SlidesShow render-context="slide" > 
  at <SlideContainer style= {background: var(--slidev-slide-container-background, black)} is-main="" content-style= {filter: }  ... > 
  at <Play onVnodeUnmounted=fn<onVnodeUnmounted> ref=Ref< Proxy(Object) > > 
  at <RouterView> 
  at <App> @ http://localhost:3032/@fs/Users/wraithy/Development/Trask/ClaudeCodePresentation/node_modules/.pnpm/@vue+runtime-core@3.5.35/node_modules/@vue/runtime-core/dist/runtime-core.esm-bundler.js?v=1759ab92:40
[ 2547260ms] [WARNING] [Vue warn]: Failed to resolve component: AutoFit
If this is a native custom element, make sure to exclude it from component resolution via compilerOptions.isCustomElement. 
  at <Default frontmatter= {} > 
  at <Slides.mdslidev11> 
  at <AsyncComponentWrapper> 
  at <SlideWrapper key=11 clicks-context= {current: undefined, clicksStart: 0, relativeSizeMap: undefined, maxMap: undefined, isMounted: undefined} route= {no: 11, meta: Proxy(Object), load: , component: Object}  ... > 
  at <TransitionGroup name="slide-right" id="slideshow" tag="div"  ... > 
  at <SlidesShow render-context="slide" > 
  at <SlideContainer style= {background: var(--slidev-slide-container-background, black)} is-main="" content-style= {filter: }  ... > 
  at <Play onVnodeUnmounted=fn<onVnodeUnmounted> ref=Ref< Proxy(Object) > > 
  at <RouterView> 
  at <App> @ http://localhost:3032/@fs/Users/wraithy/Development/Trask/ClaudeCodePresentation/node_modules/.pnpm/@vue+runtime-core@3.5.35/node_modules/@vue/runtime-core/dist/runtime-core.esm-bundler.js?v=1759ab92:40
[ 2547260ms] [WARNING] [Vue warn]: Failed to resolve component: AutoFit
If this is a native custom element, make sure to exclude it from component resolution via compilerOptions.isCustomElement. 
  at <Default frontmatter= {} > 
  at <Slides.mdslidev7> 
  at <AsyncComponentWrapper> 
  at <SlideWrapper key=7 clicks-context= {current: undefined, clicksStart: 0, relativeSizeMap: undefined, maxMap: undefined, isMounted: undefined} route= {no: 7, meta: Proxy(Object), load: , component: Object}  ... > 
  at <TransitionGroup name="slide-right" id="slideshow" tag="div"  ... > 
  at <SlidesShow render-context="slide" > 
  at <SlideContainer style= {background: var(--slidev-slide-container-background, black)} is-main="" content-style= {filter: }  ... > 
  at <Play onVnodeUnmounted=fn<onVnodeUnmounted> ref=Ref< Proxy(Object) > > 
  at <RouterView> 
  at <App> @ http://localhost:3032/@fs/Users/wraithy/Development/Trask/ClaudeCodePresentation/node_modules/.pnpm/@vue+runtime-core@3.5.35/node_modules/@vue/runtime-core/dist/runtime-core.esm-bundler.js?v=1759ab92:40
[ 2547261ms] [WARNING] [Vue warn]: Failed to resolve component: AutoFit
If this is a native custom element, make sure to exclude it from component resolution via compilerOptions.isCustomElement. 
  at <Default frontmatter= {} > 
  at <Slides.mdslidev9> 
  at <AsyncComponentWrapper> 
  at <SlideWrapper key=9 clicks-context= {current: undefined, clicksStart: 0, relativeSizeMap: undefined, maxMap: undefined, isMounted: undefined} route= {no: 9, meta: Proxy(Object), load: , component: Object}  ... > 
  at <TransitionGroup name="slide-right" id="slideshow" tag="div"  ... > 
  at <SlidesShow render-context="slide" > 
  at <SlideContainer style= {background: var(--slidev-slide-container-background, black)} is-main="" content-style= {filter: }  ... > 
  at <Play onVnodeUnmounted=fn<onVnodeUnmounted> ref=Ref< Proxy(Object) > > 
  at <RouterView> 
  at <App> @ http://localhost:3032/@fs/Users/wraithy/Development/Trask/ClaudeCodePresentation/node_modules/.pnpm/@vue+runtime-core@3.5.35/node_modules/@vue/runtime-core/dist/runtime-core.esm-bundler.js?v=1759ab92:40
[ 2547261ms] [WARNING] [Vue warn]: Failed to resolve component: AutoFit
If this is a native custom element, make sure to exclude it from component resolution via compilerOptions.isCustomElement. 
  at <Default frontmatter= {} > 
  at <Slides.mdslidev10> 
  at <AsyncComponentWrapper> 
  at <SlideWrapper key=10 clicks-context= {current: undefined, clicksStart: 0, relativeSizeMap: undefined, maxMap: undefined, isMounted: undefined} route= {no: 10, meta: Proxy(Object), load: , component: Object}  ... > 
  at <TransitionGroup name="slide-right" id="slideshow" tag="div"  ... > 
  at <SlidesShow render-context="slide" > 
  at <SlideContainer style= {background: var(--slidev-slide-container-background, black)} is-main="" content-style= {filter: }  ... > 
  at <Play onVnodeUnmounted=fn<onVnodeUnmounted> ref=Ref< Proxy(Object) > > 
  at <RouterView> 
  at <App> @ http://localhost:3032/@fs/Users/wraithy/Development/Trask/ClaudeCodePresentation/node_modules/.pnpm/@vue+runtime-core@3.5.35/node_modules/@vue/runtime-core/dist/runtime-core.esm-bundler.js?v=1759ab92:40
[ 2547261ms] [WARNING] [Vue warn]: Failed to resolve component: AutoFit
If this is a native custom element, make sure to exclude it from component resolution via compilerOptions.isCustomElement. 
  at <Default frontmatter= {} > 
  at <Slides.mdslidev16> 
  at <AsyncComponentWrapper> 
  at <SlideWrapper key=16 clicks-context= {current: undefined, clicksStart: 0, relativeSizeMap: undefined, maxMap: undefined, isMounted: undefined} route= {no: 16, meta: Proxy(Object), load: , component: Object}  ... > 
  at <TransitionGroup name="slide-right" id="slideshow" tag="div"  ... > 
  at <SlidesShow render-context="slide" > 
  at <SlideContainer style= {background: var(--slidev-slide-container-background, black)} is-main="" content-style= {filter: }  ... > 
  at <Play onVnodeUnmounted=fn<onVnodeUnmounted> ref=Ref< Proxy(Object) > > 
  at <RouterView> 
  at <App> @ http://localhost:3032/@fs/Users/wraithy/Development/Trask/ClaudeCodePresentation/node_modules/.pnpm/@vue+runtime-core@3.5.35/node_modules/@vue/runtime-core/dist/runtime-core.esm-bundler.js?v=1759ab92:40
[ 2547261ms] [WARNING] [Vue warn]: Failed to resolve component: AutoFit
If this is a native custom element, make sure to exclude it from component resolution via compilerOptions.isCustomElement. 
  at <Default frontmatter= {} > 
  at <Slides.mdslidev15> 
  at <AsyncComponentWrapper> 
  at <SlideWrapper key=15 clicks-context= {current: undefined, clicksStart: 0, relativeSizeMap: undefined, maxMap: undefined, isMounted: undefined} route= {no: 15, meta: Proxy(Object), load: , component: Object}  ... > 
  at <TransitionGroup name="slide-right" id="slideshow" tag="div"  ... > 
  at <SlidesShow render-context="slide" > 
  at <SlideContainer style= {background: var(--slidev-slide-container-background, black)} is-main="" content-style= {filter: }  ... > 
  at <Play onVnodeUnmounted=fn<onVnodeUnmounted> ref=Ref< Proxy(Object) > > 
  at <RouterView> 
  at <App> @ http://localhost:3032/@fs/Users/wraithy/Development/Trask/ClaudeCodePresentation/node_modules/.pnpm/@vue+runtime-core@3.5.35/node_modules/@vue/runtime-core/dist/runtime-core.esm-bundler.js?v=1759ab92:40
[ 2547261ms] [WARNING] [Vue warn]: Failed to resolve component: AutoFit
If this is a native custom element, make sure to exclude it from component resolution via compilerOptions.isCustomElement. 
  at <Default frontmatter= {} > 
  at <Slides.mdslidev12> 
  at <AsyncComponentWrapper> 
  at <SlideWrapper key=12 clicks-context= {current: undefined, clicksStart: 0, relativeSizeMap: undefined, maxMap: undefined, isMounted: undefined} route= {no: 12, meta: Proxy(Object), load: , component: Object}  ... > 
  at <TransitionGroup name="slide-right" id="slideshow" tag="div"  ... > 
  at <SlidesShow render-context="slide" > 
  at <SlideContainer style= {background: var(--slidev-slide-container-background, black)} is-main="" content-style= {filter: }  ... > 
  at <Play onVnodeUnmounted=fn<onVnodeUnmounted> ref=Ref< Proxy(Object) > > 
  at <RouterView> 
  at <App> @ http://localhost:3032/@fs/Users/wraithy/Development/Trask/ClaudeCodePresentation/node_modules/.pnpm/@vue+runtime-core@3.5.35/node_modules/@vue/runtime-core/dist/runtime-core.esm-bundler.js?v=1759ab92:40
[ 2547261ms] [WARNING] [Vue warn]: Failed to resolve component: AutoFit
If this is a native custom element, make sure to exclude it from component resolution via compilerOptions.isCustomElement. 
  at <Default frontmatter= {} > 
  at <Slides.mdslidev13> 
  at <AsyncComponentWrapper> 
  at <SlideWrapper key=13 clicks-context= {current: undefined, clicksStart: 0, relativeSizeMap: undefined, maxMap: undefined, isMounted: undefined} route= {no: 13, meta: Proxy(Object), load: , component: Object}  ... > 
  at <TransitionGroup name="slide-right" id="slideshow" tag="div"  ... > 
  at <SlidesShow render-context="slide" > 
  at <SlideContainer style= {background: var(--slidev-slide-container-background, black)} is-main="" content-style= {filter: }  ... > 
  at <Play onVnodeUnmounted=fn<onVnodeUnmounted> ref=Ref< Proxy(Object) > > 
  at <RouterView> 
  at <App> @ http://localhost:3032/@fs/Users/wraithy/Development/Trask/ClaudeCodePresentation/node_modules/.pnpm/@vue+runtime-core@3.5.35/node_modules/@vue/runtime-core/dist/runtime-core.esm-bundler.js?v=1759ab92:40
[ 2547262ms] [WARNING] [Vue warn]: Failed to resolve component: AutoFit
If this is a native custom element, make sure to exclude it from component resolution via compilerOptions.isCustomElement. 
  at <Default frontmatter= {} > 
  at <Slides.mdslidev20> 
  at <AsyncComponentWrapper> 
  at <SlideWrapper key=20 clicks-context= {current: undefined, clicksStart: 0, relativeSizeMap: undefined, maxMap: undefined, isMounted: undefined} route= {no: 20, meta: Proxy(Object), load: , component: Object}  ... > 
  at <TransitionGroup name="slide-right" id="slideshow" tag="div"  ... > 
  at <SlidesShow render-context="slide" > 
  at <SlideContainer style= {background: var(--slidev-slide-container-background, black)} is-main="" content-style= {filter: }  ... > 
  at <Play onVnodeUnmounted=fn<onVnodeUnmounted> ref=Ref< Proxy(Object) > > 
  at <RouterView> 
  at <App> @ http://localhost:3032/@fs/Users/wraithy/Development/Trask/ClaudeCodePresentation/node_modules/.pnpm/@vue+runtime-core@3.5.35/node_modules/@vue/runtime-core/dist/runtime-core.esm-bundler.js?v=1759ab92:40
[ 2547262ms] [WARNING] [Vue warn]: Failed to resolve component: AutoFit
If this is a native custom element, make sure to exclude it from component resolution via compilerOptions.isCustomElement. 
  at <Default frontmatter= {} > 
  at <Slides.mdslidev21> 
  at <AsyncComponentWrapper> 
  at <SlideWrapper key=21 clicks-context= {current: undefined, clicksStart: 0, relativeSizeMap: undefined, maxMap: undefined, isMounted: undefined} route= {no: 21, meta: Proxy(Object), load: , component: Object}  ... > 
  at <TransitionGroup name="slide-right" id="slideshow" tag="div"  ... > 
  at <SlidesShow render-context="slide" > 
  at <SlideContainer style= {background: var(--slidev-slide-container-background, black)} is-main="" content-style= {filter: }  ... > 
  at <Play onVnodeUnmounted=fn<onVnodeUnmounted> ref=Ref< Proxy(Object) > > 
  at <RouterView> 
  at <App> @ http://localhost:3032/@fs/Users/wraithy/Development/Trask/ClaudeCodePresentation/node_modules/.pnpm/@vue+runtime-core@3.5.35/node_modules/@vue/runtime-core/dist/runtime-core.esm-bundler.js?v=1759ab92:40
[ 2547262ms] [WARNING] [Vue warn]: Failed to resolve component: AutoFit
If this is a native custom element, make sure to exclude it from component resolution via compilerOptions.isCustomElement. 
  at <Default frontmatter= {} > 
  at <Slides.mdslidev22> 
  at <AsyncComponentWrapper> 
  at <SlideWrapper key=22 clicks-context= {current: undefined, clicksStart: 0, relativeSizeMap: undefined, maxMap: undefined, isMounted: undefined} route= {no: 22, meta: Proxy(Object), load: , component: Object}  ... > 
  at <TransitionGroup name="slide-right" id="slideshow" tag="div"  ... > 
  at <SlidesShow render-context="slide" > 
  at <SlideContainer style= {background: var(--slidev-slide-container-background, black)} is-main="" content-style= {filter: }  ... > 
  at <Play onVnodeUnmounted=fn<onVnodeUnmounted> ref=Ref< Proxy(Object) > > 
  at <RouterView> 
  at <App> @ http://localhost:3032/@fs/Users/wraithy/Development/Trask/ClaudeCodePresentation/node_modules/.pnpm/@vue+runtime-core@3.5.35/node_modules/@vue/runtime-core/dist/runtime-core.esm-bundler.js?v=1759ab92:40
[ 2547262ms] [WARNING] [Vue warn]: Failed to resolve component: AutoFit
If this is a native custom element, make sure to exclude it from component resolution via compilerOptions.isCustomElement. 
  at <Default frontmatter= {} > 
  at <Slides.mdslidev17> 
  at <AsyncComponentWrapper> 
  at <SlideWrapper key=17 clicks-context= {current: undefined, clicksStart: 0, relativeSizeMap: undefined, maxMap: undefined, isMounted: undefined} route= {no: 17, meta: Proxy(Object), load: , component: Object}  ... > 
  at <TransitionGroup name="slide-right" id="slideshow" tag="div"  ... > 
  at <SlidesShow render-context="slide" > 
  at <SlideContainer style= {background: var(--slidev-slide-container-background, black)} is-main="" content-style= {filter: }  ... > 
  at <Play onVnodeUnmounted=fn<onVnodeUnmounted> ref=Ref< Proxy(Object) > > 
  at <RouterView> 
  at <App> @ http://localhost:3032/@fs/Users/wraithy/Development/Trask/ClaudeCodePresentation/node_modules/.pnpm/@vue+runtime-core@3.5.35/node_modules/@vue/runtime-core/dist/runtime-core.esm-bundler.js?v=1759ab92:40
[ 2547262ms] [WARNING] [Vue warn]: Failed to resolve component: AutoFit
If this is a native custom element, make sure to exclude it from component resolution via compilerOptions.isCustomElement. 
  at <Default frontmatter= {} > 
  at <Slides.mdslidev23> 
  at <AsyncComponentWrapper> 
  at <SlideWrapper key=23 clicks-context= {current: undefined, clicksStart: 0, relativeSizeMap: undefined, maxMap: undefined, isMounted: undefined} route= {no: 23, meta: Proxy(Object), load: , component: Object}  ... > 
  at <TransitionGroup name="slide-right" id="slideshow" tag="div"  ... > 
  at <SlidesShow render-context="slide" > 
  at <SlideContainer style= {background: var(--slidev-slide-container-background, black)} is-main="" content-style= {filter: }  ... > 
  at <Play onVnodeUnmounted=fn<onVnodeUnmounted> ref=Ref< Proxy(Object) > > 
  at <RouterView> 
  at <App> @ http://localhost:3032/@fs/Users/wraithy/Development/Trask/ClaudeCodePresentation/node_modules/.pnpm/@vue+runtime-core@3.5.35/node_modules/@vue/runtime-core/dist/runtime-core.esm-bundler.js?v=1759ab92:40
[ 2547263ms] [WARNING] [Vue warn]: Failed to resolve component: AutoFit
If this is a native custom element, make sure to exclude it from component resolution via compilerOptions.isCustomElement. 
  at <Default frontmatter= {} > 
  at <Slides.mdslidev25> 
  at <AsyncComponentWrapper> 
  at <SlideWrapper key=25 clicks-context= {current: undefined, clicksStart: 0, relativeSizeMap: undefined, maxMap: undefined, isMounted: undefined} route= {no: 25, meta: Proxy(Object), load: , component: Object}  ... > 
  at <TransitionGroup name="slide-right" id="slideshow" tag="div"  ... > 
  at <SlidesShow render-context="slide" > 
  at <SlideContainer style= {background: var(--slidev-slide-container-background, black)} is-main="" content-style= {filter: }  ... > 
  at <Play onVnodeUnmounted=fn<onVnodeUnmounted> ref=Ref< Proxy(Object) > > 
  at <RouterView> 
  at <App> @ http://localhost:3032/@fs/Users/wraithy/Development/Trask/ClaudeCodePresentation/node_modules/.pnpm/@vue+runtime-core@3.5.35/node_modules/@vue/runtime-core/dist/runtime-core.esm-bundler.js?v=1759ab92:40
[ 2547263ms] [WARNING] [Vue warn]: Failed to resolve component: AutoFit
If this is a native custom element, make sure to exclude it from component resolution via compilerOptions.isCustomElement. 
  at <Default frontmatter= {} > 
  at <Slides.mdslidev19> 
  at <AsyncComponentWrapper> 
  at <SlideWrapper key=19 clicks-context= {current: undefined, clicksStart: 0, relativeSizeMap: undefined, maxMap: undefined, isMounted: undefined} route= {no: 19, meta: Proxy(Object), load: , component: Object}  ... > 
  at <TransitionGroup name="slide-right" id="slideshow" tag="div"  ... > 
  at <SlidesShow render-context="slide" > 
  at <SlideContainer style= {background: var(--slidev-slide-container-background, black)} is-main="" content-style= {filter: }  ... > 
  at <Play onVnodeUnmounted=fn<onVnodeUnmounted> ref=Ref< Proxy(Object) > > 
  at <RouterView> 
  at <App> @ http://localhost:3032/@fs/Users/wraithy/Development/Trask/ClaudeCodePresentation/node_modules/.pnpm/@vue+runtime-core@3.5.35/node_modules/@vue/runtime-core/dist/runtime-core.esm-bundler.js?v=1759ab92:40
[ 2547263ms] [WARNING] [Vue warn]: Failed to resolve component: AutoFit
If this is a native custom element, make sure to exclude it from component resolution via compilerOptions.isCustomElement. 
  at <Default frontmatter= {} > 
  at <Slides.mdslidev26> 
  at <AsyncComponentWrapper> 
  at <SlideWrapper key=26 clicks-context= {current: undefined, clicksStart: 0, relativeSizeMap: undefined, maxMap: undefined, isMounted: undefined} route= {no: 26, meta: Proxy(Object), load: , component: Object}  ... > 
  at <TransitionGroup name="slide-right" id="slideshow" tag="div"  ... > 
  at <SlidesShow render-context="slide" > 
  at <SlideContainer style= {background: var(--slidev-slide-container-background, black)} is-main="" content-style= {filter: }  ... > 
  at <Play onVnodeUnmounted=fn<onVnodeUnmounted> ref=Ref< Proxy(Object) > > 
  at <RouterView> 
  at <App> @ http://localhost:3032/@fs/Users/wraithy/Development/Trask/ClaudeCodePresentation/node_modules/.pnpm/@vue+runtime-core@3.5.35/node_modules/@vue/runtime-core/dist/runtime-core.esm-bundler.js?v=1759ab92:40
[ 2547263ms] [WARNING] [Vue warn]: Failed to resolve component: AutoFit
If this is a native custom element, make sure to exclude it from component resolution via compilerOptions.isCustomElement. 
  at <Default frontmatter= {} > 
  at <Slides.mdslidev27> 
  at <AsyncComponentWrapper> 
  at <SlideWrapper key=27 clicks-context= {current: undefined, clicksStart: 0, relativeSizeMap: undefined, maxMap: undefined, isMounted: undefined} route= {no: 27, meta: Proxy(Object), load: , component: Object}  ... > 
  at <TransitionGroup name="slide-right" id="slideshow" tag="div"  ... > 
  at <SlidesShow render-context="slide" > 
  at <SlideContainer style= {background: var(--slidev-slide-container-background, black)} is-main="" content-style= {filter: }  ... > 
  at <Play onVnodeUnmounted=fn<onVnodeUnmounted> ref=Ref< Proxy(Object) > > 
  at <RouterView> 
  at <App> @ http://localhost:3032/@fs/Users/wraithy/Development/Trask/ClaudeCodePresentation/node_modules/.pnpm/@vue+runtime-core@3.5.35/node_modules/@vue/runtime-core/dist/runtime-core.esm-bundler.js?v=1759ab92:40
[ 2547263ms] [WARNING] [Vue warn]: Failed to resolve component: AutoFit
If this is a native custom element, make sure to exclude it from component resolution via compilerOptions.isCustomElement. 
  at <Default frontmatter= {} > 
  at <Slides.mdslidev32> 
  at <AsyncComponentWrapper> 
  at <SlideWrapper key=32 clicks-context= {current: undefined, clicksStart: 0, relativeSizeMap: undefined, maxMap: undefined, isMounted: undefined} route= {no: 32, meta: Proxy(Object), load: , component: Object}  ... > 
  at <TransitionGroup name="slide-right" id="slideshow" tag="div"  ... > 
  at <SlidesShow render-context="slide" > 
  at <SlideContainer style= {background: var(--slidev-slide-container-background, black)} is-main="" content-style= {filter: }  ... > 
  at <Play onVnodeUnmounted=fn<onVnodeUnmounted> ref=Ref< Proxy(Object) > > 
  at <RouterView> 
  at <App> @ http://localhost:3032/@fs/Users/wraithy/Development/Trask/ClaudeCodePresentation/node_modules/.pnpm/@vue+runtime-core@3.5.35/node_modules/@vue/runtime-core/dist/runtime-core.esm-bundler.js?v=1759ab92:40
[ 2547263ms] [WARNING] [Vue warn]: Failed to resolve component: AutoFit
If this is a native custom element, make sure to exclude it from component resolution via compilerOptions.isCustomElement. 
  at <Default frontmatter= {} > 
  at <Slides.mdslidev30> 
  at <AsyncComponentWrapper> 
  at <SlideWrapper key=30 clicks-context= {current: undefined, clicksStart: 0, relativeSizeMap: undefined, maxMap: undefined, isMounted: undefined} route= {no: 30, meta: Proxy(Object), load: , component: Object}  ... > 
  at <TransitionGroup name="slide-right" id="slideshow" tag="div"  ... > 
  at <SlidesShow render-context="slide" > 
  at <SlideContainer style= {background: var(--slidev-slide-container-background, black)} is-main="" content-style= {filter: }  ... > 
  at <Play onVnodeUnmounted=fn<onVnodeUnmounted> ref=Ref< Proxy(Object) > > 
  at <RouterView> 
  at <App> @ http://localhost:3032/@fs/Users/wraithy/Development/Trask/ClaudeCodePresentation/node_modules/.pnpm/@vue+runtime-core@3.5.35/node_modules/@vue/runtime-core/dist/runtime-core.esm-bundler.js?v=1759ab92:40
[ 2547264ms] [WARNING] [Vue warn]: Failed to resolve component: AutoFit
If this is a native custom element, make sure to exclude it from component resolution via compilerOptions.isCustomElement. 
  at <Default frontmatter= {} > 
  at <Slides.mdslidev29> 
  at <AsyncComponentWrapper> 
  at <SlideWrapper key=29 clicks-context= {current: undefined, clicksStart: 0, relativeSizeMap: undefined, maxMap: undefined, isMounted: undefined} route= {no: 29, meta: Proxy(Object), load: , component: Object}  ... > 
  at <TransitionGroup name="slide-right" id="slideshow" tag="div"  ... > 
  at <SlidesShow render-context="slide" > 
  at <SlideContainer style= {background: var(--slidev-slide-container-background, black)} is-main="" content-style= {filter: }  ... > 
  at <Play onVnodeUnmounted=fn<onVnodeUnmounted> ref=Ref< Proxy(Object) > > 
  at <RouterView> 
  at <App> @ http://localhost:3032/@fs/Users/wraithy/Development/Trask/ClaudeCodePresentation/node_modules/.pnpm/@vue+runtime-core@3.5.35/node_modules/@vue/runtime-core/dist/runtime-core.esm-bundler.js?v=1759ab92:40
[ 2547264ms] [WARNING] [Vue warn]: Failed to resolve component: AutoFit
If this is a native custom element, make sure to exclude it from component resolution via compilerOptions.isCustomElement. 
  at <Default frontmatter= {} > 
  at <Slides.mdslidev4> 
  at <AsyncComponentWrapper> 
  at <SlideWrapper key=4 clicks-context= {current: undefined, clicksStart: 0, relativeSizeMap: undefined, maxMap: undefined, isMounted: undefined} route= {no: 4, meta: Proxy(Object), load: , component: Object}  ... > 
  at <TransitionGroup name="slide-right" id="slideshow" tag="div"  ... > 
  at <SlidesShow render-context="slide" > 
  at <SlideContainer style= {background: var(--slidev-slide-container-background, black)} is-main="" content-style= {filter: }  ... > 
  at <Play onVnodeUnmounted=fn<onVnodeUnmounted> ref=Ref< Proxy(Object) > > 
  at <RouterView> 
  at <App> @ http://localhost:3032/@fs/Users/wraithy/Development/Trask/ClaudeCodePresentation/node_modules/.pnpm/@vue+runtime-core@3.5.35/node_modules/@vue/runtime-core/dist/runtime-core.esm-bundler.js?v=1759ab92:40
[ 2547592ms] [WARNING] [Vue warn]: Failed to resolve component: AutoFit
If this is a native custom element, make sure to exclude it from component resolution via compilerOptions.isCustomElement. 
  at <Default frontmatter= {} > 
  at <Slides.mdslidev2> 
  at <AsyncComponentWrapper> 
  at <SlideWrapper key=2 clicks-context= {current: undefined, clicksStart: 0, relativeSizeMap: undefined, maxMap: undefined, isMounted: undefined} route= {no: 2, meta: Proxy(Object), load: , component: Object}  ... > 
  at <TransitionGroup name="slide-right" id="slideshow" tag="div"  ... > 
  at <SlidesShow render-context="slide" > 
  at <SlideContainer style= {background: var(--slidev-slide-container-background, black)} is-main="" content-style= {filter: }  ... > 
  at <Play onVnodeUnmounted=fn<onVnodeUnmounted> ref=Ref< Proxy(Object) > > 
  at <RouterView> 
  at <App> @ http://localhost:3032/@fs/Users/wraithy/Development/Trask/ClaudeCodePresentation/node_modules/.pnpm/@vue+runtime-core@3.5.35/node_modules/@vue/runtime-core/dist/runtime-core.esm-bundler.js?v=1759ab92:40
[ 2547593ms] [WARNING] [Vue warn]: Failed to resolve component: AutoFit
If this is a native custom element, make sure to exclude it from component resolution via compilerOptions.isCustomElement. 
  at <Default frontmatter= {} > 
  at <Slides.mdslidev5> 
  at <AsyncComponentWrapper> 
  at <SlideWrapper key=5 clicks-context= {current: undefined, clicksStart: 0, relativeSizeMap: undefined, maxMap: undefined, isMounted: undefined} route= {no: 5, meta: Proxy(Object), load: , component: Object}  ... > 
  at <TransitionGroup name="slide-right" id="slideshow" tag="div"  ... > 
  at <SlidesShow render-context="slide" > 
  at <SlideContainer style= {background: var(--slidev-slide-container-background, black)} is-main="" content-style= {filter: }  ... > 
  at <Play onVnodeUnmounted=fn<onVnodeUnmounted> ref=Ref< Proxy(Object) > > 
  at <RouterView> 
  at <App> @ http://localhost:3032/@fs/Users/wraithy/Development/Trask/ClaudeCodePresentation/node_modules/.pnpm/@vue+runtime-core@3.5.35/node_modules/@vue/runtime-core/dist/runtime-core.esm-bundler.js?v=1759ab92:40
[ 2547593ms] [WARNING] [Vue warn]: Failed to resolve component: AutoFit
If this is a native custom element, make sure to exclude it from component resolution via compilerOptions.isCustomElement. 
  at <Default frontmatter= {} > 
  at <Slides.mdslidev6> 
  at <AsyncComponentWrapper> 
  at <SlideWrapper key=6 clicks-context= {current: undefined, clicksStart: 0, relativeSizeMap: undefined, maxMap: undefined, isMounted: undefined} route= {no: 6, meta: Proxy(Object), load: , component: Object}  ... > 
  at <TransitionGroup name="slide-right" id="slideshow" tag="div"  ... > 
  at <SlidesShow render-context="slide" > 
  at <SlideContainer style= {background: var(--slidev-slide-container-background, black)} is-main="" content-style= {filter: }  ... > 
  at <Play onVnodeUnmounted=fn<onVnodeUnmounted> ref=Ref< Proxy(Object) > > 
  at <RouterView> 
  at <App> @ http://localhost:3032/@fs/Users/wraithy/Development/Trask/ClaudeCodePresentation/node_modules/.pnpm/@vue+runtime-core@3.5.35/node_modules/@vue/runtime-core/dist/runtime-core.esm-bundler.js?v=1759ab92:40
[ 2547593ms] [WARNING] [Vue warn]: Failed to resolve component: AutoFit
If this is a native custom element, make sure to exclude it from component resolution via compilerOptions.isCustomElement. 
  at <Default frontmatter= {} > 
  at <Slides.mdslidev11> 
  at <AsyncComponentWrapper> 
  at <SlideWrapper key=11 clicks-context= {current: undefined, clicksStart: 0, relativeSizeMap: undefined, maxMap: undefined, isMounted: undefined} route= {no: 11, meta: Proxy(Object), load: , component: Object}  ... > 
  at <TransitionGroup name="slide-right" id="slideshow" tag="div"  ... > 
  at <SlidesShow render-context="slide" > 
  at <SlideContainer style= {background: var(--slidev-slide-container-background, black)} is-main="" content-style= {filter: }  ... > 
  at <Play onVnodeUnmounted=fn<onVnodeUnmounted> ref=Ref< Proxy(Object) > > 
  at <RouterView> 
  at <App> @ http://localhost:3032/@fs/Users/wraithy/Development/Trask/ClaudeCodePresentation/node_modules/.pnpm/@vue+runtime-core@3.5.35/node_modules/@vue/runtime-core/dist/runtime-core.esm-bundler.js?v=1759ab92:40
[ 2547593ms] [WARNING] [Vue warn]: Failed to resolve component: AutoFit
If this is a native custom element, make sure to exclude it from component resolution via compilerOptions.isCustomElement. 
  at <Default frontmatter= {} > 
  at <Slides.mdslidev7> 
  at <AsyncComponentWrapper> 
  at <SlideWrapper key=7 clicks-context= {current: undefined, clicksStart: 0, relativeSizeMap: undefined, maxMap: undefined, isMounted: undefined} route= {no: 7, meta: Proxy(Object), load: , component: Object}  ... > 
  at <TransitionGroup name="slide-right" id="slideshow" tag="div"  ... > 
  at <SlidesShow render-context="slide" > 
  at <SlideContainer style= {background: var(--slidev-slide-container-background, black)} is-main="" content-style= {filter: }  ... > 
  at <Play onVnodeUnmounted=fn<onVnodeUnmounted> ref=Ref< Proxy(Object) > > 
  at <RouterView> 
  at <App> @ http://localhost:3032/@fs/Users/wraithy/Development/Trask/ClaudeCodePresentation/node_modules/.pnpm/@vue+runtime-core@3.5.35/node_modules/@vue/runtime-core/dist/runtime-core.esm-bundler.js?v=1759ab92:40
[ 2547593ms] [WARNING] [Vue warn]: Failed to resolve component: AutoFit
If this is a native custom element, make sure to exclude it from component resolution via compilerOptions.isCustomElement. 
  at <Default frontmatter= {} > 
  at <Slides.mdslidev9> 
  at <AsyncComponentWrapper> 
  at <SlideWrapper key=9 clicks-context= {current: undefined, clicksStart: 0, relativeSizeMap: undefined, maxMap: undefined, isMounted: undefined} route= {no: 9, meta: Proxy(Object), load: , component: Object}  ... > 
  at <TransitionGroup name="slide-right" id="slideshow" tag="div"  ... > 
  at <SlidesShow render-context="slide" > 
  at <SlideContainer style= {background: var(--slidev-slide-container-background, black)} is-main="" content-style= {filter: }  ... > 
  at <Play onVnodeUnmounted=fn<onVnodeUnmounted> ref=Ref< Proxy(Object) > > 
  at <RouterView> 
  at <App> @ http://localhost:3032/@fs/Users/wraithy/Development/Trask/ClaudeCodePresentation/node_modules/.pnpm/@vue+runtime-core@3.5.35/node_modules/@vue/runtime-core/dist/runtime-core.esm-bundler.js?v=1759ab92:40
[ 2547594ms] [WARNING] [Vue warn]: Failed to resolve component: AutoFit
If this is a native custom element, make sure to exclude it from component resolution via compilerOptions.isCustomElement. 
  at <Default frontmatter= {} > 
  at <Slides.mdslidev10> 
  at <AsyncComponentWrapper> 
  at <SlideWrapper key=10 clicks-context= {current: undefined, clicksStart: 0, relativeSizeMap: undefined, maxMap: undefined, isMounted: undefined} route= {no: 10, meta: Proxy(Object), load: , component: Object}  ... > 
  at <TransitionGroup name="slide-right" id="slideshow" tag="div"  ... > 
  at <SlidesShow render-context="slide" > 
  at <SlideContainer style= {background: var(--slidev-slide-container-background, black)} is-main="" content-style= {filter: }  ... > 
  at <Play onVnodeUnmounted=fn<onVnodeUnmounted> ref=Ref< Proxy(Object) > > 
  at <RouterView> 
  at <App> @ http://localhost:3032/@fs/Users/wraithy/Development/Trask/ClaudeCodePresentation/node_modules/.pnpm/@vue+runtime-core@3.5.35/node_modules/@vue/runtime-core/dist/runtime-core.esm-bundler.js?v=1759ab92:40
[ 2547594ms] [WARNING] [Vue warn]: Failed to resolve component: AutoFit
If this is a native custom element, make sure to exclude it from component resolution via compilerOptions.isCustomElement. 
  at <Default frontmatter= {} > 
  at <Slides.mdslidev16> 
  at <AsyncComponentWrapper> 
  at <SlideWrapper key=16 clicks-context= {current: undefined, clicksStart: 0, relativeSizeMap: undefined, maxMap: undefined, isMounted: undefined} route= {no: 16, meta: Proxy(Object), load: , component: Object}  ... > 
  at <TransitionGroup name="slide-right" id="slideshow" tag="div"  ... > 
  at <SlidesShow render-context="slide" > 
  at <SlideContainer style= {background: var(--slidev-slide-container-background, black)} is-main="" content-style= {filter: }  ... > 
  at <Play onVnodeUnmounted=fn<onVnodeUnmounted> ref=Ref< Proxy(Object) > > 
  at <RouterView> 
  at <App> @ http://localhost:3032/@fs/Users/wraithy/Development/Trask/ClaudeCodePresentation/node_modules/.pnpm/@vue+runtime-core@3.5.35/node_modules/@vue/runtime-core/dist/runtime-core.esm-bundler.js?v=1759ab92:40
[ 2547594ms] [WARNING] [Vue warn]: Failed to resolve component: AutoFit
If this is a native custom element, make sure to exclude it from component resolution via compilerOptions.isCustomElement. 
  at <Default frontmatter= {} > 
  at <Slides.mdslidev15> 
  at <AsyncComponentWrapper> 
  at <SlideWrapper key=15 clicks-context= {current: undefined, clicksStart: 0, relativeSizeMap: undefined, maxMap: undefined, isMounted: undefined} route= {no: 15, meta: Proxy(Object), load: , component: Object}  ... > 
  at <TransitionGroup name="slide-right" id="slideshow" tag="div"  ... > 
  at <SlidesShow render-context="slide" > 
  at <SlideContainer style= {background: var(--slidev-slide-container-background, black)} is-main="" content-style= {filter: }  ... > 
  at <Play onVnodeUnmounted=fn<onVnodeUnmounted> ref=Ref< Proxy(Object) > > 
  at <RouterView> 
  at <App> @ http://localhost:3032/@fs/Users/wraithy/Development/Trask/ClaudeCodePresentation/node_modules/.pnpm/@vue+runtime-core@3.5.35/node_modules/@vue/runtime-core/dist/runtime-core.esm-bundler.js?v=1759ab92:40
[ 2547594ms] [WARNING] [Vue warn]: Failed to resolve component: AutoFit
If this is a native custom element, make sure to exclude it from component resolution via compilerOptions.isCustomElement. 
  at <Default frontmatter= {} > 
  at <Slides.mdslidev12> 
  at <AsyncComponentWrapper> 
  at <SlideWrapper key=12 clicks-context= {current: undefined, clicksStart: 0, relativeSizeMap: undefined, maxMap: undefined, isMounted: undefined} route= {no: 12, meta: Proxy(Object), load: , component: Object}  ... > 
  at <TransitionGroup name="slide-right" id="slideshow" tag="div"  ... > 
  at <SlidesShow render-context="slide" > 
  at <SlideContainer style= {background: var(--slidev-slide-container-background, black)} is-main="" content-style= {filter: }  ... > 
  at <Play onVnodeUnmounted=fn<onVnodeUnmounted> ref=Ref< Proxy(Object) > > 
  at <RouterView> 
  at <App> @ http://localhost:3032/@fs/Users/wraithy/Development/Trask/ClaudeCodePresentation/node_modules/.pnpm/@vue+runtime-core@3.5.35/node_modules/@vue/runtime-core/dist/runtime-core.esm-bundler.js?v=1759ab92:40
[ 2547594ms] [WARNING] [Vue warn]: Failed to resolve component: AutoFit
If this is a native custom element, make sure to exclude it from component resolution via compilerOptions.isCustomElement. 
  at <Default frontmatter= {} > 
  at <Slides.mdslidev13> 
  at <AsyncComponentWrapper> 
  at <SlideWrapper key=13 clicks-context= {current: undefined, clicksStart: 0, relativeSizeMap: undefined, maxMap: undefined, isMounted: undefined} route= {no: 13, meta: Proxy(Object), load: , component: Object}  ... > 
  at <TransitionGroup name="slide-right" id="slideshow" tag="div"  ... > 
  at <SlidesShow render-context="slide" > 
  at <SlideContainer style= {background: var(--slidev-slide-container-background, black)} is-main="" content-style= {filter: }  ... > 
  at <Play onVnodeUnmounted=fn<onVnodeUnmounted> ref=Ref< Proxy(Object) > > 
  at <RouterView> 
  at <App> @ http://localhost:3032/@fs/Users/wraithy/Development/Trask/ClaudeCodePresentation/node_modules/.pnpm/@vue+runtime-core@3.5.35/node_modules/@vue/runtime-core/dist/runtime-core.esm-bundler.js?v=1759ab92:40
[ 2547594ms] [WARNING] [Vue warn]: Failed to resolve component: AutoFit
If this is a native custom element, make sure to exclude it from component resolution via compilerOptions.isCustomElement. 
  at <Default frontmatter= {} > 
  at <Slides.mdslidev20> 
  at <AsyncComponentWrapper> 
  at <SlideWrapper key=20 clicks-context= {current: undefined, clicksStart: 0, relativeSizeMap: undefined, maxMap: undefined, isMounted: undefined} route= {no: 20, meta: Proxy(Object), load: , component: Object}  ... > 
  at <TransitionGroup name="slide-right" id="slideshow" tag="div"  ... > 
  at <SlidesShow render-context="slide" > 
  at <SlideContainer style= {background: var(--slidev-slide-container-background, black)} is-main="" content-style= {filter: }  ... > 
  at <Play onVnodeUnmounted=fn<onVnodeUnmounted> ref=Ref< Proxy(Object) > > 
  at <RouterView> 
  at <App> @ http://localhost:3032/@fs/Users/wraithy/Development/Trask/ClaudeCodePresentation/node_modules/.pnpm/@vue+runtime-core@3.5.35/node_modules/@vue/runtime-core/dist/runtime-core.esm-bundler.js?v=1759ab92:40
[ 2547595ms] [WARNING] [Vue warn]: Failed to resolve component: AutoFit
If this is a native custom element, make sure to exclude it from component resolution via compilerOptions.isCustomElement. 
  at <Default frontmatter= {} > 
  at <Slides.mdslidev21> 
  at <AsyncComponentWrapper> 
  at <SlideWrapper key=21 clicks-context= {current: undefined, clicksStart: 0, relativeSizeMap: undefined, maxMap: undefined, isMounted: undefined} route= {no: 21, meta: Proxy(Object), load: , component: Object}  ... > 
  at <TransitionGroup name="slide-right" id="slideshow" tag="div"  ... > 
  at <SlidesShow render-context="slide" > 
  at <SlideContainer style= {background: var(--slidev-slide-container-background, black)} is-main="" content-style= {filter: }  ... > 
  at <Play onVnodeUnmounted=fn<onVnodeUnmounted> ref=Ref< Proxy(Object) > > 
  at <RouterView> 
  at <App> @ http://localhost:3032/@fs/Users/wraithy/Development/Trask/ClaudeCodePresentation/node_modules/.pnpm/@vue+runtime-core@3.5.35/node_modules/@vue/runtime-core/dist/runtime-core.esm-bundler.js?v=1759ab92:40
[ 2547595ms] [WARNING] [Vue warn]: Failed to resolve component: AutoFit
If this is a native custom element, make sure to exclude it from component resolution via compilerOptions.isCustomElement. 
  at <Default frontmatter= {} > 
  at <Slides.mdslidev22> 
  at <AsyncComponentWrapper> 
  at <SlideWrapper key=22 clicks-context= {current: undefined, clicksStart: 0, relativeSizeMap: undefined, maxMap: undefined, isMounted: undefined} route= {no: 22, meta: Proxy(Object), load: , component: Object}  ... > 
  at <TransitionGroup name="slide-right" id="slideshow" tag="div"  ... > 
  at <SlidesShow render-context="slide" > 
  at <SlideContainer style= {background: var(--slidev-slide-container-background, black)} is-main="" content-style= {filter: }  ... > 
  at <Play onVnodeUnmounted=fn<onVnodeUnmounted> ref=Ref< Proxy(Object) > > 
  at <RouterView> 
  at <App> @ http://localhost:3032/@fs/Users/wraithy/Development/Trask/ClaudeCodePresentation/node_modules/.pnpm/@vue+runtime-core@3.5.35/node_modules/@vue/runtime-core/dist/runtime-core.esm-bundler.js?v=1759ab92:40
[ 2547595ms] [WARNING] [Vue warn]: Failed to resolve component: AutoFit
If this is a native custom element, make sure to exclude it from component resolution via compilerOptions.isCustomElement. 
  at <Default frontmatter= {} > 
  at <Slides.mdslidev17> 
  at <AsyncComponentWrapper> 
  at <SlideWrapper key=17 clicks-context= {current: undefined, clicksStart: 0, relativeSizeMap: undefined, maxMap: undefined, isMounted: undefined} route= {no: 17, meta: Proxy(Object), load: , component: Object}  ... > 
  at <TransitionGroup name="slide-right" id="slideshow" tag="div"  ... > 
  at <SlidesShow render-context="slide" > 
  at <SlideContainer style= {background: var(--slidev-slide-container-background, black)} is-main="" content-style= {filter: }  ... > 
  at <Play onVnodeUnmounted=fn<onVnodeUnmounted> ref=Ref< Proxy(Object) > > 
  at <RouterView> 
  at <App> @ http://localhost:3032/@fs/Users/wraithy/Development/Trask/ClaudeCodePresentation/node_modules/.pnpm/@vue+runtime-core@3.5.35/node_modules/@vue/runtime-core/dist/runtime-core.esm-bundler.js?v=1759ab92:40
[ 2547595ms] [WARNING] [Vue warn]: Failed to resolve component: AutoFit
If this is a native custom element, make sure to exclude it from component resolution via compilerOptions.isCustomElement. 
  at <Default frontmatter= {} > 
  at <Slides.mdslidev23> 
  at <AsyncComponentWrapper> 
  at <SlideWrapper key=23 clicks-context= {current: undefined, clicksStart: 0, relativeSizeMap: undefined, maxMap: undefined, isMounted: undefined} route= {no: 23, meta: Proxy(Object), load: , component: Object}  ... > 
  at <TransitionGroup name="slide-right" id="slideshow" tag="div"  ... > 
  at <SlidesShow render-context="slide" > 
  at <SlideContainer style= {background: var(--slidev-slide-container-background, black)} is-main="" content-style= {filter: }  ... > 
  at <Play onVnodeUnmounted=fn<onVnodeUnmounted> ref=Ref< Proxy(Object) > > 
  at <RouterView> 
  at <App> @ http://localhost:3032/@fs/Users/wraithy/Development/Trask/ClaudeCodePresentation/node_modules/.pnpm/@vue+runtime-core@3.5.35/node_modules/@vue/runtime-core/dist/runtime-core.esm-bundler.js?v=1759ab92:40
[ 2547595ms] [WARNING] [Vue warn]: Failed to resolve component: AutoFit
If this is a native custom element, make sure to exclude it from component resolution via compilerOptions.isCustomElement. 
  at <Default frontmatter= {} > 
  at <Slides.mdslidev25> 
  at <AsyncComponentWrapper> 
  at <SlideWrapper key=25 clicks-context= {current: undefined, clicksStart: 0, relativeSizeMap: undefined, maxMap: undefined, isMounted: undefined} route= {no: 25, meta: Proxy(Object), load: , component: Object}  ... > 
  at <TransitionGroup name="slide-right" id="slideshow" tag="div"  ... > 
  at <SlidesShow render-context="slide" > 
  at <SlideContainer style= {background: var(--slidev-slide-container-background, black)} is-main="" content-style= {filter: }  ... > 
  at <Play onVnodeUnmounted=fn<onVnodeUnmounted> ref=Ref< Proxy(Object) > > 
  at <RouterView> 
  at <App> @ http://localhost:3032/@fs/Users/wraithy/Development/Trask/ClaudeCodePresentation/node_modules/.pnpm/@vue+runtime-core@3.5.35/node_modules/@vue/runtime-core/dist/runtime-core.esm-bundler.js?v=1759ab92:40
[ 2547595ms] [WARNING] [Vue warn]: Failed to resolve component: AutoFit
If this is a native custom element, make sure to exclude it from component resolution via compilerOptions.isCustomElement. 
  at <Default frontmatter= {} > 
  at <Slides.mdslidev19> 
  at <AsyncComponentWrapper> 
  at <SlideWrapper key=19 clicks-context= {current: undefined, clicksStart: 0, relativeSizeMap: undefined, maxMap: undefined, isMounted: undefined} route= {no: 19, meta: Proxy(Object), load: , component: Object}  ... > 
  at <TransitionGroup name="slide-right" id="slideshow" tag="div"  ... > 
  at <SlidesShow render-context="slide" > 
  at <SlideContainer style= {background: var(--slidev-slide-container-background, black)} is-main="" content-style= {filter: }  ... > 
  at <Play onVnodeUnmounted=fn<onVnodeUnmounted> ref=Ref< Proxy(Object) > > 
  at <RouterView> 
  at <App> @ http://localhost:3032/@fs/Users/wraithy/Development/Trask/ClaudeCodePresentation/node_modules/.pnpm/@vue+runtime-core@3.5.35/node_modules/@vue/runtime-core/dist/runtime-core.esm-bundler.js?v=1759ab92:40
[ 2547596ms] [WARNING] [Vue warn]: Failed to resolve component: AutoFit
If this is a native custom element, make sure to exclude it from component resolution via compilerOptions.isCustomElement. 
  at <Default frontmatter= {} > 
  at <Slides.mdslidev26> 
  at <AsyncComponentWrapper> 
  at <SlideWrapper key=26 clicks-context= {current: undefined, clicksStart: 0, relativeSizeMap: undefined, maxMap: undefined, isMounted: undefined} route= {no: 26, meta: Proxy(Object), load: , component: Object}  ... > 
  at <TransitionGroup name="slide-right" id="slideshow" tag="div"  ... > 
  at <SlidesShow render-context="slide" > 
  at <SlideContainer style= {background: var(--slidev-slide-container-background, black)} is-main="" content-style= {filter: }  ... > 
  at <Play onVnodeUnmounted=fn<onVnodeUnmounted> ref=Ref< Proxy(Object) > > 
  at <RouterView> 
  at <App> @ http://localhost:3032/@fs/Users/wraithy/Development/Trask/ClaudeCodePresentation/node_modules/.pnpm/@vue+runtime-core@3.5.35/node_modules/@vue/runtime-core/dist/runtime-core.esm-bundler.js?v=1759ab92:40
[ 2547596ms] [WARNING] [Vue warn]: Failed to resolve component: AutoFit
If this is a native custom element, make sure to exclude it from component resolution via compilerOptions.isCustomElement. 
  at <Default frontmatter= {} > 
  at <Slides.mdslidev27> 
  at <AsyncComponentWrapper> 
  at <SlideWrapper key=27 clicks-context= {current: undefined, clicksStart: 0, relativeSizeMap: undefined, maxMap: undefined, isMounted: undefined} route= {no: 27, meta: Proxy(Object), load: , component: Object}  ... > 
  at <TransitionGroup name="slide-right" id="slideshow" tag="div"  ... > 
  at <SlidesShow render-context="slide" > 
  at <SlideContainer style= {background: var(--slidev-slide-container-background, black)} is-main="" content-style= {filter: }  ... > 
  at <Play onVnodeUnmounted=fn<onVnodeUnmounted> ref=Ref< Proxy(Object) > > 
  at <RouterView> 
  at <App> @ http://localhost:3032/@fs/Users/wraithy/Development/Trask/ClaudeCodePresentation/node_modules/.pnpm/@vue+runtime-core@3.5.35/node_modules/@vue/runtime-core/dist/runtime-core.esm-bundler.js?v=1759ab92:40
[ 2547596ms] [WARNING] [Vue warn]: Failed to resolve component: AutoFit
If this is a native custom element, make sure to exclude it from component resolution via compilerOptions.isCustomElement. 
  at <Default frontmatter= {} > 
  at <Slides.mdslidev32> 
  at <AsyncComponentWrapper> 
  at <SlideWrapper key=32 clicks-context= {current: undefined, clicksStart: 0, relativeSizeMap: undefined, maxMap: undefined, isMounted: undefined} route= {no: 32, meta: Proxy(Object), load: , component: Object}  ... > 
  at <TransitionGroup name="slide-right" id="slideshow" tag="div"  ... > 
  at <SlidesShow render-context="slide" > 
  at <SlideContainer style= {background: var(--slidev-slide-container-background, black)} is-main="" content-style= {filter: }  ... > 
  at <Play onVnodeUnmounted=fn<onVnodeUnmounted> ref=Ref< Proxy(Object) > > 
  at <RouterView> 
  at <App> @ http://localhost:3032/@fs/Users/wraithy/Development/Trask/ClaudeCodePresentation/node_modules/.pnpm/@vue+runtime-core@3.5.35/node_modules/@vue/runtime-core/dist/runtime-core.esm-bundler.js?v=1759ab92:40
[ 2547596ms] [WARNING] [Vue warn]: Failed to resolve component: AutoFit
If this is a native custom element, make sure to exclude it from component resolution via compilerOptions.isCustomElement. 
  at <Default frontmatter= {} > 
  at <Slides.mdslidev30> 
  at <AsyncComponentWrapper> 
  at <SlideWrapper key=30 clicks-context= {current: undefined, clicksStart: 0, relativeSizeMap: undefined, maxMap: undefined, isMounted: undefined} route= {no: 30, meta: Proxy(Object), load: , component: Object}  ... > 
  at <TransitionGroup name="slide-right" id="slideshow" tag="div"  ... > 
  at <SlidesShow render-context="slide" > 
  at <SlideContainer style= {background: var(--slidev-slide-container-background, black)} is-main="" content-style= {filter: }  ... > 
  at <Play onVnodeUnmounted=fn<onVnodeUnmounted> ref=Ref< Proxy(Object) > > 
  at <RouterView> 
  at <App> @ http://localhost:3032/@fs/Users/wraithy/Development/Trask/ClaudeCodePresentation/node_modules/.pnpm/@vue+runtime-core@3.5.35/node_modules/@vue/runtime-core/dist/runtime-core.esm-bundler.js?v=1759ab92:40
[ 2547596ms] [WARNING] [Vue warn]: Failed to resolve component: AutoFit
If this is a native custom element, make sure to exclude it from component resolution via compilerOptions.isCustomElement. 
  at <Default frontmatter= {} > 
  at <Slides.mdslidev29> 
  at <AsyncComponentWrapper> 
  at <SlideWrapper key=29 clicks-context= {current: undefined, clicksStart: 0, relativeSizeMap: undefined, maxMap: undefined, isMounted: undefined} route= {no: 29, meta: Proxy(Object), load: , component: Object}  ... > 
  at <TransitionGroup name="slide-right" id="slideshow" tag="div"  ... > 
  at <SlidesShow render-context="slide" > 
  at <SlideContainer style= {background: var(--slidev-slide-container-background, black)} is-main="" content-style= {filter: }  ... > 
  at <Play onVnodeUnmounted=fn<onVnodeUnmounted> ref=Ref< Proxy(Object) > > 
  at <RouterView> 
  at <App> @ http://localhost:3032/@fs/Users/wraithy/Development/Trask/ClaudeCodePresentation/node_modules/.pnpm/@vue+runtime-core@3.5.35/node_modules/@vue/runtime-core/dist/runtime-core.esm-bundler.js?v=1759ab92:40
[ 2547596ms] [WARNING] [Vue warn]: Failed to resolve component: AutoFit
If this is a native custom element, make sure to exclude it from component resolution via compilerOptions.isCustomElement. 
  at <Default frontmatter= {} > 
  at <Slides.mdslidev4> 
  at <AsyncComponentWrapper> 
  at <SlideWrapper key=4 clicks-context= {current: undefined, clicksStart: 0, relativeSizeMap: undefined, maxMap: undefined, isMounted: undefined} route= {no: 4, meta: Proxy(Object), load: , component: Object}  ... > 
  at <TransitionGroup name="slide-right" id="slideshow" tag="div"  ... > 
  at <SlidesShow render-context="slide" > 
  at <SlideContainer style= {background: var(--slidev-slide-container-background, black)} is-main="" content-style= {filter: }  ... > 
  at <Play onVnodeUnmounted=fn<onVnodeUnmounted> ref=Ref< Proxy(Object) > > 
  at <RouterView> 
  at <App> @ http://localhost:3032/@fs/Users/wraithy/Development/Trask/ClaudeCodePresentation/node_modules/.pnpm/@vue+runtime-core@3.5.35/node_modules/@vue/runtime-core/dist/runtime-core.esm-bundler.js?v=1759ab92:40
[ 2547872ms] [WARNING] [Vue warn]: Failed to resolve component: AutoFit
If this is a native custom element, make sure to exclude it from component resolution via compilerOptions.isCustomElement. 
  at <Default frontmatter= {} > 
  at <Slides.mdslidev2> 
  at <AsyncComponentWrapper> 
  at <SlideWrapper key=2 clicks-context= {current: undefined, clicksStart: 0, relativeSizeMap: undefined, maxMap: undefined, isMounted: undefined} route= {no: 2, meta: Proxy(Object), load: , component: Object}  ... > 
  at <TransitionGroup name="slide-right" id="slideshow" tag="div"  ... > 
  at <SlidesShow render-context="slide" > 
  at <SlideContainer style= {background: var(--slidev-slide-container-background, black)} is-main="" content-style= {filter: }  ... > 
  at <Play onVnodeUnmounted=fn<onVnodeUnmounted> ref=Ref< Proxy(Object) > > 
  at <RouterView> 
  at <App> @ http://localhost:3032/@fs/Users/wraithy/Development/Trask/ClaudeCodePresentation/node_modules/.pnpm/@vue+runtime-core@3.5.35/node_modules/@vue/runtime-core/dist/runtime-core.esm-bundler.js?v=1759ab92:40
[ 2547872ms] [WARNING] [Vue warn]: Failed to resolve component: AutoFit
If this is a native custom element, make sure to exclude it from component resolution via compilerOptions.isCustomElement. 
  at <Default frontmatter= {} > 
  at <Slides.mdslidev5> 
  at <AsyncComponentWrapper> 
  at <SlideWrapper key=5 clicks-context= {current: undefined, clicksStart: 0, relativeSizeMap: undefined, maxMap: undefined, isMounted: undefined} route= {no: 5, meta: Proxy(Object), load: , component: Object}  ... > 
  at <TransitionGroup name="slide-right" id="slideshow" tag="div"  ... > 
  at <SlidesShow render-context="slide" > 
  at <SlideContainer style= {background: var(--slidev-slide-container-background, black)} is-main="" content-style= {filter: }  ... > 
  at <Play onVnodeUnmounted=fn<onVnodeUnmounted> ref=Ref< Proxy(Object) > > 
  at <RouterView> 
  at <App> @ http://localhost:3032/@fs/Users/wraithy/Development/Trask/ClaudeCodePresentation/node_modules/.pnpm/@vue+runtime-core@3.5.35/node_modules/@vue/runtime-core/dist/runtime-core.esm-bundler.js?v=1759ab92:40
[ 2547872ms] [WARNING] [Vue warn]: Failed to resolve component: AutoFit
If this is a native custom element, make sure to exclude it from component resolution via compilerOptions.isCustomElement. 
  at <Default frontmatter= {} > 
  at <Slides.mdslidev6> 
  at <AsyncComponentWrapper> 
  at <SlideWrapper key=6 clicks-context= {current: undefined, clicksStart: 0, relativeSizeMap: undefined, maxMap: undefined, isMounted: undefined} route= {no: 6, meta: Proxy(Object), load: , component: Object}  ... > 
  at <TransitionGroup name="slide-right" id="slideshow" tag="div"  ... > 
  at <SlidesShow render-context="slide" > 
  at <SlideContainer style= {background: var(--slidev-slide-container-background, black)} is-main="" content-style= {filter: }  ... > 
  at <Play onVnodeUnmounted=fn<onVnodeUnmounted> ref=Ref< Proxy(Object) > > 
  at <RouterView> 
  at <App> @ http://localhost:3032/@fs/Users/wraithy/Development/Trask/ClaudeCodePresentation/node_modules/.pnpm/@vue+runtime-core@3.5.35/node_modules/@vue/runtime-core/dist/runtime-core.esm-bundler.js?v=1759ab92:40
[ 2547873ms] [WARNING] [Vue warn]: Failed to resolve component: AutoFit
If this is a native custom element, make sure to exclude it from component resolution via compilerOptions.isCustomElement. 
  at <Default frontmatter= {} > 
  at <Slides.mdslidev11> 
  at <AsyncComponentWrapper> 
  at <SlideWrapper key=11 clicks-context= {current: undefined, clicksStart: 0, relativeSizeMap: undefined, maxMap: undefined, isMounted: undefined} route= {no: 11, meta: Proxy(Object), load: , component: Object}  ... > 
  at <TransitionGroup name="slide-right" id="slideshow" tag="div"  ... > 
  at <SlidesShow render-context="slide" > 
  at <SlideContainer style= {background: var(--slidev-slide-container-background, black)} is-main="" content-style= {filter: }  ... > 
  at <Play onVnodeUnmounted=fn<onVnodeUnmounted> ref=Ref< Proxy(Object) > > 
  at <RouterView> 
  at <App> @ http://localhost:3032/@fs/Users/wraithy/Development/Trask/ClaudeCodePresentation/node_modules/.pnpm/@vue+runtime-core@3.5.35/node_modules/@vue/runtime-core/dist/runtime-core.esm-bundler.js?v=1759ab92:40
[ 2547873ms] [WARNING] [Vue warn]: Failed to resolve component: AutoFit
If this is a native custom element, make sure to exclude it from component resolution via compilerOptions.isCustomElement. 
  at <Default frontmatter= {} > 
  at <Slides.mdslidev7> 
  at <AsyncComponentWrapper> 
  at <SlideWrapper key=7 clicks-context= {current: undefined, clicksStart: 0, relativeSizeMap: undefined, maxMap: undefined, isMounted: undefined} route= {no: 7, meta: Proxy(Object), load: , component: Object}  ... > 
  at <TransitionGroup name="slide-right" id="slideshow" tag="div"  ... > 
  at <SlidesShow render-context="slide" > 
  at <SlideContainer style= {background: var(--slidev-slide-container-background, black)} is-main="" content-style= {filter: }  ... > 
  at <Play onVnodeUnmounted=fn<onVnodeUnmounted> ref=Ref< Proxy(Object) > > 
  at <RouterView> 
  at <App> @ http://localhost:3032/@fs/Users/wraithy/Development/Trask/ClaudeCodePresentation/node_modules/.pnpm/@vue+runtime-core@3.5.35/node_modules/@vue/runtime-core/dist/runtime-core.esm-bundler.js?v=1759ab92:40
[ 2547873ms] [WARNING] [Vue warn]: Failed to resolve component: AutoFit
If this is a native custom element, make sure to exclude it from component resolution via compilerOptions.isCustomElement. 
  at <Default frontmatter= {} > 
  at <Slides.mdslidev9> 
  at <AsyncComponentWrapper> 
  at <SlideWrapper key=9 clicks-context= {current: undefined, clicksStart: 0, relativeSizeMap: undefined, maxMap: undefined, isMounted: undefined} route= {no: 9, meta: Proxy(Object), load: , component: Object}  ... > 
  at <TransitionGroup name="slide-right" id="slideshow" tag="div"  ... > 
  at <SlidesShow render-context="slide" > 
  at <SlideContainer style= {background: var(--slidev-slide-container-background, black)} is-main="" content-style= {filter: }  ... > 
  at <Play onVnodeUnmounted=fn<onVnodeUnmounted> ref=Ref< Proxy(Object) > > 
  at <RouterView> 
  at <App> @ http://localhost:3032/@fs/Users/wraithy/Development/Trask/ClaudeCodePresentation/node_modules/.pnpm/@vue+runtime-core@3.5.35/node_modules/@vue/runtime-core/dist/runtime-core.esm-bundler.js?v=1759ab92:40
[ 2547873ms] [WARNING] [Vue warn]: Failed to resolve component: AutoFit
If this is a native custom element, make sure to exclude it from component resolution via compilerOptions.isCustomElement. 
  at <Default frontmatter= {} > 
  at <Slides.mdslidev10> 
  at <AsyncComponentWrapper> 
  at <SlideWrapper key=10 clicks-context= {current: undefined, clicksStart: 0, relativeSizeMap: undefined, maxMap: undefined, isMounted: undefined} route= {no: 10, meta: Proxy(Object), load: , component: Object}  ... > 
  at <TransitionGroup name="slide-right" id="slideshow" tag="div"  ... > 
  at <SlidesShow render-context="slide" > 
  at <SlideContainer style= {background: var(--slidev-slide-container-background, black)} is-main="" content-style= {filter: }  ... > 
  at <Play onVnodeUnmounted=fn<onVnodeUnmounted> ref=Ref< Proxy(Object) > > 
  at <RouterView> 
  at <App> @ http://localhost:3032/@fs/Users/wraithy/Development/Trask/ClaudeCodePresentation/node_modules/.pnpm/@vue+runtime-core@3.5.35/node_modules/@vue/runtime-core/dist/runtime-core.esm-bundler.js?v=1759ab92:40
[ 2547873ms] [WARNING] [Vue warn]: Failed to resolve component: AutoFit
If this is a native custom element, make sure to exclude it from component resolution via compilerOptions.isCustomElement. 
  at <Default frontmatter= {} > 
  at <Slides.mdslidev16> 
  at <AsyncComponentWrapper> 
  at <SlideWrapper key=16 clicks-context= {current: undefined, clicksStart: 0, relativeSizeMap: undefined, maxMap: undefined, isMounted: undefined} route= {no: 16, meta: Proxy(Object), load: , component: Object}  ... > 
  at <TransitionGroup name="slide-right" id="slideshow" tag="div"  ... > 
  at <SlidesShow render-context="slide" > 
  at <SlideContainer style= {background: var(--slidev-slide-container-background, black)} is-main="" content-style= {filter: }  ... > 
  at <Play onVnodeUnmounted=fn<onVnodeUnmounted> ref=Ref< Proxy(Object) > > 
  at <RouterView> 
  at <App> @ http://localhost:3032/@fs/Users/wraithy/Development/Trask/ClaudeCodePresentation/node_modules/.pnpm/@vue+runtime-core@3.5.35/node_modules/@vue/runtime-core/dist/runtime-core.esm-bundler.js?v=1759ab92:40
[ 2547873ms] [WARNING] [Vue warn]: Failed to resolve component: AutoFit
If this is a native custom element, make sure to exclude it from component resolution via compilerOptions.isCustomElement. 
  at <Default frontmatter= {} > 
  at <Slides.mdslidev15> 
  at <AsyncComponentWrapper> 
  at <SlideWrapper key=15 clicks-context= {current: undefined, clicksStart: 0, relativeSizeMap: undefined, maxMap: undefined, isMounted: undefined} route= {no: 15, meta: Proxy(Object), load: , component: Object}  ... > 
  at <TransitionGroup name="slide-right" id="slideshow" tag="div"  ... > 
  at <SlidesShow render-context="slide" > 
  at <SlideContainer style= {background: var(--slidev-slide-container-background, black)} is-main="" content-style= {filter: }  ... > 
  at <Play onVnodeUnmounted=fn<onVnodeUnmounted> ref=Ref< Proxy(Object) > > 
  at <RouterView> 
  at <App> @ http://localhost:3032/@fs/Users/wraithy/Development/Trask/ClaudeCodePresentation/node_modules/.pnpm/@vue+runtime-core@3.5.35/node_modules/@vue/runtime-core/dist/runtime-core.esm-bundler.js?v=1759ab92:40
[ 2547873ms] [WARNING] [Vue warn]: Failed to resolve component: AutoFit
If this is a native custom element, make sure to exclude it from component resolution via compilerOptions.isCustomElement. 
  at <Default frontmatter= {} > 
  at <Slides.mdslidev12> 
  at <AsyncComponentWrapper> 
  at <SlideWrapper key=12 clicks-context= {current: undefined, clicksStart: 0, relativeSizeMap: undefined, maxMap: undefined, isMounted: undefined} route= {no: 12, meta: Proxy(Object), load: , component: Object}  ... > 
  at <TransitionGroup name="slide-right" id="slideshow" tag="div"  ... > 
  at <SlidesShow render-context="slide" > 
  at <SlideContainer style= {background: var(--slidev-slide-container-background, black)} is-main="" content-style= {filter: }  ... > 
  at <Play onVnodeUnmounted=fn<onVnodeUnmounted> ref=Ref< Proxy(Object) > > 
  at <RouterView> 
  at <App> @ http://localhost:3032/@fs/Users/wraithy/Development/Trask/ClaudeCodePresentation/node_modules/.pnpm/@vue+runtime-core@3.5.35/node_modules/@vue/runtime-core/dist/runtime-core.esm-bundler.js?v=1759ab92:40
[ 2547873ms] [WARNING] [Vue warn]: Failed to resolve component: AutoFit
If this is a native custom element, make sure to exclude it from component resolution via compilerOptions.isCustomElement. 
  at <Default frontmatter= {} > 
  at <Slides.mdslidev13> 
  at <AsyncComponentWrapper> 
  at <SlideWrapper key=13 clicks-context= {current: undefined, clicksStart: 0, relativeSizeMap: undefined, maxMap: undefined, isMounted: undefined} route= {no: 13, meta: Proxy(Object), load: , component: Object}  ... > 
  at <TransitionGroup name="slide-right" id="slideshow" tag="div"  ... > 
  at <SlidesShow render-context="slide" > 
  at <SlideContainer style= {background: var(--slidev-slide-container-background, black)} is-main="" content-style= {filter: }  ... > 
  at <Play onVnodeUnmounted=fn<onVnodeUnmounted> ref=Ref< Proxy(Object) > > 
  at <RouterView> 
  at <App> @ http://localhost:3032/@fs/Users/wraithy/Development/Trask/ClaudeCodePresentation/node_modules/.pnpm/@vue+runtime-core@3.5.35/node_modules/@vue/runtime-core/dist/runtime-core.esm-bundler.js?v=1759ab92:40
[ 2547874ms] [WARNING] [Vue warn]: Failed to resolve component: AutoFit
If this is a native custom element, make sure to exclude it from component resolution via compilerOptions.isCustomElement. 
  at <Default frontmatter= {} > 
  at <Slides.mdslidev20> 
  at <AsyncComponentWrapper> 
  at <SlideWrapper key=20 clicks-context= {current: undefined, clicksStart: 0, relativeSizeMap: undefined, maxMap: undefined, isMounted: undefined} route= {no: 20, meta: Proxy(Object), load: , component: Object}  ... > 
  at <TransitionGroup name="slide-right" id="slideshow" tag="div"  ... > 
  at <SlidesShow render-context="slide" > 
  at <SlideContainer style= {background: var(--slidev-slide-container-background, black)} is-main="" content-style= {filter: }  ... > 
  at <Play onVnodeUnmounted=fn<onVnodeUnmounted> ref=Ref< Proxy(Object) > > 
  at <RouterView> 
  at <App> @ http://localhost:3032/@fs/Users/wraithy/Development/Trask/ClaudeCodePresentation/node_modules/.pnpm/@vue+runtime-core@3.5.35/node_modules/@vue/runtime-core/dist/runtime-core.esm-bundler.js?v=1759ab92:40
[ 2547874ms] [WARNING] [Vue warn]: Failed to resolve component: AutoFit
If this is a native custom element, make sure to exclude it from component resolution via compilerOptions.isCustomElement. 
  at <Default frontmatter= {} > 
  at <Slides.mdslidev21> 
  at <AsyncComponentWrapper> 
  at <SlideWrapper key=21 clicks-context= {current: undefined, clicksStart: 0, relativeSizeMap: undefined, maxMap: undefined, isMounted: undefined} route= {no: 21, meta: Proxy(Object), load: , component: Object}  ... > 
  at <TransitionGroup name="slide-right" id="slideshow" tag="div"  ... > 
  at <SlidesShow render-context="slide" > 
  at <SlideContainer style= {background: var(--slidev-slide-container-background, black)} is-main="" content-style= {filter: }  ... > 
  at <Play onVnodeUnmounted=fn<onVnodeUnmounted> ref=Ref< Proxy(Object) > > 
  at <RouterView> 
  at <App> @ http://localhost:3032/@fs/Users/wraithy/Development/Trask/ClaudeCodePresentation/node_modules/.pnpm/@vue+runtime-core@3.5.35/node_modules/@vue/runtime-core/dist/runtime-core.esm-bundler.js?v=1759ab92:40
[ 2547874ms] [WARNING] [Vue warn]: Failed to resolve component: AutoFit
If this is a native custom element, make sure to exclude it from component resolution via compilerOptions.isCustomElement. 
  at <Default frontmatter= {} > 
  at <Slides.mdslidev22> 
  at <AsyncComponentWrapper> 
  at <SlideWrapper key=22 clicks-context= {current: undefined, clicksStart: 0, relativeSizeMap: undefined, maxMap: undefined, isMounted: undefined} route= {no: 22, meta: Proxy(Object), load: , component: Object}  ... > 
  at <TransitionGroup name="slide-right" id="slideshow" tag="div"  ... > 
  at <SlidesShow render-context="slide" > 
  at <SlideContainer style= {background: var(--slidev-slide-container-background, black)} is-main="" content-style= {filter: }  ... > 
  at <Play onVnodeUnmounted=fn<onVnodeUnmounted> ref=Ref< Proxy(Object) > > 
  at <RouterView> 
  at <App> @ http://localhost:3032/@fs/Users/wraithy/Development/Trask/ClaudeCodePresentation/node_modules/.pnpm/@vue+runtime-core@3.5.35/node_modules/@vue/runtime-core/dist/runtime-core.esm-bundler.js?v=1759ab92:40
[ 2547874ms] [WARNING] [Vue warn]: Failed to resolve component: AutoFit
If this is a native custom element, make sure to exclude it from component resolution via compilerOptions.isCustomElement. 
  at <Default frontmatter= {} > 
  at <Slides.mdslidev17> 
  at <AsyncComponentWrapper> 
  at <SlideWrapper key=17 clicks-context= {current: undefined, clicksStart: 0, relativeSizeMap: undefined, maxMap: undefined, isMounted: undefined} route= {no: 17, meta: Proxy(Object), load: , component: Object}  ... > 
  at <TransitionGroup name="slide-right" id="slideshow" tag="div"  ... > 
  at <SlidesShow render-context="slide" > 
  at <SlideContainer style= {background: var(--slidev-slide-container-background, black)} is-main="" content-style= {filter: }  ... > 
  at <Play onVnodeUnmounted=fn<onVnodeUnmounted> ref=Ref< Proxy(Object) > > 
  at <RouterView> 
  at <App> @ http://localhost:3032/@fs/Users/wraithy/Development/Trask/ClaudeCodePresentation/node_modules/.pnpm/@vue+runtime-core@3.5.35/node_modules/@vue/runtime-core/dist/runtime-core.esm-bundler.js?v=1759ab92:40
[ 2547874ms] [WARNING] [Vue warn]: Failed to resolve component: AutoFit
If this is a native custom element, make sure to exclude it from component resolution via compilerOptions.isCustomElement. 
  at <Default frontmatter= {} > 
  at <Slides.mdslidev23> 
  at <AsyncComponentWrapper> 
  at <SlideWrapper key=23 clicks-context= {current: undefined, clicksStart: 0, relativeSizeMap: undefined, maxMap: undefined, isMounted: undefined} route= {no: 23, meta: Proxy(Object), load: , component: Object}  ... > 
  at <TransitionGroup name="slide-right" id="slideshow" tag="div"  ... > 
  at <SlidesShow render-context="slide" > 
  at <SlideContainer style= {background: var(--slidev-slide-container-background, black)} is-main="" content-style= {filter: }  ... > 
  at <Play onVnodeUnmounted=fn<onVnodeUnmounted> ref=Ref< Proxy(Object) > > 
  at <RouterView> 
  at <App> @ http://localhost:3032/@fs/Users/wraithy/Development/Trask/ClaudeCodePresentation/node_modules/.pnpm/@vue+runtime-core@3.5.35/node_modules/@vue/runtime-core/dist/runtime-core.esm-bundler.js?v=1759ab92:40
[ 2547874ms] [WARNING] [Vue warn]: Failed to resolve component: AutoFit
If this is a native custom element, make sure to exclude it from component resolution via compilerOptions.isCustomElement. 
  at <Default frontmatter= {} > 
  at <Slides.mdslidev25> 
  at <AsyncComponentWrapper> 
  at <SlideWrapper key=25 clicks-context= {current: undefined, clicksStart: 0, relativeSizeMap: undefined, maxMap: undefined, isMounted: undefined} route= {no: 25, meta: Proxy(Object), load: , component: Object}  ... > 
  at <TransitionGroup name="slide-right" id="slideshow" tag="div"  ... > 
  at <SlidesShow render-context="slide" > 
  at <SlideContainer style= {background: var(--slidev-slide-container-background, black)} is-main="" content-style= {filter: }  ... > 
  at <Play onVnodeUnmounted=fn<onVnodeUnmounted> ref=Ref< Proxy(Object) > > 
  at <RouterView> 
  at <App> @ http://localhost:3032/@fs/Users/wraithy/Development/Trask/ClaudeCodePresentation/node_modules/.pnpm/@vue+runtime-core@3.5.35/node_modules/@vue/runtime-core/dist/runtime-core.esm-bundler.js?v=1759ab92:40
[ 2547874ms] [WARNING] [Vue warn]: Failed to resolve component: AutoFit
If this is a native custom element, make sure to exclude it from component resolution via compilerOptions.isCustomElement. 
  at <Default frontmatter= {} > 
  at <Slides.mdslidev19> 
  at <AsyncComponentWrapper> 
  at <SlideWrapper key=19 clicks-context= {current: undefined, clicksStart: 0, relativeSizeMap: undefined, maxMap: undefined, isMounted: undefined} route= {no: 19, meta: Proxy(Object), load: , component: Object}  ... > 
  at <TransitionGroup name="slide-right" id="slideshow" tag="div"  ... > 
  at <SlidesShow render-context="slide" > 
  at <SlideContainer style= {background: var(--slidev-slide-container-background, black)} is-main="" content-style= {filter: }  ... > 
  at <Play onVnodeUnmounted=fn<onVnodeUnmounted> ref=Ref< Proxy(Object) > > 
  at <RouterView> 
  at <App> @ http://localhost:3032/@fs/Users/wraithy/Development/Trask/ClaudeCodePresentation/node_modules/.pnpm/@vue+runtime-core@3.5.35/node_modules/@vue/runtime-core/dist/runtime-core.esm-bundler.js?v=1759ab92:40
[ 2547874ms] [WARNING] [Vue warn]: Failed to resolve component: AutoFit
If this is a native custom element, make sure to exclude it from component resolution via compilerOptions.isCustomElement. 
  at <Default frontmatter= {} > 
  at <Slides.mdslidev26> 
  at <AsyncComponentWrapper> 
  at <SlideWrapper key=26 clicks-context= {current: undefined, clicksStart: 0, relativeSizeMap: undefined, maxMap: undefined, isMounted: undefined} route= {no: 26, meta: Proxy(Object), load: , component: Object}  ... > 
  at <TransitionGroup name="slide-right" id="slideshow" tag="div"  ... > 
  at <SlidesShow render-context="slide" > 
  at <SlideContainer style= {background: var(--slidev-slide-container-background, black)} is-main="" content-style= {filter: }  ... > 
  at <Play onVnodeUnmounted=fn<onVnodeUnmounted> ref=Ref< Proxy(Object) > > 
  at <RouterView> 
  at <App> @ http://localhost:3032/@fs/Users/wraithy/Development/Trask/ClaudeCodePresentation/node_modules/.pnpm/@vue+runtime-core@3.5.35/node_modules/@vue/runtime-core/dist/runtime-core.esm-bundler.js?v=1759ab92:40
[ 2547875ms] [WARNING] [Vue warn]: Failed to resolve component: AutoFit
If this is a native custom element, make sure to exclude it from component resolution via compilerOptions.isCustomElement. 
  at <Default frontmatter= {} > 
  at <Slides.mdslidev27> 
  at <AsyncComponentWrapper> 
  at <SlideWrapper key=27 clicks-context= {current: undefined, clicksStart: 0, relativeSizeMap: undefined, maxMap: undefined, isMounted: undefined} route= {no: 27, meta: Proxy(Object), load: , component: Object}  ... > 
  at <TransitionGroup name="slide-right" id="slideshow" tag="div"  ... > 
  at <SlidesShow render-context="slide" > 
  at <SlideContainer style= {background: var(--slidev-slide-container-background, black)} is-main="" content-style= {filter: }  ... > 
  at <Play onVnodeUnmounted=fn<onVnodeUnmounted> ref=Ref< Proxy(Object) > > 
  at <RouterView> 
  at <App> @ http://localhost:3032/@fs/Users/wraithy/Development/Trask/ClaudeCodePresentation/node_modules/.pnpm/@vue+runtime-core@3.5.35/node_modules/@vue/runtime-core/dist/runtime-core.esm-bundler.js?v=1759ab92:40
[ 2547875ms] [WARNING] [Vue warn]: Failed to resolve component: AutoFit
If this is a native custom element, make sure to exclude it from component resolution via compilerOptions.isCustomElement. 
  at <Default frontmatter= {} > 
  at <Slides.mdslidev32> 
  at <AsyncComponentWrapper> 
  at <SlideWrapper key=32 clicks-context= {current: undefined, clicksStart: 0, relativeSizeMap: undefined, maxMap: undefined, isMounted: undefined} route= {no: 32, meta: Proxy(Object), load: , component: Object}  ... > 
  at <TransitionGroup name="slide-right" id="slideshow" tag="div"  ... > 
  at <SlidesShow render-context="slide" > 
  at <SlideContainer style= {background: var(--slidev-slide-container-background, black)} is-main="" content-style= {filter: }  ... > 
  at <Play onVnodeUnmounted=fn<onVnodeUnmounted> ref=Ref< Proxy(Object) > > 
  at <RouterView> 
  at <App> @ http://localhost:3032/@fs/Users/wraithy/Development/Trask/ClaudeCodePresentation/node_modules/.pnpm/@vue+runtime-core@3.5.35/node_modules/@vue/runtime-core/dist/runtime-core.esm-bundler.js?v=1759ab92:40
[ 2547875ms] [WARNING] [Vue warn]: Failed to resolve component: AutoFit
If this is a native custom element, make sure to exclude it from component resolution via compilerOptions.isCustomElement. 
  at <Default frontmatter= {} > 
  at <Slides.mdslidev30> 
  at <AsyncComponentWrapper> 
  at <SlideWrapper key=30 clicks-context= {current: undefined, clicksStart: 0, relativeSizeMap: undefined, maxMap: undefined, isMounted: undefined} route= {no: 30, meta: Proxy(Object), load: , component: Object}  ... > 
  at <TransitionGroup name="slide-right" id="slideshow" tag="div"  ... > 
  at <SlidesShow render-context="slide" > 
  at <SlideContainer style= {background: var(--slidev-slide-container-background, black)} is-main="" content-style= {filter: }  ... > 
  at <Play onVnodeUnmounted=fn<onVnodeUnmounted> ref=Ref< Proxy(Object) > > 
  at <RouterView> 
  at <App> @ http://localhost:3032/@fs/Users/wraithy/Development/Trask/ClaudeCodePresentation/node_modules/.pnpm/@vue+runtime-core@3.5.35/node_modules/@vue/runtime-core/dist/runtime-core.esm-bundler.js?v=1759ab92:40
[ 2547875ms] [WARNING] [Vue warn]: Failed to resolve component: AutoFit
If this is a native custom element, make sure to exclude it from component resolution via compilerOptions.isCustomElement. 
  at <Default frontmatter= {} > 
  at <Slides.mdslidev29> 
  at <AsyncComponentWrapper> 
  at <SlideWrapper key=29 clicks-context= {current: undefined, clicksStart: 0, relativeSizeMap: undefined, maxMap: undefined, isMounted: undefined} route= {no: 29, meta: Proxy(Object), load: , component: Object}  ... > 
  at <TransitionGroup name="slide-right" id="slideshow" tag="div"  ... > 
  at <SlidesShow render-context="slide" > 
  at <SlideContainer style= {background: var(--slidev-slide-container-background, black)} is-main="" content-style= {filter: }  ... > 
  at <Play onVnodeUnmounted=fn<onVnodeUnmounted> ref=Ref< Proxy(Object) > > 
  at <RouterView> 
  at <App> @ http://localhost:3032/@fs/Users/wraithy/Development/Trask/ClaudeCodePresentation/node_modules/.pnpm/@vue+runtime-core@3.5.35/node_modules/@vue/runtime-core/dist/runtime-core.esm-bundler.js?v=1759ab92:40
[ 2547875ms] [WARNING] [Vue warn]: Failed to resolve component: AutoFit
If this is a native custom element, make sure to exclude it from component resolution via compilerOptions.isCustomElement. 
  at <Default frontmatter= {} > 
  at <Slides.mdslidev4> 
  at <AsyncComponentWrapper> 
  at <SlideWrapper key=4 clicks-context= {current: undefined, clicksStart: 0, relativeSizeMap: undefined, maxMap: undefined, isMounted: undefined} route= {no: 4, meta: Proxy(Object), load: , component: Object}  ... > 
  at <TransitionGroup name="slide-right" id="slideshow" tag="div"  ... > 
  at <SlidesShow render-context="slide" > 
  at <SlideContainer style= {background: var(--slidev-slide-container-background, black)} is-main="" content-style= {filter: }  ... > 
  at <Play onVnodeUnmounted=fn<onVnodeUnmounted> ref=Ref< Proxy(Object) > > 
  at <RouterView> 
  at <App> @ http://localhost:3032/@fs/Users/wraithy/Development/Trask/ClaudeCodePresentation/node_modules/.pnpm/@vue+runtime-core@3.5.35/node_modules/@vue/runtime-core/dist/runtime-core.esm-bundler.js?v=1759ab92:40
[ 2556249ms] [WARNING] [Vue warn]: Failed to resolve component: AutoFit
If this is a native custom element, make sure to exclude it from component resolution via compilerOptions.isCustomElement. 
  at <Default frontmatter= {} > 
  at <Slides.mdslidev2> 
  at <AsyncComponentWrapper> 
  at <SlideWrapper key=2 clicks-context= {current: undefined, clicksStart: 0, relativeSizeMap: undefined, maxMap: undefined, isMounted: undefined} route= {no: 2, meta: Proxy(Object), load: , component: Object}  ... > 
  at <TransitionGroup name="slide-left" id="slideshow" tag="div"  ... > 
  at <SlidesShow render-context="slide" > 
  at <SlideContainer style= {background: var(--slidev-slide-container-background, black)} is-main="" content-style= {filter: }  ... > 
  at <Play onVnodeUnmounted=fn<onVnodeUnmounted> ref=Ref< Proxy(Object) > > 
  at <RouterView> 
  at <App> @ http://localhost:3032/@fs/Users/wraithy/Development/Trask/ClaudeCodePresentation/node_modules/.pnpm/@vue+runtime-core@3.5.35/node_modules/@vue/runtime-core/dist/runtime-core.esm-bundler.js?v=1759ab92:40
[ 2556250ms] [WARNING] [Vue warn]: Failed to resolve component: AutoFit
If this is a native custom element, make sure to exclude it from component resolution via compilerOptions.isCustomElement. 
  at <Default frontmatter= {} > 
  at <Slides.mdslidev5> 
  at <AsyncComponentWrapper> 
  at <SlideWrapper key=5 clicks-context= {current: undefined, clicksStart: 0, relativeSizeMap: undefined, maxMap: undefined, isMounted: undefined} route= {no: 5, meta: Proxy(Object), load: , component: Object}  ... > 
  at <TransitionGroup name="slide-left" id="slideshow" tag="div"  ... > 
  at <SlidesShow render-context="slide" > 
  at <SlideContainer style= {background: var(--slidev-slide-container-background, black)} is-main="" content-style= {filter: }  ... > 
  at <Play onVnodeUnmounted=fn<onVnodeUnmounted> ref=Ref< Proxy(Object) > > 
  at <RouterView> 
  at <App> @ http://localhost:3032/@fs/Users/wraithy/Development/Trask/ClaudeCodePresentation/node_modules/.pnpm/@vue+runtime-core@3.5.35/node_modules/@vue/runtime-core/dist/runtime-core.esm-bundler.js?v=1759ab92:40
[ 2556251ms] [WARNING] [Vue warn]: Failed to resolve component: AutoFit
If this is a native custom element, make sure to exclude it from component resolution via compilerOptions.isCustomElement. 
  at <Default frontmatter= {} > 
  at <Slides.mdslidev6> 
  at <AsyncComponentWrapper> 
  at <SlideWrapper key=6 clicks-context= {current: undefined, clicksStart: 0, relativeSizeMap: undefined, maxMap: undefined, isMounted: undefined} route= {no: 6, meta: Proxy(Object), load: , component: Object}  ... > 
  at <TransitionGroup name="slide-left" id="slideshow" tag="div"  ... > 
  at <SlidesShow render-context="slide" > 
  at <SlideContainer style= {background: var(--slidev-slide-container-background, black)} is-main="" content-style= {filter: }  ... > 
  at <Play onVnodeUnmounted=fn<onVnodeUnmounted> ref=Ref< Proxy(Object) > > 
  at <RouterView> 
  at <App> @ http://localhost:3032/@fs/Users/wraithy/Development/Trask/ClaudeCodePresentation/node_modules/.pnpm/@vue+runtime-core@3.5.35/node_modules/@vue/runtime-core/dist/runtime-core.esm-bundler.js?v=1759ab92:40
[ 2556251ms] [WARNING] [Vue warn]: Failed to resolve component: AutoFit
If this is a native custom element, make sure to exclude it from component resolution via compilerOptions.isCustomElement. 
  at <Default frontmatter= {} > 
  at <Slides.mdslidev11> 
  at <AsyncComponentWrapper> 
  at <SlideWrapper key=11 clicks-context= {current: undefined, clicksStart: 0, relativeSizeMap: undefined, maxMap: undefined, isMounted: undefined} route= {no: 11, meta: Proxy(Object), load: , component: Object}  ... > 
  at <TransitionGroup name="slide-left" id="slideshow" tag="div"  ... > 
  at <SlidesShow render-context="slide" > 
  at <SlideContainer style= {background: var(--slidev-slide-container-background, black)} is-main="" content-style= {filter: }  ... > 
  at <Play onVnodeUnmounted=fn<onVnodeUnmounted> ref=Ref< Proxy(Object) > > 
  at <RouterView> 
  at <App> @ http://localhost:3032/@fs/Users/wraithy/Development/Trask/ClaudeCodePresentation/node_modules/.pnpm/@vue+runtime-core@3.5.35/node_modules/@vue/runtime-core/dist/runtime-core.esm-bundler.js?v=1759ab92:40
[ 2556251ms] [WARNING] [Vue warn]: Failed to resolve component: AutoFit
If this is a native custom element, make sure to exclude it from component resolution via compilerOptions.isCustomElement. 
  at <Default frontmatter= {} > 
  at <Slides.mdslidev7> 
  at <AsyncComponentWrapper> 
  at <SlideWrapper key=7 clicks-context= {current: undefined, clicksStart: 0, relativeSizeMap: undefined, maxMap: undefined, isMounted: undefined} route= {no: 7, meta: Proxy(Object), load: , component: Object}  ... > 
  at <TransitionGroup name="slide-left" id="slideshow" tag="div"  ... > 
  at <SlidesShow render-context="slide" > 
  at <SlideContainer style= {background: var(--slidev-slide-container-background, black)} is-main="" content-style= {filter: }  ... > 
  at <Play onVnodeUnmounted=fn<onVnodeUnmounted> ref=Ref< Proxy(Object) > > 
  at <RouterView> 
  at <App> @ http://localhost:3032/@fs/Users/wraithy/Development/Trask/ClaudeCodePresentation/node_modules/.pnpm/@vue+runtime-core@3.5.35/node_modules/@vue/runtime-core/dist/runtime-core.esm-bundler.js?v=1759ab92:40
[ 2556251ms] [WARNING] [Vue warn]: Failed to resolve component: AutoFit
If this is a native custom element, make sure to exclude it from component resolution via compilerOptions.isCustomElement. 
  at <Default frontmatter= {} > 
  at <Slides.mdslidev9> 
  at <AsyncComponentWrapper> 
  at <SlideWrapper key=9 clicks-context= {current: undefined, clicksStart: 0, relativeSizeMap: undefined, maxMap: undefined, isMounted: undefined} route= {no: 9, meta: Proxy(Object), load: , component: Object}  ... > 
  at <TransitionGroup name="slide-left" id="slideshow" tag="div"  ... > 
  at <SlidesShow render-context="slide" > 
  at <SlideContainer style= {background: var(--slidev-slide-container-background, black)} is-main="" content-style= {filter: }  ... > 
  at <Play onVnodeUnmounted=fn<onVnodeUnmounted> ref=Ref< Proxy(Object) > > 
  at <RouterView> 
  at <App> @ http://localhost:3032/@fs/Users/wraithy/Development/Trask/ClaudeCodePresentation/node_modules/.pnpm/@vue+runtime-core@3.5.35/node_modules/@vue/runtime-core/dist/runtime-core.esm-bundler.js?v=1759ab92:40
[ 2556251ms] [WARNING] [Vue warn]: Failed to resolve component: AutoFit
If this is a native custom element, make sure to exclude it from component resolution via compilerOptions.isCustomElement. 
  at <Default frontmatter= {} > 
  at <Slides.mdslidev10> 
  at <AsyncComponentWrapper> 
  at <SlideWrapper key=10 clicks-context= {current: undefined, clicksStart: 0, relativeSizeMap: undefined, maxMap: undefined, isMounted: undefined} route= {no: 10, meta: Proxy(Object), load: , component: Object}  ... > 
  at <TransitionGroup name="slide-left" id="slideshow" tag="div"  ... > 
  at <SlidesShow render-context="slide" > 
  at <SlideContainer style= {background: var(--slidev-slide-container-background, black)} is-main="" content-style= {filter: }  ... > 
  at <Play onVnodeUnmounted=fn<onVnodeUnmounted> ref=Ref< Proxy(Object) > > 
  at <RouterView> 
  at <App> @ http://localhost:3032/@fs/Users/wraithy/Development/Trask/ClaudeCodePresentation/node_modules/.pnpm/@vue+runtime-core@3.5.35/node_modules/@vue/runtime-core/dist/runtime-core.esm-bundler.js?v=1759ab92:40
[ 2556252ms] [WARNING] [Vue warn]: Failed to resolve component: AutoFit
If this is a native custom element, make sure to exclude it from component resolution via compilerOptions.isCustomElement. 
  at <Default frontmatter= {} > 
  at <Slides.mdslidev16> 
  at <AsyncComponentWrapper> 
  at <SlideWrapper key=16 clicks-context= {current: undefined, clicksStart: 0, relativeSizeMap: undefined, maxMap: undefined, isMounted: undefined} route= {no: 16, meta: Proxy(Object), load: , component: Object}  ... > 
  at <TransitionGroup name="slide-left" id="slideshow" tag="div"  ... > 
  at <SlidesShow render-context="slide" > 
  at <SlideContainer style= {background: var(--slidev-slide-container-background, black)} is-main="" content-style= {filter: }  ... > 
  at <Play onVnodeUnmounted=fn<onVnodeUnmounted> ref=Ref< Proxy(Object) > > 
  at <RouterView> 
  at <App> @ http://localhost:3032/@fs/Users/wraithy/Development/Trask/ClaudeCodePresentation/node_modules/.pnpm/@vue+runtime-core@3.5.35/node_modules/@vue/runtime-core/dist/runtime-core.esm-bundler.js?v=1759ab92:40
[ 2556252ms] [WARNING] [Vue warn]: Failed to resolve component: AutoFit
If this is a native custom element, make sure to exclude it from component resolution via compilerOptions.isCustomElement. 
  at <Default frontmatter= {} > 
  at <Slides.mdslidev15> 
  at <AsyncComponentWrapper> 
  at <SlideWrapper key=15 clicks-context= {current: undefined, clicksStart: 0, relativeSizeMap: undefined, maxMap: undefined, isMounted: undefined} route= {no: 15, meta: Proxy(Object), load: , component: Object}  ... > 
  at <TransitionGroup name="slide-left" id="slideshow" tag="div"  ... > 
  at <SlidesShow render-context="slide" > 
  at <SlideContainer style= {background: var(--slidev-slide-container-background, black)} is-main="" content-style= {filter: }  ... > 
  at <Play onVnodeUnmounted=fn<onVnodeUnmounted> ref=Ref< Proxy(Object) > > 
  at <RouterView> 
  at <App> @ http://localhost:3032/@fs/Users/wraithy/Development/Trask/ClaudeCodePresentation/node_modules/.pnpm/@vue+runtime-core@3.5.35/node_modules/@vue/runtime-core/dist/runtime-core.esm-bundler.js?v=1759ab92:40
[ 2556252ms] [WARNING] [Vue warn]: Failed to resolve component: AutoFit
If this is a native custom element, make sure to exclude it from component resolution via compilerOptions.isCustomElement. 
  at <Default frontmatter= {} > 
  at <Slides.mdslidev12> 
  at <AsyncComponentWrapper> 
  at <SlideWrapper key=12 clicks-context= {current: undefined, clicksStart: 0, relativeSizeMap: undefined, maxMap: undefined, isMounted: undefined} route= {no: 12, meta: Proxy(Object), load: , component: Object}  ... > 
  at <TransitionGroup name="slide-left" id="slideshow" tag="div"  ... > 
  at <SlidesShow render-context="slide" > 
  at <SlideContainer style= {background: var(--slidev-slide-container-background, black)} is-main="" content-style= {filter: }  ... > 
  at <Play onVnodeUnmounted=fn<onVnodeUnmounted> ref=Ref< Proxy(Object) > > 
  at <RouterView> 
  at <App> @ http://localhost:3032/@fs/Users/wraithy/Development/Trask/ClaudeCodePresentation/node_modules/.pnpm/@vue+runtime-core@3.5.35/node_modules/@vue/runtime-core/dist/runtime-core.esm-bundler.js?v=1759ab92:40
[ 2556252ms] [WARNING] [Vue warn]: Failed to resolve component: AutoFit
If this is a native custom element, make sure to exclude it from component resolution via compilerOptions.isCustomElement. 
  at <Default frontmatter= {} > 
  at <Slides.mdslidev13> 
  at <AsyncComponentWrapper> 
  at <SlideWrapper key=13 clicks-context= {current: undefined, clicksStart: 0, relativeSizeMap: undefined, maxMap: undefined, isMounted: undefined} route= {no: 13, meta: Proxy(Object), load: , component: Object}  ... > 
  at <TransitionGroup name="slide-left" id="slideshow" tag="div"  ... > 
  at <SlidesShow render-context="slide" > 
  at <SlideContainer style= {background: var(--slidev-slide-container-background, black)} is-main="" content-style= {filter: }  ... > 
  at <Play onVnodeUnmounted=fn<onVnodeUnmounted> ref=Ref< Proxy(Object) > > 
  at <RouterView> 
  at <App> @ http://localhost:3032/@fs/Users/wraithy/Development/Trask/ClaudeCodePresentation/node_modules/.pnpm/@vue+runtime-core@3.5.35/node_modules/@vue/runtime-core/dist/runtime-core.esm-bundler.js?v=1759ab92:40
[ 2556252ms] [WARNING] [Vue warn]: Failed to resolve component: AutoFit
If this is a native custom element, make sure to exclude it from component resolution via compilerOptions.isCustomElement. 
  at <Default frontmatter= {} > 
  at <Slides.mdslidev20> 
  at <AsyncComponentWrapper> 
  at <SlideWrapper key=20 clicks-context= {current: undefined, clicksStart: 0, relativeSizeMap: undefined, maxMap: undefined, isMounted: undefined} route= {no: 20, meta: Proxy(Object), load: , component: Object}  ... > 
  at <TransitionGroup name="slide-left" id="slideshow" tag="div"  ... > 
  at <SlidesShow render-context="slide" > 
  at <SlideContainer style= {background: var(--slidev-slide-container-background, black)} is-main="" content-style= {filter: }  ... > 
  at <Play onVnodeUnmounted=fn<onVnodeUnmounted> ref=Ref< Proxy(Object) > > 
  at <RouterView> 
  at <App> @ http://localhost:3032/@fs/Users/wraithy/Development/Trask/ClaudeCodePresentation/node_modules/.pnpm/@vue+runtime-core@3.5.35/node_modules/@vue/runtime-core/dist/runtime-core.esm-bundler.js?v=1759ab92:40
[ 2556252ms] [WARNING] [Vue warn]: Failed to resolve component: AutoFit
If this is a native custom element, make sure to exclude it from component resolution via compilerOptions.isCustomElement. 
  at <Default frontmatter= {} > 
  at <Slides.mdslidev21> 
  at <AsyncComponentWrapper> 
  at <SlideWrapper key=21 clicks-context= {current: undefined, clicksStart: 0, relativeSizeMap: undefined, maxMap: undefined, isMounted: undefined} route= {no: 21, meta: Proxy(Object), load: , component: Object}  ... > 
  at <TransitionGroup name="slide-left" id="slideshow" tag="div"  ... > 
  at <SlidesShow render-context="slide" > 
  at <SlideContainer style= {background: var(--slidev-slide-container-background, black)} is-main="" content-style= {filter: }  ... > 
  at <Play onVnodeUnmounted=fn<onVnodeUnmounted> ref=Ref< Proxy(Object) > > 
  at <RouterView> 
  at <App> @ http://localhost:3032/@fs/Users/wraithy/Development/Trask/ClaudeCodePresentation/node_modules/.pnpm/@vue+runtime-core@3.5.35/node_modules/@vue/runtime-core/dist/runtime-core.esm-bundler.js?v=1759ab92:40
[ 2556253ms] [WARNING] [Vue warn]: Failed to resolve component: AutoFit
If this is a native custom element, make sure to exclude it from component resolution via compilerOptions.isCustomElement. 
  at <Default frontmatter= {} > 
  at <Slides.mdslidev22> 
  at <AsyncComponentWrapper> 
  at <SlideWrapper key=22 clicks-context= {current: undefined, clicksStart: 0, relativeSizeMap: undefined, maxMap: undefined, isMounted: undefined} route= {no: 22, meta: Proxy(Object), load: , component: Object}  ... > 
  at <TransitionGroup name="slide-left" id="slideshow" tag="div"  ... > 
  at <SlidesShow render-context="slide" > 
  at <SlideContainer style= {background: var(--slidev-slide-container-background, black)} is-main="" content-style= {filter: }  ... > 
  at <Play onVnodeUnmounted=fn<onVnodeUnmounted> ref=Ref< Proxy(Object) > > 
  at <RouterView> 
  at <App> @ http://localhost:3032/@fs/Users/wraithy/Development/Trask/ClaudeCodePresentation/node_modules/.pnpm/@vue+runtime-core@3.5.35/node_modules/@vue/runtime-core/dist/runtime-core.esm-bundler.js?v=1759ab92:40
[ 2556253ms] [WARNING] [Vue warn]: Failed to resolve component: AutoFit
If this is a native custom element, make sure to exclude it from component resolution via compilerOptions.isCustomElement. 
  at <Default frontmatter= {} > 
  at <Slides.mdslidev17> 
  at <AsyncComponentWrapper> 
  at <SlideWrapper key=17 clicks-context= {current: undefined, clicksStart: 0, relativeSizeMap: undefined, maxMap: undefined, isMounted: undefined} route= {no: 17, meta: Proxy(Object), load: , component: Object}  ... > 
  at <TransitionGroup name="slide-left" id="slideshow" tag="div"  ... > 
  at <SlidesShow render-context="slide" > 
  at <SlideContainer style= {background: var(--slidev-slide-container-background, black)} is-main="" content-style= {filter: }  ... > 
  at <Play onVnodeUnmounted=fn<onVnodeUnmounted> ref=Ref< Proxy(Object) > > 
  at <RouterView> 
  at <App> @ http://localhost:3032/@fs/Users/wraithy/Development/Trask/ClaudeCodePresentation/node_modules/.pnpm/@vue+runtime-core@3.5.35/node_modules/@vue/runtime-core/dist/runtime-core.esm-bundler.js?v=1759ab92:40
[ 2556253ms] [WARNING] [Vue warn]: Failed to resolve component: AutoFit
If this is a native custom element, make sure to exclude it from component resolution via compilerOptions.isCustomElement. 
  at <Default frontmatter= {} > 
  at <Slides.mdslidev23> 
  at <AsyncComponentWrapper> 
  at <SlideWrapper key=23 clicks-context= {current: undefined, clicksStart: 0, relativeSizeMap: undefined, maxMap: undefined, isMounted: undefined} route= {no: 23, meta: Proxy(Object), load: , component: Object}  ... > 
  at <TransitionGroup name="slide-left" id="slideshow" tag="div"  ... > 
  at <SlidesShow render-context="slide" > 
  at <SlideContainer style= {background: var(--slidev-slide-container-background, black)} is-main="" content-style= {filter: }  ... > 
  at <Play onVnodeUnmounted=fn<onVnodeUnmounted> ref=Ref< Proxy(Object) > > 
  at <RouterView> 
  at <App> @ http://localhost:3032/@fs/Users/wraithy/Development/Trask/ClaudeCodePresentation/node_modules/.pnpm/@vue+runtime-core@3.5.35/node_modules/@vue/runtime-core/dist/runtime-core.esm-bundler.js?v=1759ab92:40
[ 2556253ms] [WARNING] [Vue warn]: Failed to resolve component: AutoFit
If this is a native custom element, make sure to exclude it from component resolution via compilerOptions.isCustomElement. 
  at <Default frontmatter= {} > 
  at <Slides.mdslidev25> 
  at <AsyncComponentWrapper> 
  at <SlideWrapper key=25 clicks-context= {current: undefined, clicksStart: 0, relativeSizeMap: undefined, maxMap: undefined, isMounted: undefined} route= {no: 25, meta: Proxy(Object), load: , component: Object}  ... > 
  at <TransitionGroup name="slide-left" id="slideshow" tag="div"  ... > 
  at <SlidesShow render-context="slide" > 
  at <SlideContainer style= {background: var(--slidev-slide-container-background, black)} is-main="" content-style= {filter: }  ... > 
  at <Play onVnodeUnmounted=fn<onVnodeUnmounted> ref=Ref< Proxy(Object) > > 
  at <RouterView> 
  at <App> @ http://localhost:3032/@fs/Users/wraithy/Development/Trask/ClaudeCodePresentation/node_modules/.pnpm/@vue+runtime-core@3.5.35/node_modules/@vue/runtime-core/dist/runtime-core.esm-bundler.js?v=1759ab92:40
[ 2556253ms] [WARNING] [Vue warn]: Failed to resolve component: AutoFit
If this is a native custom element, make sure to exclude it from component resolution via compilerOptions.isCustomElement. 
  at <Default frontmatter= {} > 
  at <Slides.mdslidev19> 
  at <AsyncComponentWrapper> 
  at <SlideWrapper key=19 clicks-context= {current: undefined, clicksStart: 0, relativeSizeMap: undefined, maxMap: undefined, isMounted: undefined} route= {no: 19, meta: Proxy(Object), load: , component: Object}  ... > 
  at <TransitionGroup name="slide-left" id="slideshow" tag="div"  ... > 
  at <SlidesShow render-context="slide" > 
  at <SlideContainer style= {background: var(--slidev-slide-container-background, black)} is-main="" content-style= {filter: }  ... > 
  at <Play onVnodeUnmounted=fn<onVnodeUnmounted> ref=Ref< Proxy(Object) > > 
  at <RouterView> 
  at <App> @ http://localhost:3032/@fs/Users/wraithy/Development/Trask/ClaudeCodePresentation/node_modules/.pnpm/@vue+runtime-core@3.5.35/node_modules/@vue/runtime-core/dist/runtime-core.esm-bundler.js?v=1759ab92:40
[ 2556253ms] [WARNING] [Vue warn]: Failed to resolve component: AutoFit
If this is a native custom element, make sure to exclude it from component resolution via compilerOptions.isCustomElement. 
  at <Default frontmatter= {} > 
  at <Slides.mdslidev26> 
  at <AsyncComponentWrapper> 
  at <SlideWrapper key=26 clicks-context= {current: undefined, clicksStart: 0, relativeSizeMap: undefined, maxMap: undefined, isMounted: undefined} route= {no: 26, meta: Proxy(Object), load: , component: Object}  ... > 
  at <TransitionGroup name="slide-left" id="slideshow" tag="div"  ... > 
  at <SlidesShow render-context="slide" > 
  at <SlideContainer style= {background: var(--slidev-slide-container-background, black)} is-main="" content-style= {filter: }  ... > 
  at <Play onVnodeUnmounted=fn<onVnodeUnmounted> ref=Ref< Proxy(Object) > > 
  at <RouterView> 
  at <App> @ http://localhost:3032/@fs/Users/wraithy/Development/Trask/ClaudeCodePresentation/node_modules/.pnpm/@vue+runtime-core@3.5.35/node_modules/@vue/runtime-core/dist/runtime-core.esm-bundler.js?v=1759ab92:40
[ 2556254ms] [WARNING] [Vue warn]: Failed to resolve component: AutoFit
If this is a native custom element, make sure to exclude it from component resolution via compilerOptions.isCustomElement. 
  at <Default frontmatter= {} > 
  at <Slides.mdslidev27> 
  at <AsyncComponentWrapper> 
  at <SlideWrapper key=27 clicks-context= {current: undefined, clicksStart: 0, relativeSizeMap: undefined, maxMap: undefined, isMounted: undefined} route= {no: 27, meta: Proxy(Object), load: , component: Object}  ... > 
  at <TransitionGroup name="slide-left" id="slideshow" tag="div"  ... > 
  at <SlidesShow render-context="slide" > 
  at <SlideContainer style= {background: var(--slidev-slide-container-background, black)} is-main="" content-style= {filter: }  ... > 
  at <Play onVnodeUnmounted=fn<onVnodeUnmounted> ref=Ref< Proxy(Object) > > 
  at <RouterView> 
  at <App> @ http://localhost:3032/@fs/Users/wraithy/Development/Trask/ClaudeCodePresentation/node_modules/.pnpm/@vue+runtime-core@3.5.35/node_modules/@vue/runtime-core/dist/runtime-core.esm-bundler.js?v=1759ab92:40
[ 2556254ms] [WARNING] [Vue warn]: Failed to resolve component: AutoFit
If this is a native custom element, make sure to exclude it from component resolution via compilerOptions.isCustomElement. 
  at <Default frontmatter= {} > 
  at <Slides.mdslidev32> 
  at <AsyncComponentWrapper> 
  at <SlideWrapper key=32 clicks-context= {current: undefined, clicksStart: 0, relativeSizeMap: undefined, maxMap: undefined, isMounted: undefined} route= {no: 32, meta: Proxy(Object), load: , component: Object}  ... > 
  at <TransitionGroup name="slide-left" id="slideshow" tag="div"  ... > 
  at <SlidesShow render-context="slide" > 
  at <SlideContainer style= {background: var(--slidev-slide-container-background, black)} is-main="" content-style= {filter: }  ... > 
  at <Play onVnodeUnmounted=fn<onVnodeUnmounted> ref=Ref< Proxy(Object) > > 
  at <RouterView> 
  at <App> @ http://localhost:3032/@fs/Users/wraithy/Development/Trask/ClaudeCodePresentation/node_modules/.pnpm/@vue+runtime-core@3.5.35/node_modules/@vue/runtime-core/dist/runtime-core.esm-bundler.js?v=1759ab92:40
[ 2556254ms] [WARNING] [Vue warn]: Failed to resolve component: AutoFit
If this is a native custom element, make sure to exclude it from component resolution via compilerOptions.isCustomElement. 
  at <Default frontmatter= {} > 
  at <Slides.mdslidev30> 
  at <AsyncComponentWrapper> 
  at <SlideWrapper key=30 clicks-context= {current: undefined, clicksStart: 0, relativeSizeMap: undefined, maxMap: undefined, isMounted: undefined} route= {no: 30, meta: Proxy(Object), load: , component: Object}  ... > 
  at <TransitionGroup name="slide-left" id="slideshow" tag="div"  ... > 
  at <SlidesShow render-context="slide" > 
  at <SlideContainer style= {background: var(--slidev-slide-container-background, black)} is-main="" content-style= {filter: }  ... > 
  at <Play onVnodeUnmounted=fn<onVnodeUnmounted> ref=Ref< Proxy(Object) > > 
  at <RouterView> 
  at <App> @ http://localhost:3032/@fs/Users/wraithy/Development/Trask/ClaudeCodePresentation/node_modules/.pnpm/@vue+runtime-core@3.5.35/node_modules/@vue/runtime-core/dist/runtime-core.esm-bundler.js?v=1759ab92:40
[ 2556254ms] [WARNING] [Vue warn]: Failed to resolve component: AutoFit
If this is a native custom element, make sure to exclude it from component resolution via compilerOptions.isCustomElement. 
  at <Default frontmatter= {} > 
  at <Slides.mdslidev29> 
  at <AsyncComponentWrapper> 
  at <SlideWrapper key=29 clicks-context= {current: undefined, clicksStart: 0, relativeSizeMap: undefined, maxMap: undefined, isMounted: undefined} route= {no: 29, meta: Proxy(Object), load: , component: Object}  ... > 
  at <TransitionGroup name="slide-left" id="slideshow" tag="div"  ... > 
  at <SlidesShow render-context="slide" > 
  at <SlideContainer style= {background: var(--slidev-slide-container-background, black)} is-main="" content-style= {filter: }  ... > 
  at <Play onVnodeUnmounted=fn<onVnodeUnmounted> ref=Ref< Proxy(Object) > > 
  at <RouterView> 
  at <App> @ http://localhost:3032/@fs/Users/wraithy/Development/Trask/ClaudeCodePresentation/node_modules/.pnpm/@vue+runtime-core@3.5.35/node_modules/@vue/runtime-core/dist/runtime-core.esm-bundler.js?v=1759ab92:40
[ 2556255ms] [WARNING] [Vue warn]: Failed to resolve component: AutoFit
If this is a native custom element, make sure to exclude it from component resolution via compilerOptions.isCustomElement. 
  at <Default frontmatter= {} > 
  at <Slides.mdslidev4> 
  at <AsyncComponentWrapper> 
  at <SlideWrapper key=4 clicks-context= {current: undefined, clicksStart: 0, relativeSizeMap: undefined, maxMap: undefined, isMounted: undefined} route= {no: 4, meta: Proxy(Object), load: , component: Object}  ... > 
  at <TransitionGroup name="slide-left" id="slideshow" tag="div"  ... > 
  at <SlidesShow render-context="slide" > 
  at <SlideContainer style= {background: var(--slidev-slide-container-background, black)} is-main="" content-style= {filter: }  ... > 
  at <Play onVnodeUnmounted=fn<onVnodeUnmounted> ref=Ref< Proxy(Object) > > 
  at <RouterView> 
  at <App> @ http://localhost:3032/@fs/Users/wraithy/Development/Trask/ClaudeCodePresentation/node_modules/.pnpm/@vue+runtime-core@3.5.35/node_modules/@vue/runtime-core/dist/runtime-core.esm-bundler.js?v=1759ab92:40
[ 2556616ms] [WARNING] [Vue warn]: Failed to resolve component: AutoFit
If this is a native custom element, make sure to exclude it from component resolution via compilerOptions.isCustomElement. 
  at <Default frontmatter= {} > 
  at <Slides.mdslidev2> 
  at <AsyncComponentWrapper> 
  at <SlideWrapper key=2 clicks-context= {current: undefined, clicksStart: 0, relativeSizeMap: undefined, maxMap: undefined, isMounted: undefined} route= {no: 2, meta: Proxy(Object), load: , component: Object}  ... > 
  at <TransitionGroup name="slide-right" id="slideshow" tag="div"  ... > 
  at <SlidesShow render-context="slide" > 
  at <SlideContainer style= {background: var(--slidev-slide-container-background, black)} is-main="" content-style= {filter: }  ... > 
  at <Play onVnodeUnmounted=fn<onVnodeUnmounted> ref=Ref< Proxy(Object) > > 
  at <RouterView> 
  at <App> @ http://localhost:3032/@fs/Users/wraithy/Development/Trask/ClaudeCodePresentation/node_modules/.pnpm/@vue+runtime-core@3.5.35/node_modules/@vue/runtime-core/dist/runtime-core.esm-bundler.js?v=1759ab92:40
[ 2556617ms] [WARNING] [Vue warn]: Failed to resolve component: AutoFit
If this is a native custom element, make sure to exclude it from component resolution via compilerOptions.isCustomElement. 
  at <Default frontmatter= {} > 
  at <Slides.mdslidev5> 
  at <AsyncComponentWrapper> 
  at <SlideWrapper key=5 clicks-context= {current: undefined, clicksStart: 0, relativeSizeMap: undefined, maxMap: undefined, isMounted: undefined} route= {no: 5, meta: Proxy(Object), load: , component: Object}  ... > 
  at <TransitionGroup name="slide-right" id="slideshow" tag="div"  ... > 
  at <SlidesShow render-context="slide" > 
  at <SlideContainer style= {background: var(--slidev-slide-container-background, black)} is-main="" content-style= {filter: }  ... > 
  at <Play onVnodeUnmounted=fn<onVnodeUnmounted> ref=Ref< Proxy(Object) > > 
  at <RouterView> 
  at <App> @ http://localhost:3032/@fs/Users/wraithy/Development/Trask/ClaudeCodePresentation/node_modules/.pnpm/@vue+runtime-core@3.5.35/node_modules/@vue/runtime-core/dist/runtime-core.esm-bundler.js?v=1759ab92:40
[ 2556617ms] [WARNING] [Vue warn]: Failed to resolve component: AutoFit
If this is a native custom element, make sure to exclude it from component resolution via compilerOptions.isCustomElement. 
  at <Default frontmatter= {} > 
  at <Slides.mdslidev6> 
  at <AsyncComponentWrapper> 
  at <SlideWrapper key=6 clicks-context= {current: undefined, clicksStart: 0, relativeSizeMap: undefined, maxMap: undefined, isMounted: undefined} route= {no: 6, meta: Proxy(Object), load: , component: Object}  ... > 
  at <TransitionGroup name="slide-right" id="slideshow" tag="div"  ... > 
  at <SlidesShow render-context="slide" > 
  at <SlideContainer style= {background: var(--slidev-slide-container-background, black)} is-main="" content-style= {filter: }  ... > 
  at <Play onVnodeUnmounted=fn<onVnodeUnmounted> ref=Ref< Proxy(Object) > > 
  at <RouterView> 
  at <App> @ http://localhost:3032/@fs/Users/wraithy/Development/Trask/ClaudeCodePresentation/node_modules/.pnpm/@vue+runtime-core@3.5.35/node_modules/@vue/runtime-core/dist/runtime-core.esm-bundler.js?v=1759ab92:40
[ 2556617ms] [WARNING] [Vue warn]: Failed to resolve component: AutoFit
If this is a native custom element, make sure to exclude it from component resolution via compilerOptions.isCustomElement. 
  at <Default frontmatter= {} > 
  at <Slides.mdslidev11> 
  at <AsyncComponentWrapper> 
  at <SlideWrapper key=11 clicks-context= {current: undefined, clicksStart: 0, relativeSizeMap: undefined, maxMap: undefined, isMounted: undefined} route= {no: 11, meta: Proxy(Object), load: , component: Object}  ... > 
  at <TransitionGroup name="slide-right" id="slideshow" tag="div"  ... > 
  at <SlidesShow render-context="slide" > 
  at <SlideContainer style= {background: var(--slidev-slide-container-background, black)} is-main="" content-style= {filter: }  ... > 
  at <Play onVnodeUnmounted=fn<onVnodeUnmounted> ref=Ref< Proxy(Object) > > 
  at <RouterView> 
  at <App> @ http://localhost:3032/@fs/Users/wraithy/Development/Trask/ClaudeCodePresentation/node_modules/.pnpm/@vue+runtime-core@3.5.35/node_modules/@vue/runtime-core/dist/runtime-core.esm-bundler.js?v=1759ab92:40
[ 2556617ms] [WARNING] [Vue warn]: Failed to resolve component: AutoFit
If this is a native custom element, make sure to exclude it from component resolution via compilerOptions.isCustomElement. 
  at <Default frontmatter= {} > 
  at <Slides.mdslidev7> 
  at <AsyncComponentWrapper> 
  at <SlideWrapper key=7 clicks-context= {current: undefined, clicksStart: 0, relativeSizeMap: undefined, maxMap: undefined, isMounted: undefined} route= {no: 7, meta: Proxy(Object), load: , component: Object}  ... > 
  at <TransitionGroup name="slide-right" id="slideshow" tag="div"  ... > 
  at <SlidesShow render-context="slide" > 
  at <SlideContainer style= {background: var(--slidev-slide-container-background, black)} is-main="" content-style= {filter: }  ... > 
  at <Play onVnodeUnmounted=fn<onVnodeUnmounted> ref=Ref< Proxy(Object) > > 
  at <RouterView> 
  at <App> @ http://localhost:3032/@fs/Users/wraithy/Development/Trask/ClaudeCodePresentation/node_modules/.pnpm/@vue+runtime-core@3.5.35/node_modules/@vue/runtime-core/dist/runtime-core.esm-bundler.js?v=1759ab92:40
[ 2556618ms] [WARNING] [Vue warn]: Failed to resolve component: AutoFit
If this is a native custom element, make sure to exclude it from component resolution via compilerOptions.isCustomElement. 
  at <Default frontmatter= {} > 
  at <Slides.mdslidev9> 
  at <AsyncComponentWrapper> 
  at <SlideWrapper key=9 clicks-context= {current: undefined, clicksStart: 0, relativeSizeMap: undefined, maxMap: undefined, isMounted: undefined} route= {no: 9, meta: Proxy(Object), load: , component: Object}  ... > 
  at <TransitionGroup name="slide-right" id="slideshow" tag="div"  ... > 
  at <SlidesShow render-context="slide" > 
  at <SlideContainer style= {background: var(--slidev-slide-container-background, black)} is-main="" content-style= {filter: }  ... > 
  at <Play onVnodeUnmounted=fn<onVnodeUnmounted> ref=Ref< Proxy(Object) > > 
  at <RouterView> 
  at <App> @ http://localhost:3032/@fs/Users/wraithy/Development/Trask/ClaudeCodePresentation/node_modules/.pnpm/@vue+runtime-core@3.5.35/node_modules/@vue/runtime-core/dist/runtime-core.esm-bundler.js?v=1759ab92:40
[ 2556618ms] [WARNING] [Vue warn]: Failed to resolve component: AutoFit
If this is a native custom element, make sure to exclude it from component resolution via compilerOptions.isCustomElement. 
  at <Default frontmatter= {} > 
  at <Slides.mdslidev10> 
  at <AsyncComponentWrapper> 
  at <SlideWrapper key=10 clicks-context= {current: undefined, clicksStart: 0, relativeSizeMap: undefined, maxMap: undefined, isMounted: undefined} route= {no: 10, meta: Proxy(Object), load: , component: Object}  ... > 
  at <TransitionGroup name="slide-right" id="slideshow" tag="div"  ... > 
  at <SlidesShow render-context="slide" > 
  at <SlideContainer style= {background: var(--slidev-slide-container-background, black)} is-main="" content-style= {filter: }  ... > 
  at <Play onVnodeUnmounted=fn<onVnodeUnmounted> ref=Ref< Proxy(Object) > > 
  at <RouterView> 
  at <App> @ http://localhost:3032/@fs/Users/wraithy/Development/Trask/ClaudeCodePresentation/node_modules/.pnpm/@vue+runtime-core@3.5.35/node_modules/@vue/runtime-core/dist/runtime-core.esm-bundler.js?v=1759ab92:40
[ 2556618ms] [WARNING] [Vue warn]: Failed to resolve component: AutoFit
If this is a native custom element, make sure to exclude it from component resolution via compilerOptions.isCustomElement. 
  at <Default frontmatter= {} > 
  at <Slides.mdslidev16> 
  at <AsyncComponentWrapper> 
  at <SlideWrapper key=16 clicks-context= {current: undefined, clicksStart: 0, relativeSizeMap: undefined, maxMap: undefined, isMounted: undefined} route= {no: 16, meta: Proxy(Object), load: , component: Object}  ... > 
  at <TransitionGroup name="slide-right" id="slideshow" tag="div"  ... > 
  at <SlidesShow render-context="slide" > 
  at <SlideContainer style= {background: var(--slidev-slide-container-background, black)} is-main="" content-style= {filter: }  ... > 
  at <Play onVnodeUnmounted=fn<onVnodeUnmounted> ref=Ref< Proxy(Object) > > 
  at <RouterView> 
  at <App> @ http://localhost:3032/@fs/Users/wraithy/Development/Trask/ClaudeCodePresentation/node_modules/.pnpm/@vue+runtime-core@3.5.35/node_modules/@vue/runtime-core/dist/runtime-core.esm-bundler.js?v=1759ab92:40
[ 2556618ms] [WARNING] [Vue warn]: Failed to resolve component: AutoFit
If this is a native custom element, make sure to exclude it from component resolution via compilerOptions.isCustomElement. 
  at <Default frontmatter= {} > 
  at <Slides.mdslidev15> 
  at <AsyncComponentWrapper> 
  at <SlideWrapper key=15 clicks-context= {current: undefined, clicksStart: 0, relativeSizeMap: undefined, maxMap: undefined, isMounted: undefined} route= {no: 15, meta: Proxy(Object), load: , component: Object}  ... > 
  at <TransitionGroup name="slide-right" id="slideshow" tag="div"  ... > 
  at <SlidesShow render-context="slide" > 
  at <SlideContainer style= {background: var(--slidev-slide-container-background, black)} is-main="" content-style= {filter: }  ... > 
  at <Play onVnodeUnmounted=fn<onVnodeUnmounted> ref=Ref< Proxy(Object) > > 
  at <RouterView> 
  at <App> @ http://localhost:3032/@fs/Users/wraithy/Development/Trask/ClaudeCodePresentation/node_modules/.pnpm/@vue+runtime-core@3.5.35/node_modules/@vue/runtime-core/dist/runtime-core.esm-bundler.js?v=1759ab92:40
[ 2556619ms] [WARNING] [Vue warn]: Failed to resolve component: AutoFit
If this is a native custom element, make sure to exclude it from component resolution via compilerOptions.isCustomElement. 
  at <Default frontmatter= {} > 
  at <Slides.mdslidev12> 
  at <AsyncComponentWrapper> 
  at <SlideWrapper key=12 clicks-context= {current: undefined, clicksStart: 0, relativeSizeMap: undefined, maxMap: undefined, isMounted: undefined} route= {no: 12, meta: Proxy(Object), load: , component: Object}  ... > 
  at <TransitionGroup name="slide-right" id="slideshow" tag="div"  ... > 
  at <SlidesShow render-context="slide" > 
  at <SlideContainer style= {background: var(--slidev-slide-container-background, black)} is-main="" content-style= {filter: }  ... > 
  at <Play onVnodeUnmounted=fn<onVnodeUnmounted> ref=Ref< Proxy(Object) > > 
  at <RouterView> 
  at <App> @ http://localhost:3032/@fs/Users/wraithy/Development/Trask/ClaudeCodePresentation/node_modules/.pnpm/@vue+runtime-core@3.5.35/node_modules/@vue/runtime-core/dist/runtime-core.esm-bundler.js?v=1759ab92:40
[ 2556619ms] [WARNING] [Vue warn]: Failed to resolve component: AutoFit
If this is a native custom element, make sure to exclude it from component resolution via compilerOptions.isCustomElement. 
  at <Default frontmatter= {} > 
  at <Slides.mdslidev13> 
  at <AsyncComponentWrapper> 
  at <SlideWrapper key=13 clicks-context= {current: undefined, clicksStart: 0, relativeSizeMap: undefined, maxMap: undefined, isMounted: undefined} route= {no: 13, meta: Proxy(Object), load: , component: Object}  ... > 
  at <TransitionGroup name="slide-right" id="slideshow" tag="div"  ... > 
  at <SlidesShow render-context="slide" > 
  at <SlideContainer style= {background: var(--slidev-slide-container-background, black)} is-main="" content-style= {filter: }  ... > 
  at <Play onVnodeUnmounted=fn<onVnodeUnmounted> ref=Ref< Proxy(Object) > > 
  at <RouterView> 
  at <App> @ http://localhost:3032/@fs/Users/wraithy/Development/Trask/ClaudeCodePresentation/node_modules/.pnpm/@vue+runtime-core@3.5.35/node_modules/@vue/runtime-core/dist/runtime-core.esm-bundler.js?v=1759ab92:40
[ 2556619ms] [WARNING] [Vue warn]: Failed to resolve component: AutoFit
If this is a native custom element, make sure to exclude it from component resolution via compilerOptions.isCustomElement. 
  at <Default frontmatter= {} > 
  at <Slides.mdslidev20> 
  at <AsyncComponentWrapper> 
  at <SlideWrapper key=20 clicks-context= {current: undefined, clicksStart: 0, relativeSizeMap: undefined, maxMap: undefined, isMounted: undefined} route= {no: 20, meta: Proxy(Object), load: , component: Object}  ... > 
  at <TransitionGroup name="slide-right" id="slideshow" tag="div"  ... > 
  at <SlidesShow render-context="slide" > 
  at <SlideContainer style= {background: var(--slidev-slide-container-background, black)} is-main="" content-style= {filter: }  ... > 
  at <Play onVnodeUnmounted=fn<onVnodeUnmounted> ref=Ref< Proxy(Object) > > 
  at <RouterView> 
  at <App> @ http://localhost:3032/@fs/Users/wraithy/Development/Trask/ClaudeCodePresentation/node_modules/.pnpm/@vue+runtime-core@3.5.35/node_modules/@vue/runtime-core/dist/runtime-core.esm-bundler.js?v=1759ab92:40
[ 2556619ms] [WARNING] [Vue warn]: Failed to resolve component: AutoFit
If this is a native custom element, make sure to exclude it from component resolution via compilerOptions.isCustomElement. 
  at <Default frontmatter= {} > 
  at <Slides.mdslidev21> 
  at <AsyncComponentWrapper> 
  at <SlideWrapper key=21 clicks-context= {current: undefined, clicksStart: 0, relativeSizeMap: undefined, maxMap: undefined, isMounted: undefined} route= {no: 21, meta: Proxy(Object), load: , component: Object}  ... > 
  at <TransitionGroup name="slide-right" id="slideshow" tag="div"  ... > 
  at <SlidesShow render-context="slide" > 
  at <SlideContainer style= {background: var(--slidev-slide-container-background, black)} is-main="" content-style= {filter: }  ... > 
  at <Play onVnodeUnmounted=fn<onVnodeUnmounted> ref=Ref< Proxy(Object) > > 
  at <RouterView> 
  at <App> @ http://localhost:3032/@fs/Users/wraithy/Development/Trask/ClaudeCodePresentation/node_modules/.pnpm/@vue+runtime-core@3.5.35/node_modules/@vue/runtime-core/dist/runtime-core.esm-bundler.js?v=1759ab92:40
[ 2556619ms] [WARNING] [Vue warn]: Failed to resolve component: AutoFit
If this is a native custom element, make sure to exclude it from component resolution via compilerOptions.isCustomElement. 
  at <Default frontmatter= {} > 
  at <Slides.mdslidev22> 
  at <AsyncComponentWrapper> 
  at <SlideWrapper key=22 clicks-context= {current: undefined, clicksStart: 0, relativeSizeMap: undefined, maxMap: undefined, isMounted: undefined} route= {no: 22, meta: Proxy(Object), load: , component: Object}  ... > 
  at <TransitionGroup name="slide-right" id="slideshow" tag="div"  ... > 
  at <SlidesShow render-context="slide" > 
  at <SlideContainer style= {background: var(--slidev-slide-container-background, black)} is-main="" content-style= {filter: }  ... > 
  at <Play onVnodeUnmounted=fn<onVnodeUnmounted> ref=Ref< Proxy(Object) > > 
  at <RouterView> 
  at <App> @ http://localhost:3032/@fs/Users/wraithy/Development/Trask/ClaudeCodePresentation/node_modules/.pnpm/@vue+runtime-core@3.5.35/node_modules/@vue/runtime-core/dist/runtime-core.esm-bundler.js?v=1759ab92:40
[ 2556620ms] [WARNING] [Vue warn]: Failed to resolve component: AutoFit
If this is a native custom element, make sure to exclude it from component resolution via compilerOptions.isCustomElement. 
  at <Default frontmatter= {} > 
  at <Slides.mdslidev17> 
  at <AsyncComponentWrapper> 
  at <SlideWrapper key=17 clicks-context= {current: undefined, clicksStart: 0, relativeSizeMap: undefined, maxMap: undefined, isMounted: undefined} route= {no: 17, meta: Proxy(Object), load: , component: Object}  ... > 
  at <TransitionGroup name="slide-right" id="slideshow" tag="div"  ... > 
  at <SlidesShow render-context="slide" > 
  at <SlideContainer style= {background: var(--slidev-slide-container-background, black)} is-main="" content-style= {filter: }  ... > 
  at <Play onVnodeUnmounted=fn<onVnodeUnmounted> ref=Ref< Proxy(Object) > > 
  at <RouterView> 
  at <App> @ http://localhost:3032/@fs/Users/wraithy/Development/Trask/ClaudeCodePresentation/node_modules/.pnpm/@vue+runtime-core@3.5.35/node_modules/@vue/runtime-core/dist/runtime-core.esm-bundler.js?v=1759ab92:40
[ 2556620ms] [WARNING] [Vue warn]: Failed to resolve component: AutoFit
If this is a native custom element, make sure to exclude it from component resolution via compilerOptions.isCustomElement. 
  at <Default frontmatter= {} > 
  at <Slides.mdslidev23> 
  at <AsyncComponentWrapper> 
  at <SlideWrapper key=23 clicks-context= {current: undefined, clicksStart: 0, relativeSizeMap: undefined, maxMap: undefined, isMounted: undefined} route= {no: 23, meta: Proxy(Object), load: , component: Object}  ... > 
  at <TransitionGroup name="slide-right" id="slideshow" tag="div"  ... > 
  at <SlidesShow render-context="slide" > 
  at <SlideContainer style= {background: var(--slidev-slide-container-background, black)} is-main="" content-style= {filter: }  ... > 
  at <Play onVnodeUnmounted=fn<onVnodeUnmounted> ref=Ref< Proxy(Object) > > 
  at <RouterView> 
  at <App> @ http://localhost:3032/@fs/Users/wraithy/Development/Trask/ClaudeCodePresentation/node_modules/.pnpm/@vue+runtime-core@3.5.35/node_modules/@vue/runtime-core/dist/runtime-core.esm-bundler.js?v=1759ab92:40
[ 2556620ms] [WARNING] [Vue warn]: Failed to resolve component: AutoFit
If this is a native custom element, make sure to exclude it from component resolution via compilerOptions.isCustomElement. 
  at <Default frontmatter= {} > 
  at <Slides.mdslidev25> 
  at <AsyncComponentWrapper> 
  at <SlideWrapper key=25 clicks-context= {current: undefined, clicksStart: 0, relativeSizeMap: undefined, maxMap: undefined, isMounted: undefined} route= {no: 25, meta: Proxy(Object), load: , component: Object}  ... > 
  at <TransitionGroup name="slide-right" id="slideshow" tag="div"  ... > 
  at <SlidesShow render-context="slide" > 
  at <SlideContainer style= {background: var(--slidev-slide-container-background, black)} is-main="" content-style= {filter: }  ... > 
  at <Play onVnodeUnmounted=fn<onVnodeUnmounted> ref=Ref< Proxy(Object) > > 
  at <RouterView> 
  at <App> @ http://localhost:3032/@fs/Users/wraithy/Development/Trask/ClaudeCodePresentation/node_modules/.pnpm/@vue+runtime-core@3.5.35/node_modules/@vue/runtime-core/dist/runtime-core.esm-bundler.js?v=1759ab92:40
[ 2556620ms] [WARNING] [Vue warn]: Failed to resolve component: AutoFit
If this is a native custom element, make sure to exclude it from component resolution via compilerOptions.isCustomElement. 
  at <Default frontmatter= {} > 
  at <Slides.mdslidev19> 
  at <AsyncComponentWrapper> 
  at <SlideWrapper key=19 clicks-context= {current: undefined, clicksStart: 0, relativeSizeMap: undefined, maxMap: undefined, isMounted: undefined} route= {no: 19, meta: Proxy(Object), load: , component: Object}  ... > 
  at <TransitionGroup name="slide-right" id="slideshow" tag="div"  ... > 
  at <SlidesShow render-context="slide" > 
  at <SlideContainer style= {background: var(--slidev-slide-container-background, black)} is-main="" content-style= {filter: }  ... > 
  at <Play onVnodeUnmounted=fn<onVnodeUnmounted> ref=Ref< Proxy(Object) > > 
  at <RouterView> 
  at <App> @ http://localhost:3032/@fs/Users/wraithy/Development/Trask/ClaudeCodePresentation/node_modules/.pnpm/@vue+runtime-core@3.5.35/node_modules/@vue/runtime-core/dist/runtime-core.esm-bundler.js?v=1759ab92:40
[ 2556620ms] [WARNING] [Vue warn]: Failed to resolve component: AutoFit
If this is a native custom element, make sure to exclude it from component resolution via compilerOptions.isCustomElement. 
  at <Default frontmatter= {} > 
  at <Slides.mdslidev26> 
  at <AsyncComponentWrapper> 
  at <SlideWrapper key=26 clicks-context= {current: undefined, clicksStart: 0, relativeSizeMap: undefined, maxMap: undefined, isMounted: undefined} route= {no: 26, meta: Proxy(Object), load: , component: Object}  ... > 
  at <TransitionGroup name="slide-right" id="slideshow" tag="div"  ... > 
  at <SlidesShow render-context="slide" > 
  at <SlideContainer style= {background: var(--slidev-slide-container-background, black)} is-main="" content-style= {filter: }  ... > 
  at <Play onVnodeUnmounted=fn<onVnodeUnmounted> ref=Ref< Proxy(Object) > > 
  at <RouterView> 
  at <App> @ http://localhost:3032/@fs/Users/wraithy/Development/Trask/ClaudeCodePresentation/node_modules/.pnpm/@vue+runtime-core@3.5.35/node_modules/@vue/runtime-core/dist/runtime-core.esm-bundler.js?v=1759ab92:40
[ 2556621ms] [WARNING] [Vue warn]: Failed to resolve component: AutoFit
If this is a native custom element, make sure to exclude it from component resolution via compilerOptions.isCustomElement. 
  at <Default frontmatter= {} > 
  at <Slides.mdslidev27> 
  at <AsyncComponentWrapper> 
  at <SlideWrapper key=27 clicks-context= {current: undefined, clicksStart: 0, relativeSizeMap: undefined, maxMap: undefined, isMounted: undefined} route= {no: 27, meta: Proxy(Object), load: , component: Object}  ... > 
  at <TransitionGroup name="slide-right" id="slideshow" tag="div"  ... > 
  at <SlidesShow render-context="slide" > 
  at <SlideContainer style= {background: var(--slidev-slide-container-background, black)} is-main="" content-style= {filter: }  ... > 
  at <Play onVnodeUnmounted=fn<onVnodeUnmounted> ref=Ref< Proxy(Object) > > 
  at <RouterView> 
  at <App> @ http://localhost:3032/@fs/Users/wraithy/Development/Trask/ClaudeCodePresentation/node_modules/.pnpm/@vue+runtime-core@3.5.35/node_modules/@vue/runtime-core/dist/runtime-core.esm-bundler.js?v=1759ab92:40
[ 2556622ms] [WARNING] [Vue warn]: Failed to resolve component: AutoFit
If this is a native custom element, make sure to exclude it from component resolution via compilerOptions.isCustomElement. 
  at <Default frontmatter= {} > 
  at <Slides.mdslidev32> 
  at <AsyncComponentWrapper> 
  at <SlideWrapper key=32 clicks-context= {current: undefined, clicksStart: 0, relativeSizeMap: undefined, maxMap: undefined, isMounted: undefined} route= {no: 32, meta: Proxy(Object), load: , component: Object}  ... > 
  at <TransitionGroup name="slide-right" id="slideshow" tag="div"  ... > 
  at <SlidesShow render-context="slide" > 
  at <SlideContainer style= {background: var(--slidev-slide-container-background, black)} is-main="" content-style= {filter: }  ... > 
  at <Play onVnodeUnmounted=fn<onVnodeUnmounted> ref=Ref< Proxy(Object) > > 
  at <RouterView> 
  at <App> @ http://localhost:3032/@fs/Users/wraithy/Development/Trask/ClaudeCodePresentation/node_modules/.pnpm/@vue+runtime-core@3.5.35/node_modules/@vue/runtime-core/dist/runtime-core.esm-bundler.js?v=1759ab92:40
[ 2556623ms] [WARNING] [Vue warn]: Failed to resolve component: AutoFit
If this is a native custom element, make sure to exclude it from component resolution via compilerOptions.isCustomElement. 
  at <Default frontmatter= {} > 
  at <Slides.mdslidev30> 
  at <AsyncComponentWrapper> 
  at <SlideWrapper key=30 clicks-context= {current: undefined, clicksStart: 0, relativeSizeMap: undefined, maxMap: undefined, isMounted: undefined} route= {no: 30, meta: Proxy(Object), load: , component: Object}  ... > 
  at <TransitionGroup name="slide-right" id="slideshow" tag="div"  ... > 
  at <SlidesShow render-context="slide" > 
  at <SlideContainer style= {background: var(--slidev-slide-container-background, black)} is-main="" content-style= {filter: }  ... > 
  at <Play onVnodeUnmounted=fn<onVnodeUnmounted> ref=Ref< Proxy(Object) > > 
  at <RouterView> 
  at <App> @ http://localhost:3032/@fs/Users/wraithy/Development/Trask/ClaudeCodePresentation/node_modules/.pnpm/@vue+runtime-core@3.5.35/node_modules/@vue/runtime-core/dist/runtime-core.esm-bundler.js?v=1759ab92:40
[ 2556623ms] [WARNING] [Vue warn]: Failed to resolve component: AutoFit
If this is a native custom element, make sure to exclude it from component resolution via compilerOptions.isCustomElement. 
  at <Default frontmatter= {} > 
  at <Slides.mdslidev29> 
  at <AsyncComponentWrapper> 
  at <SlideWrapper key=29 clicks-context= {current: undefined, clicksStart: 0, relativeSizeMap: undefined, maxMap: undefined, isMounted: undefined} route= {no: 29, meta: Proxy(Object), load: , component: Object}  ... > 
  at <TransitionGroup name="slide-right" id="slideshow" tag="div"  ... > 
  at <SlidesShow render-context="slide" > 
  at <SlideContainer style= {background: var(--slidev-slide-container-background, black)} is-main="" content-style= {filter: }  ... > 
  at <Play onVnodeUnmounted=fn<onVnodeUnmounted> ref=Ref< Proxy(Object) > > 
  at <RouterView> 
  at <App> @ http://localhost:3032/@fs/Users/wraithy/Development/Trask/ClaudeCodePresentation/node_modules/.pnpm/@vue+runtime-core@3.5.35/node_modules/@vue/runtime-core/dist/runtime-core.esm-bundler.js?v=1759ab92:40
[ 2556624ms] [WARNING] [Vue warn]: Failed to resolve component: AutoFit
If this is a native custom element, make sure to exclude it from component resolution via compilerOptions.isCustomElement. 
  at <Default frontmatter= {} > 
  at <Slides.mdslidev4> 
  at <AsyncComponentWrapper> 
  at <SlideWrapper key=4 clicks-context= {current: undefined, clicksStart: 0, relativeSizeMap: undefined, maxMap: undefined, isMounted: undefined} route= {no: 4, meta: Proxy(Object), load: , component: Object}  ... > 
  at <TransitionGroup name="slide-right" id="slideshow" tag="div"  ... > 
  at <SlidesShow render-context="slide" > 
  at <SlideContainer style= {background: var(--slidev-slide-container-background, black)} is-main="" content-style= {filter: }  ... > 
  at <Play onVnodeUnmounted=fn<onVnodeUnmounted> ref=Ref< Proxy(Object) > > 
  at <RouterView> 
  at <App> @ http://localhost:3032/@fs/Users/wraithy/Development/Trask/ClaudeCodePresentation/node_modules/.pnpm/@vue+runtime-core@3.5.35/node_modules/@vue/runtime-core/dist/runtime-core.esm-bundler.js?v=1759ab92:40
[ 2557878ms] [WARNING] [Vue warn]: Failed to resolve component: AutoFit
If this is a native custom element, make sure to exclude it from component resolution via compilerOptions.isCustomElement. 
  at <Default frontmatter= {} > 
  at <Slides.mdslidev2> 
  at <AsyncComponentWrapper> 
  at <SlideWrapper key=2 clicks-context= {current: undefined, clicksStart: 0, relativeSizeMap: undefined, maxMap: undefined, isMounted: undefined} route= {no: 2, meta: Proxy(Object), load: , component: Object}  ... > 
  at <TransitionGroup name="slide-right" id="slideshow" tag="div"  ... > 
  at <SlidesShow render-context="slide" > 
  at <SlideContainer style= {background: var(--slidev-slide-container-background, black)} is-main="" content-style= {filter: }  ... > 
  at <Play onVnodeUnmounted=fn<onVnodeUnmounted> ref=Ref< Proxy(Object) > > 
  at <RouterView> 
  at <App> @ http://localhost:3032/@fs/Users/wraithy/Development/Trask/ClaudeCodePresentation/node_modules/.pnpm/@vue+runtime-core@3.5.35/node_modules/@vue/runtime-core/dist/runtime-core.esm-bundler.js?v=1759ab92:40
[ 2557878ms] [WARNING] [Vue warn]: Failed to resolve component: AutoFit
If this is a native custom element, make sure to exclude it from component resolution via compilerOptions.isCustomElement. 
  at <Default frontmatter= {} > 
  at <Slides.mdslidev5> 
  at <AsyncComponentWrapper> 
  at <SlideWrapper key=5 clicks-context= {current: undefined, clicksStart: 0, relativeSizeMap: undefined, maxMap: undefined, isMounted: undefined} route= {no: 5, meta: Proxy(Object), load: , component: Object}  ... > 
  at <TransitionGroup name="slide-right" id="slideshow" tag="div"  ... > 
  at <SlidesShow render-context="slide" > 
  at <SlideContainer style= {background: var(--slidev-slide-container-background, black)} is-main="" content-style= {filter: }  ... > 
  at <Play onVnodeUnmounted=fn<onVnodeUnmounted> ref=Ref< Proxy(Object) > > 
  at <RouterView> 
  at <App> @ http://localhost:3032/@fs/Users/wraithy/Development/Trask/ClaudeCodePresentation/node_modules/.pnpm/@vue+runtime-core@3.5.35/node_modules/@vue/runtime-core/dist/runtime-core.esm-bundler.js?v=1759ab92:40
[ 2557878ms] [WARNING] [Vue warn]: Failed to resolve component: AutoFit
If this is a native custom element, make sure to exclude it from component resolution via compilerOptions.isCustomElement. 
  at <Default frontmatter= {} > 
  at <Slides.mdslidev6> 
  at <AsyncComponentWrapper> 
  at <SlideWrapper key=6 clicks-context= {current: undefined, clicksStart: 0, relativeSizeMap: undefined, maxMap: undefined, isMounted: undefined} route= {no: 6, meta: Proxy(Object), load: , component: Object}  ... > 
  at <TransitionGroup name="slide-right" id="slideshow" tag="div"  ... > 
  at <SlidesShow render-context="slide" > 
  at <SlideContainer style= {background: var(--slidev-slide-container-background, black)} is-main="" content-style= {filter: }  ... > 
  at <Play onVnodeUnmounted=fn<onVnodeUnmounted> ref=Ref< Proxy(Object) > > 
  at <RouterView> 
  at <App> @ http://localhost:3032/@fs/Users/wraithy/Development/Trask/ClaudeCodePresentation/node_modules/.pnpm/@vue+runtime-core@3.5.35/node_modules/@vue/runtime-core/dist/runtime-core.esm-bundler.js?v=1759ab92:40
[ 2557879ms] [WARNING] [Vue warn]: Failed to resolve component: AutoFit
If this is a native custom element, make sure to exclude it from component resolution via compilerOptions.isCustomElement. 
  at <Default frontmatter= {} > 
  at <Slides.mdslidev11> 
  at <AsyncComponentWrapper> 
  at <SlideWrapper key=11 clicks-context= {current: undefined, clicksStart: 0, relativeSizeMap: undefined, maxMap: undefined, isMounted: undefined} route= {no: 11, meta: Proxy(Object), load: , component: Object}  ... > 
  at <TransitionGroup name="slide-right" id="slideshow" tag="div"  ... > 
  at <SlidesShow render-context="slide" > 
  at <SlideContainer style= {background: var(--slidev-slide-container-background, black)} is-main="" content-style= {filter: }  ... > 
  at <Play onVnodeUnmounted=fn<onVnodeUnmounted> ref=Ref< Proxy(Object) > > 
  at <RouterView> 
  at <App> @ http://localhost:3032/@fs/Users/wraithy/Development/Trask/ClaudeCodePresentation/node_modules/.pnpm/@vue+runtime-core@3.5.35/node_modules/@vue/runtime-core/dist/runtime-core.esm-bundler.js?v=1759ab92:40
[ 2557879ms] [WARNING] [Vue warn]: Failed to resolve component: AutoFit
If this is a native custom element, make sure to exclude it from component resolution via compilerOptions.isCustomElement. 
  at <Default frontmatter= {} > 
  at <Slides.mdslidev7> 
  at <AsyncComponentWrapper> 
  at <SlideWrapper key=7 clicks-context= {current: undefined, clicksStart: 0, relativeSizeMap: undefined, maxMap: undefined, isMounted: undefined} route= {no: 7, meta: Proxy(Object), load: , component: Object}  ... > 
  at <TransitionGroup name="slide-right" id="slideshow" tag="div"  ... > 
  at <SlidesShow render-context="slide" > 
  at <SlideContainer style= {background: var(--slidev-slide-container-background, black)} is-main="" content-style= {filter: }  ... > 
  at <Play onVnodeUnmounted=fn<onVnodeUnmounted> ref=Ref< Proxy(Object) > > 
  at <RouterView> 
  at <App> @ http://localhost:3032/@fs/Users/wraithy/Development/Trask/ClaudeCodePresentation/node_modules/.pnpm/@vue+runtime-core@3.5.35/node_modules/@vue/runtime-core/dist/runtime-core.esm-bundler.js?v=1759ab92:40
[ 2557879ms] [WARNING] [Vue warn]: Failed to resolve component: AutoFit
If this is a native custom element, make sure to exclude it from component resolution via compilerOptions.isCustomElement. 
  at <Default frontmatter= {} > 
  at <Slides.mdslidev9> 
  at <AsyncComponentWrapper> 
  at <SlideWrapper key=9 clicks-context= {current: undefined, clicksStart: 0, relativeSizeMap: undefined, maxMap: undefined, isMounted: undefined} route= {no: 9, meta: Proxy(Object), load: , component: Object}  ... > 
  at <TransitionGroup name="slide-right" id="slideshow" tag="div"  ... > 
  at <SlidesShow render-context="slide" > 
  at <SlideContainer style= {background: var(--slidev-slide-container-background, black)} is-main="" content-style= {filter: }  ... > 
  at <Play onVnodeUnmounted=fn<onVnodeUnmounted> ref=Ref< Proxy(Object) > > 
  at <RouterView> 
  at <App> @ http://localhost:3032/@fs/Users/wraithy/Development/Trask/ClaudeCodePresentation/node_modules/.pnpm/@vue+runtime-core@3.5.35/node_modules/@vue/runtime-core/dist/runtime-core.esm-bundler.js?v=1759ab92:40
[ 2557879ms] [WARNING] [Vue warn]: Failed to resolve component: AutoFit
If this is a native custom element, make sure to exclude it from component resolution via compilerOptions.isCustomElement. 
  at <Default frontmatter= {} > 
  at <Slides.mdslidev10> 
  at <AsyncComponentWrapper> 
  at <SlideWrapper key=10 clicks-context= {current: undefined, clicksStart: 0, relativeSizeMap: undefined, maxMap: undefined, isMounted: undefined} route= {no: 10, meta: Proxy(Object), load: , component: Object}  ... > 
  at <TransitionGroup name="slide-right" id="slideshow" tag="div"  ... > 
  at <SlidesShow render-context="slide" > 
  at <SlideContainer style= {background: var(--slidev-slide-container-background, black)} is-main="" content-style= {filter: }  ... > 
  at <Play onVnodeUnmounted=fn<onVnodeUnmounted> ref=Ref< Proxy(Object) > > 
  at <RouterView> 
  at <App> @ http://localhost:3032/@fs/Users/wraithy/Development/Trask/ClaudeCodePresentation/node_modules/.pnpm/@vue+runtime-core@3.5.35/node_modules/@vue/runtime-core/dist/runtime-core.esm-bundler.js?v=1759ab92:40
[ 2557879ms] [WARNING] [Vue warn]: Failed to resolve component: AutoFit
If this is a native custom element, make sure to exclude it from component resolution via compilerOptions.isCustomElement. 
  at <Default frontmatter= {} > 
  at <Slides.mdslidev16> 
  at <AsyncComponentWrapper> 
  at <SlideWrapper key=16 clicks-context= {current: undefined, clicksStart: 0, relativeSizeMap: undefined, maxMap: undefined, isMounted: undefined} route= {no: 16, meta: Proxy(Object), load: , component: Object}  ... > 
  at <TransitionGroup name="slide-right" id="slideshow" tag="div"  ... > 
  at <SlidesShow render-context="slide" > 
  at <SlideContainer style= {background: var(--slidev-slide-container-background, black)} is-main="" content-style= {filter: }  ... > 
  at <Play onVnodeUnmounted=fn<onVnodeUnmounted> ref=Ref< Proxy(Object) > > 
  at <RouterView> 
  at <App> @ http://localhost:3032/@fs/Users/wraithy/Development/Trask/ClaudeCodePresentation/node_modules/.pnpm/@vue+runtime-core@3.5.35/node_modules/@vue/runtime-core/dist/runtime-core.esm-bundler.js?v=1759ab92:40
[ 2557879ms] [WARNING] [Vue warn]: Failed to resolve component: AutoFit
If this is a native custom element, make sure to exclude it from component resolution via compilerOptions.isCustomElement. 
  at <Default frontmatter= {} > 
  at <Slides.mdslidev15> 
  at <AsyncComponentWrapper> 
  at <SlideWrapper key=15 clicks-context= {current: undefined, clicksStart: 0, relativeSizeMap: undefined, maxMap: undefined, isMounted: undefined} route= {no: 15, meta: Proxy(Object), load: , component: Object}  ... > 
  at <TransitionGroup name="slide-right" id="slideshow" tag="div"  ... > 
  at <SlidesShow render-context="slide" > 
  at <SlideContainer style= {background: var(--slidev-slide-container-background, black)} is-main="" content-style= {filter: }  ... > 
  at <Play onVnodeUnmounted=fn<onVnodeUnmounted> ref=Ref< Proxy(Object) > > 
  at <RouterView> 
  at <App> @ http://localhost:3032/@fs/Users/wraithy/Development/Trask/ClaudeCodePresentation/node_modules/.pnpm/@vue+runtime-core@3.5.35/node_modules/@vue/runtime-core/dist/runtime-core.esm-bundler.js?v=1759ab92:40
[ 2557879ms] [WARNING] [Vue warn]: Failed to resolve component: AutoFit
If this is a native custom element, make sure to exclude it from component resolution via compilerOptions.isCustomElement. 
  at <Default frontmatter= {} > 
  at <Slides.mdslidev12> 
  at <AsyncComponentWrapper> 
  at <SlideWrapper key=12 clicks-context= {current: undefined, clicksStart: 0, relativeSizeMap: undefined, maxMap: undefined, isMounted: undefined} route= {no: 12, meta: Proxy(Object), load: , component: Object}  ... > 
  at <TransitionGroup name="slide-right" id="slideshow" tag="div"  ... > 
  at <SlidesShow render-context="slide" > 
  at <SlideContainer style= {background: var(--slidev-slide-container-background, black)} is-main="" content-style= {filter: }  ... > 
  at <Play onVnodeUnmounted=fn<onVnodeUnmounted> ref=Ref< Proxy(Object) > > 
  at <RouterView> 
  at <App> @ http://localhost:3032/@fs/Users/wraithy/Development/Trask/ClaudeCodePresentation/node_modules/.pnpm/@vue+runtime-core@3.5.35/node_modules/@vue/runtime-core/dist/runtime-core.esm-bundler.js?v=1759ab92:40
[ 2557880ms] [WARNING] [Vue warn]: Failed to resolve component: AutoFit
If this is a native custom element, make sure to exclude it from component resolution via compilerOptions.isCustomElement. 
  at <Default frontmatter= {} > 
  at <Slides.mdslidev13> 
  at <AsyncComponentWrapper> 
  at <SlideWrapper key=13 clicks-context= {current: undefined, clicksStart: 0, relativeSizeMap: undefined, maxMap: undefined, isMounted: undefined} route= {no: 13, meta: Proxy(Object), load: , component: Object}  ... > 
  at <TransitionGroup name="slide-right" id="slideshow" tag="div"  ... > 
  at <SlidesShow render-context="slide" > 
  at <SlideContainer style= {background: var(--slidev-slide-container-background, black)} is-main="" content-style= {filter: }  ... > 
  at <Play onVnodeUnmounted=fn<onVnodeUnmounted> ref=Ref< Proxy(Object) > > 
  at <RouterView> 
  at <App> @ http://localhost:3032/@fs/Users/wraithy/Development/Trask/ClaudeCodePresentation/node_modules/.pnpm/@vue+runtime-core@3.5.35/node_modules/@vue/runtime-core/dist/runtime-core.esm-bundler.js?v=1759ab92:40
[ 2557880ms] [WARNING] [Vue warn]: Failed to resolve component: AutoFit
If this is a native custom element, make sure to exclude it from component resolution via compilerOptions.isCustomElement. 
  at <Default frontmatter= {} > 
  at <Slides.mdslidev20> 
  at <AsyncComponentWrapper> 
  at <SlideWrapper key=20 clicks-context= {current: undefined, clicksStart: 0, relativeSizeMap: undefined, maxMap: undefined, isMounted: undefined} route= {no: 20, meta: Proxy(Object), load: , component: Object}  ... > 
  at <TransitionGroup name="slide-right" id="slideshow" tag="div"  ... > 
  at <SlidesShow render-context="slide" > 
  at <SlideContainer style= {background: var(--slidev-slide-container-background, black)} is-main="" content-style= {filter: }  ... > 
  at <Play onVnodeUnmounted=fn<onVnodeUnmounted> ref=Ref< Proxy(Object) > > 
  at <RouterView> 
  at <App> @ http://localhost:3032/@fs/Users/wraithy/Development/Trask/ClaudeCodePresentation/node_modules/.pnpm/@vue+runtime-core@3.5.35/node_modules/@vue/runtime-core/dist/runtime-core.esm-bundler.js?v=1759ab92:40
[ 2557880ms] [WARNING] [Vue warn]: Failed to resolve component: AutoFit
If this is a native custom element, make sure to exclude it from component resolution via compilerOptions.isCustomElement. 
  at <Default frontmatter= {} > 
  at <Slides.mdslidev21> 
  at <AsyncComponentWrapper> 
  at <SlideWrapper key=21 clicks-context= {current: undefined, clicksStart: 0, relativeSizeMap: undefined, maxMap: undefined, isMounted: undefined} route= {no: 21, meta: Proxy(Object), load: , component: Object}  ... > 
  at <TransitionGroup name="slide-right" id="slideshow" tag="div"  ... > 
  at <SlidesShow render-context="slide" > 
  at <SlideContainer style= {background: var(--slidev-slide-container-background, black)} is-main="" content-style= {filter: }  ... > 
  at <Play onVnodeUnmounted=fn<onVnodeUnmounted> ref=Ref< Proxy(Object) > > 
  at <RouterView> 
  at <App> @ http://localhost:3032/@fs/Users/wraithy/Development/Trask/ClaudeCodePresentation/node_modules/.pnpm/@vue+runtime-core@3.5.35/node_modules/@vue/runtime-core/dist/runtime-core.esm-bundler.js?v=1759ab92:40
[ 2557880ms] [WARNING] [Vue warn]: Failed to resolve component: AutoFit
If this is a native custom element, make sure to exclude it from component resolution via compilerOptions.isCustomElement. 
  at <Default frontmatter= {} > 
  at <Slides.mdslidev22> 
  at <AsyncComponentWrapper> 
  at <SlideWrapper key=22 clicks-context= {current: undefined, clicksStart: 0, relativeSizeMap: undefined, maxMap: undefined, isMounted: undefined} route= {no: 22, meta: Proxy(Object), load: , component: Object}  ... > 
  at <TransitionGroup name="slide-right" id="slideshow" tag="div"  ... > 
  at <SlidesShow render-context="slide" > 
  at <SlideContainer style= {background: var(--slidev-slide-container-background, black)} is-main="" content-style= {filter: }  ... > 
  at <Play onVnodeUnmounted=fn<onVnodeUnmounted> ref=Ref< Proxy(Object) > > 
  at <RouterView> 
  at <App> @ http://localhost:3032/@fs/Users/wraithy/Development/Trask/ClaudeCodePresentation/node_modules/.pnpm/@vue+runtime-core@3.5.35/node_modules/@vue/runtime-core/dist/runtime-core.esm-bundler.js?v=1759ab92:40
[ 2557880ms] [WARNING] [Vue warn]: Failed to resolve component: AutoFit
If this is a native custom element, make sure to exclude it from component resolution via compilerOptions.isCustomElement. 
  at <Default frontmatter= {} > 
  at <Slides.mdslidev17> 
  at <AsyncComponentWrapper> 
  at <SlideWrapper key=17 clicks-context= {current: undefined, clicksStart: 0, relativeSizeMap: undefined, maxMap: undefined, isMounted: undefined} route= {no: 17, meta: Proxy(Object), load: , component: Object}  ... > 
  at <TransitionGroup name="slide-right" id="slideshow" tag="div"  ... > 
  at <SlidesShow render-context="slide" > 
  at <SlideContainer style= {background: var(--slidev-slide-container-background, black)} is-main="" content-style= {filter: }  ... > 
  at <Play onVnodeUnmounted=fn<onVnodeUnmounted> ref=Ref< Proxy(Object) > > 
  at <RouterView> 
  at <App> @ http://localhost:3032/@fs/Users/wraithy/Development/Trask/ClaudeCodePresentation/node_modules/.pnpm/@vue+runtime-core@3.5.35/node_modules/@vue/runtime-core/dist/runtime-core.esm-bundler.js?v=1759ab92:40
[ 2557880ms] [WARNING] [Vue warn]: Failed to resolve component: AutoFit
If this is a native custom element, make sure to exclude it from component resolution via compilerOptions.isCustomElement. 
  at <Default frontmatter= {} > 
  at <Slides.mdslidev23> 
  at <AsyncComponentWrapper> 
  at <SlideWrapper key=23 clicks-context= {current: undefined, clicksStart: 0, relativeSizeMap: undefined, maxMap: undefined, isMounted: undefined} route= {no: 23, meta: Proxy(Object), load: , component: Object}  ... > 
  at <TransitionGroup name="slide-right" id="slideshow" tag="div"  ... > 
  at <SlidesShow render-context="slide" > 
  at <SlideContainer style= {background: var(--slidev-slide-container-background, black)} is-main="" content-style= {filter: }  ... > 
  at <Play onVnodeUnmounted=fn<onVnodeUnmounted> ref=Ref< Proxy(Object) > > 
  at <RouterView> 
  at <App> @ http://localhost:3032/@fs/Users/wraithy/Development/Trask/ClaudeCodePresentation/node_modules/.pnpm/@vue+runtime-core@3.5.35/node_modules/@vue/runtime-core/dist/runtime-core.esm-bundler.js?v=1759ab92:40
[ 2557880ms] [WARNING] [Vue warn]: Failed to resolve component: AutoFit
If this is a native custom element, make sure to exclude it from component resolution via compilerOptions.isCustomElement. 
  at <Default frontmatter= {} > 
  at <Slides.mdslidev25> 
  at <AsyncComponentWrapper> 
  at <SlideWrapper key=25 clicks-context= {current: undefined, clicksStart: 0, relativeSizeMap: undefined, maxMap: undefined, isMounted: undefined} route= {no: 25, meta: Proxy(Object), load: , component: Object}  ... > 
  at <TransitionGroup name="slide-right" id="slideshow" tag="div"  ... > 
  at <SlidesShow render-context="slide" > 
  at <SlideContainer style= {background: var(--slidev-slide-container-background, black)} is-main="" content-style= {filter: }  ... > 
  at <Play onVnodeUnmounted=fn<onVnodeUnmounted> ref=Ref< Proxy(Object) > > 
  at <RouterView> 
  at <App> @ http://localhost:3032/@fs/Users/wraithy/Development/Trask/ClaudeCodePresentation/node_modules/.pnpm/@vue+runtime-core@3.5.35/node_modules/@vue/runtime-core/dist/runtime-core.esm-bundler.js?v=1759ab92:40
[ 2557880ms] [WARNING] [Vue warn]: Failed to resolve component: AutoFit
If this is a native custom element, make sure to exclude it from component resolution via compilerOptions.isCustomElement. 
  at <Default frontmatter= {} > 
  at <Slides.mdslidev19> 
  at <AsyncComponentWrapper> 
  at <SlideWrapper key=19 clicks-context= {current: undefined, clicksStart: 0, relativeSizeMap: undefined, maxMap: undefined, isMounted: undefined} route= {no: 19, meta: Proxy(Object), load: , component: Object}  ... > 
  at <TransitionGroup name="slide-right" id="slideshow" tag="div"  ... > 
  at <SlidesShow render-context="slide" > 
  at <SlideContainer style= {background: var(--slidev-slide-container-background, black)} is-main="" content-style= {filter: }  ... > 
  at <Play onVnodeUnmounted=fn<onVnodeUnmounted> ref=Ref< Proxy(Object) > > 
  at <RouterView> 
  at <App> @ http://localhost:3032/@fs/Users/wraithy/Development/Trask/ClaudeCodePresentation/node_modules/.pnpm/@vue+runtime-core@3.5.35/node_modules/@vue/runtime-core/dist/runtime-core.esm-bundler.js?v=1759ab92:40
[ 2557881ms] [WARNING] [Vue warn]: Failed to resolve component: AutoFit
If this is a native custom element, make sure to exclude it from component resolution via compilerOptions.isCustomElement. 
  at <Default frontmatter= {} > 
  at <Slides.mdslidev26> 
  at <AsyncComponentWrapper> 
  at <SlideWrapper key=26 clicks-context= {current: undefined, clicksStart: 0, relativeSizeMap: undefined, maxMap: undefined, isMounted: undefined} route= {no: 26, meta: Proxy(Object), load: , component: Object}  ... > 
  at <TransitionGroup name="slide-right" id="slideshow" tag="div"  ... > 
  at <SlidesShow render-context="slide" > 
  at <SlideContainer style= {background: var(--slidev-slide-container-background, black)} is-main="" content-style= {filter: }  ... > 
  at <Play onVnodeUnmounted=fn<onVnodeUnmounted> ref=Ref< Proxy(Object) > > 
  at <RouterView> 
  at <App> @ http://localhost:3032/@fs/Users/wraithy/Development/Trask/ClaudeCodePresentation/node_modules/.pnpm/@vue+runtime-core@3.5.35/node_modules/@vue/runtime-core/dist/runtime-core.esm-bundler.js?v=1759ab92:40
[ 2557881ms] [WARNING] [Vue warn]: Failed to resolve component: AutoFit
If this is a native custom element, make sure to exclude it from component resolution via compilerOptions.isCustomElement. 
  at <Default frontmatter= {} > 
  at <Slides.mdslidev27> 
  at <AsyncComponentWrapper> 
  at <SlideWrapper key=27 clicks-context= {current: undefined, clicksStart: 0, relativeSizeMap: undefined, maxMap: undefined, isMounted: undefined} route= {no: 27, meta: Proxy(Object), load: , component: Object}  ... > 
  at <TransitionGroup name="slide-right" id="slideshow" tag="div"  ... > 
  at <SlidesShow render-context="slide" > 
  at <SlideContainer style= {background: var(--slidev-slide-container-background, black)} is-main="" content-style= {filter: }  ... > 
  at <Play onVnodeUnmounted=fn<onVnodeUnmounted> ref=Ref< Proxy(Object) > > 
  at <RouterView> 
  at <App> @ http://localhost:3032/@fs/Users/wraithy/Development/Trask/ClaudeCodePresentation/node_modules/.pnpm/@vue+runtime-core@3.5.35/node_modules/@vue/runtime-core/dist/runtime-core.esm-bundler.js?v=1759ab92:40
[ 2557881ms] [WARNING] [Vue warn]: Failed to resolve component: AutoFit
If this is a native custom element, make sure to exclude it from component resolution via compilerOptions.isCustomElement. 
  at <Default frontmatter= {} > 
  at <Slides.mdslidev32> 
  at <AsyncComponentWrapper> 
  at <SlideWrapper key=32 clicks-context= {current: undefined, clicksStart: 0, relativeSizeMap: undefined, maxMap: undefined, isMounted: undefined} route= {no: 32, meta: Proxy(Object), load: , component: Object}  ... > 
  at <TransitionGroup name="slide-right" id="slideshow" tag="div"  ... > 
  at <SlidesShow render-context="slide" > 
  at <SlideContainer style= {background: var(--slidev-slide-container-background, black)} is-main="" content-style= {filter: }  ... > 
  at <Play onVnodeUnmounted=fn<onVnodeUnmounted> ref=Ref< Proxy(Object) > > 
  at <RouterView> 
  at <App> @ http://localhost:3032/@fs/Users/wraithy/Development/Trask/ClaudeCodePresentation/node_modules/.pnpm/@vue+runtime-core@3.5.35/node_modules/@vue/runtime-core/dist/runtime-core.esm-bundler.js?v=1759ab92:40
[ 2557881ms] [WARNING] [Vue warn]: Failed to resolve component: AutoFit
If this is a native custom element, make sure to exclude it from component resolution via compilerOptions.isCustomElement. 
  at <Default frontmatter= {} > 
  at <Slides.mdslidev30> 
  at <AsyncComponentWrapper> 
  at <SlideWrapper key=30 clicks-context= {current: undefined, clicksStart: 0, relativeSizeMap: undefined, maxMap: undefined, isMounted: undefined} route= {no: 30, meta: Proxy(Object), load: , component: Object}  ... > 
  at <TransitionGroup name="slide-right" id="slideshow" tag="div"  ... > 
  at <SlidesShow render-context="slide" > 
  at <SlideContainer style= {background: var(--slidev-slide-container-background, black)} is-main="" content-style= {filter: }  ... > 
  at <Play onVnodeUnmounted=fn<onVnodeUnmounted> ref=Ref< Proxy(Object) > > 
  at <RouterView> 
  at <App> @ http://localhost:3032/@fs/Users/wraithy/Development/Trask/ClaudeCodePresentation/node_modules/.pnpm/@vue+runtime-core@3.5.35/node_modules/@vue/runtime-core/dist/runtime-core.esm-bundler.js?v=1759ab92:40
[ 2557881ms] [WARNING] [Vue warn]: Failed to resolve component: AutoFit
If this is a native custom element, make sure to exclude it from component resolution via compilerOptions.isCustomElement. 
  at <Default frontmatter= {} > 
  at <Slides.mdslidev29> 
  at <AsyncComponentWrapper> 
  at <SlideWrapper key=29 clicks-context= {current: undefined, clicksStart: 0, relativeSizeMap: undefined, maxMap: undefined, isMounted: undefined} route= {no: 29, meta: Proxy(Object), load: , component: Object}  ... > 
  at <TransitionGroup name="slide-right" id="slideshow" tag="div"  ... > 
  at <SlidesShow render-context="slide" > 
  at <SlideContainer style= {background: var(--slidev-slide-container-background, black)} is-main="" content-style= {filter: }  ... > 
  at <Play onVnodeUnmounted=fn<onVnodeUnmounted> ref=Ref< Proxy(Object) > > 
  at <RouterView> 
  at <App> @ http://localhost:3032/@fs/Users/wraithy/Development/Trask/ClaudeCodePresentation/node_modules/.pnpm/@vue+runtime-core@3.5.35/node_modules/@vue/runtime-core/dist/runtime-core.esm-bundler.js?v=1759ab92:40
[ 2557881ms] [WARNING] [Vue warn]: Failed to resolve component: AutoFit
If this is a native custom element, make sure to exclude it from component resolution via compilerOptions.isCustomElement. 
  at <Default frontmatter= {} > 
  at <Slides.mdslidev4> 
  at <AsyncComponentWrapper> 
  at <SlideWrapper key=4 clicks-context= {current: undefined, clicksStart: 0, relativeSizeMap: undefined, maxMap: undefined, isMounted: undefined} route= {no: 4, meta: Proxy(Object), load: , component: Object}  ... > 
  at <TransitionGroup name="slide-right" id="slideshow" tag="div"  ... > 
  at <SlidesShow render-context="slide" > 
  at <SlideContainer style= {background: var(--slidev-slide-container-background, black)} is-main="" content-style= {filter: }  ... > 
  at <Play onVnodeUnmounted=fn<onVnodeUnmounted> ref=Ref< Proxy(Object) > > 
  at <RouterView> 
  at <App> @ http://localhost:3032/@fs/Users/wraithy/Development/Trask/ClaudeCodePresentation/node_modules/.pnpm/@vue+runtime-core@3.5.35/node_modules/@vue/runtime-core/dist/runtime-core.esm-bundler.js?v=1759ab92:40
[ 2558536ms] [WARNING] [Vue warn]: Failed to resolve component: AutoFit
If this is a native custom element, make sure to exclude it from component resolution via compilerOptions.isCustomElement. 
  at <Default frontmatter= {} > 
  at <Slides.mdslidev2> 
  at <AsyncComponentWrapper> 
  at <SlideWrapper key=2 clicks-context= {current: undefined, clicksStart: 0, relativeSizeMap: undefined, maxMap: undefined, isMounted: undefined} route= {no: 2, meta: Proxy(Object), load: , component: Object}  ... > 
  at <TransitionGroup name="slide-right" id="slideshow" tag="div"  ... > 
  at <SlidesShow render-context="slide" > 
  at <SlideContainer style= {background: var(--slidev-slide-container-background, black)} is-main="" content-style= {filter: }  ... > 
  at <Play onVnodeUnmounted=fn<onVnodeUnmounted> ref=Ref< Proxy(Object) > > 
  at <RouterView> 
  at <App> @ http://localhost:3032/@fs/Users/wraithy/Development/Trask/ClaudeCodePresentation/node_modules/.pnpm/@vue+runtime-core@3.5.35/node_modules/@vue/runtime-core/dist/runtime-core.esm-bundler.js?v=1759ab92:40
[ 2558536ms] [WARNING] [Vue warn]: Failed to resolve component: AutoFit
If this is a native custom element, make sure to exclude it from component resolution via compilerOptions.isCustomElement. 
  at <Default frontmatter= {} > 
  at <Slides.mdslidev5> 
  at <AsyncComponentWrapper> 
  at <SlideWrapper key=5 clicks-context= {current: undefined, clicksStart: 0, relativeSizeMap: undefined, maxMap: undefined, isMounted: undefined} route= {no: 5, meta: Proxy(Object), load: , component: Object}  ... > 
  at <TransitionGroup name="slide-right" id="slideshow" tag="div"  ... > 
  at <SlidesShow render-context="slide" > 
  at <SlideContainer style= {background: var(--slidev-slide-container-background, black)} is-main="" content-style= {filter: }  ... > 
  at <Play onVnodeUnmounted=fn<onVnodeUnmounted> ref=Ref< Proxy(Object) > > 
  at <RouterView> 
  at <App> @ http://localhost:3032/@fs/Users/wraithy/Development/Trask/ClaudeCodePresentation/node_modules/.pnpm/@vue+runtime-core@3.5.35/node_modules/@vue/runtime-core/dist/runtime-core.esm-bundler.js?v=1759ab92:40
[ 2558536ms] [WARNING] [Vue warn]: Failed to resolve component: AutoFit
If this is a native custom element, make sure to exclude it from component resolution via compilerOptions.isCustomElement. 
  at <Default frontmatter= {} > 
  at <Slides.mdslidev6> 
  at <AsyncComponentWrapper> 
  at <SlideWrapper key=6 clicks-context= {current: undefined, clicksStart: 0, relativeSizeMap: undefined, maxMap: undefined, isMounted: undefined} route= {no: 6, meta: Proxy(Object), load: , component: Object}  ... > 
  at <TransitionGroup name="slide-right" id="slideshow" tag="div"  ... > 
  at <SlidesShow render-context="slide" > 
  at <SlideContainer style= {background: var(--slidev-slide-container-background, black)} is-main="" content-style= {filter: }  ... > 
  at <Play onVnodeUnmounted=fn<onVnodeUnmounted> ref=Ref< Proxy(Object) > > 
  at <RouterView> 
  at <App> @ http://localhost:3032/@fs/Users/wraithy/Development/Trask/ClaudeCodePresentation/node_modules/.pnpm/@vue+runtime-core@3.5.35/node_modules/@vue/runtime-core/dist/runtime-core.esm-bundler.js?v=1759ab92:40
[ 2558536ms] [WARNING] [Vue warn]: Failed to resolve component: AutoFit
If this is a native custom element, make sure to exclude it from component resolution via compilerOptions.isCustomElement. 
  at <Default frontmatter= {} > 
  at <Slides.mdslidev11> 
  at <AsyncComponentWrapper> 
  at <SlideWrapper key=11 clicks-context= {current: undefined, clicksStart: 0, relativeSizeMap: undefined, maxMap: undefined, isMounted: undefined} route= {no: 11, meta: Proxy(Object), load: , component: Object}  ... > 
  at <TransitionGroup name="slide-right" id="slideshow" tag="div"  ... > 
  at <SlidesShow render-context="slide" > 
  at <SlideContainer style= {background: var(--slidev-slide-container-background, black)} is-main="" content-style= {filter: }  ... > 
  at <Play onVnodeUnmounted=fn<onVnodeUnmounted> ref=Ref< Proxy(Object) > > 
  at <RouterView> 
  at <App> @ http://localhost:3032/@fs/Users/wraithy/Development/Trask/ClaudeCodePresentation/node_modules/.pnpm/@vue+runtime-core@3.5.35/node_modules/@vue/runtime-core/dist/runtime-core.esm-bundler.js?v=1759ab92:40
[ 2558536ms] [WARNING] [Vue warn]: Failed to resolve component: AutoFit
If this is a native custom element, make sure to exclude it from component resolution via compilerOptions.isCustomElement. 
  at <Default frontmatter= {} > 
  at <Slides.mdslidev7> 
  at <AsyncComponentWrapper> 
  at <SlideWrapper key=7 clicks-context= {current: undefined, clicksStart: 0, relativeSizeMap: undefined, maxMap: undefined, isMounted: undefined} route= {no: 7, meta: Proxy(Object), load: , component: Object}  ... > 
  at <TransitionGroup name="slide-right" id="slideshow" tag="div"  ... > 
  at <SlidesShow render-context="slide" > 
  at <SlideContainer style= {background: var(--slidev-slide-container-background, black)} is-main="" content-style= {filter: }  ... > 
  at <Play onVnodeUnmounted=fn<onVnodeUnmounted> ref=Ref< Proxy(Object) > > 
  at <RouterView> 
  at <App> @ http://localhost:3032/@fs/Users/wraithy/Development/Trask/ClaudeCodePresentation/node_modules/.pnpm/@vue+runtime-core@3.5.35/node_modules/@vue/runtime-core/dist/runtime-core.esm-bundler.js?v=1759ab92:40
[ 2558537ms] [WARNING] [Vue warn]: Failed to resolve component: AutoFit
If this is a native custom element, make sure to exclude it from component resolution via compilerOptions.isCustomElement. 
  at <Default frontmatter= {} > 
  at <Slides.mdslidev9> 
  at <AsyncComponentWrapper> 
  at <SlideWrapper key=9 clicks-context= {current: undefined, clicksStart: 0, relativeSizeMap: undefined, maxMap: undefined, isMounted: undefined} route= {no: 9, meta: Proxy(Object), load: , component: Object}  ... > 
  at <TransitionGroup name="slide-right" id="slideshow" tag="div"  ... > 
  at <SlidesShow render-context="slide" > 
  at <SlideContainer style= {background: var(--slidev-slide-container-background, black)} is-main="" content-style= {filter: }  ... > 
  at <Play onVnodeUnmounted=fn<onVnodeUnmounted> ref=Ref< Proxy(Object) > > 
  at <RouterView> 
  at <App> @ http://localhost:3032/@fs/Users/wraithy/Development/Trask/ClaudeCodePresentation/node_modules/.pnpm/@vue+runtime-core@3.5.35/node_modules/@vue/runtime-core/dist/runtime-core.esm-bundler.js?v=1759ab92:40
[ 2558537ms] [WARNING] [Vue warn]: Failed to resolve component: AutoFit
If this is a native custom element, make sure to exclude it from component resolution via compilerOptions.isCustomElement. 
  at <Default frontmatter= {} > 
  at <Slides.mdslidev10> 
  at <AsyncComponentWrapper> 
  at <SlideWrapper key=10 clicks-context= {current: undefined, clicksStart: 0, relativeSizeMap: undefined, maxMap: undefined, isMounted: undefined} route= {no: 10, meta: Proxy(Object), load: , component: Object}  ... > 
  at <TransitionGroup name="slide-right" id="slideshow" tag="div"  ... > 
  at <SlidesShow render-context="slide" > 
  at <SlideContainer style= {background: var(--slidev-slide-container-background, black)} is-main="" content-style= {filter: }  ... > 
  at <Play onVnodeUnmounted=fn<onVnodeUnmounted> ref=Ref< Proxy(Object) > > 
  at <RouterView> 
  at <App> @ http://localhost:3032/@fs/Users/wraithy/Development/Trask/ClaudeCodePresentation/node_modules/.pnpm/@vue+runtime-core@3.5.35/node_modules/@vue/runtime-core/dist/runtime-core.esm-bundler.js?v=1759ab92:40
[ 2558537ms] [WARNING] [Vue warn]: Failed to resolve component: AutoFit
If this is a native custom element, make sure to exclude it from component resolution via compilerOptions.isCustomElement. 
  at <Default frontmatter= {} > 
  at <Slides.mdslidev16> 
  at <AsyncComponentWrapper> 
  at <SlideWrapper key=16 clicks-context= {current: undefined, clicksStart: 0, relativeSizeMap: undefined, maxMap: undefined, isMounted: undefined} route= {no: 16, meta: Proxy(Object), load: , component: Object}  ... > 
  at <TransitionGroup name="slide-right" id="slideshow" tag="div"  ... > 
  at <SlidesShow render-context="slide" > 
  at <SlideContainer style= {background: var(--slidev-slide-container-background, black)} is-main="" content-style= {filter: }  ... > 
  at <Play onVnodeUnmounted=fn<onVnodeUnmounted> ref=Ref< Proxy(Object) > > 
  at <RouterView> 
  at <App> @ http://localhost:3032/@fs/Users/wraithy/Development/Trask/ClaudeCodePresentation/node_modules/.pnpm/@vue+runtime-core@3.5.35/node_modules/@vue/runtime-core/dist/runtime-core.esm-bundler.js?v=1759ab92:40
[ 2558537ms] [WARNING] [Vue warn]: Failed to resolve component: AutoFit
If this is a native custom element, make sure to exclude it from component resolution via compilerOptions.isCustomElement. 
  at <Default frontmatter= {} > 
  at <Slides.mdslidev15> 
  at <AsyncComponentWrapper> 
  at <SlideWrapper key=15 clicks-context= {current: undefined, clicksStart: 0, relativeSizeMap: undefined, maxMap: undefined, isMounted: undefined} route= {no: 15, meta: Proxy(Object), load: , component: Object}  ... > 
  at <TransitionGroup name="slide-right" id="slideshow" tag="div"  ... > 
  at <SlidesShow render-context="slide" > 
  at <SlideContainer style= {background: var(--slidev-slide-container-background, black)} is-main="" content-style= {filter: }  ... > 
  at <Play onVnodeUnmounted=fn<onVnodeUnmounted> ref=Ref< Proxy(Object) > > 
  at <RouterView> 
  at <App> @ http://localhost:3032/@fs/Users/wraithy/Development/Trask/ClaudeCodePresentation/node_modules/.pnpm/@vue+runtime-core@3.5.35/node_modules/@vue/runtime-core/dist/runtime-core.esm-bundler.js?v=1759ab92:40
[ 2558537ms] [WARNING] [Vue warn]: Failed to resolve component: AutoFit
If this is a native custom element, make sure to exclude it from component resolution via compilerOptions.isCustomElement. 
  at <Default frontmatter= {} > 
  at <Slides.mdslidev12> 
  at <AsyncComponentWrapper> 
  at <SlideWrapper key=12 clicks-context= {current: undefined, clicksStart: 0, relativeSizeMap: undefined, maxMap: undefined, isMounted: undefined} route= {no: 12, meta: Proxy(Object), load: , component: Object}  ... > 
  at <TransitionGroup name="slide-right" id="slideshow" tag="div"  ... > 
  at <SlidesShow render-context="slide" > 
  at <SlideContainer style= {background: var(--slidev-slide-container-background, black)} is-main="" content-style= {filter: }  ... > 
  at <Play onVnodeUnmounted=fn<onVnodeUnmounted> ref=Ref< Proxy(Object) > > 
  at <RouterView> 
  at <App> @ http://localhost:3032/@fs/Users/wraithy/Development/Trask/ClaudeCodePresentation/node_modules/.pnpm/@vue+runtime-core@3.5.35/node_modules/@vue/runtime-core/dist/runtime-core.esm-bundler.js?v=1759ab92:40
[ 2558537ms] [WARNING] [Vue warn]: Failed to resolve component: AutoFit
If this is a native custom element, make sure to exclude it from component resolution via compilerOptions.isCustomElement. 
  at <Default frontmatter= {} > 
  at <Slides.mdslidev13> 
  at <AsyncComponentWrapper> 
  at <SlideWrapper key=13 clicks-context= {current: undefined, clicksStart: 0, relativeSizeMap: undefined, maxMap: undefined, isMounted: undefined} route= {no: 13, meta: Proxy(Object), load: , component: Object}  ... > 
  at <TransitionGroup name="slide-right" id="slideshow" tag="div"  ... > 
  at <SlidesShow render-context="slide" > 
  at <SlideContainer style= {background: var(--slidev-slide-container-background, black)} is-main="" content-style= {filter: }  ... > 
  at <Play onVnodeUnmounted=fn<onVnodeUnmounted> ref=Ref< Proxy(Object) > > 
  at <RouterView> 
  at <App> @ http://localhost:3032/@fs/Users/wraithy/Development/Trask/ClaudeCodePresentation/node_modules/.pnpm/@vue+runtime-core@3.5.35/node_modules/@vue/runtime-core/dist/runtime-core.esm-bundler.js?v=1759ab92:40
[ 2558538ms] [WARNING] [Vue warn]: Failed to resolve component: AutoFit
If this is a native custom element, make sure to exclude it from component resolution via compilerOptions.isCustomElement. 
  at <Default frontmatter= {} > 
  at <Slides.mdslidev20> 
  at <AsyncComponentWrapper> 
  at <SlideWrapper key=20 clicks-context= {current: undefined, clicksStart: 0, relativeSizeMap: undefined, maxMap: undefined, isMounted: undefined} route= {no: 20, meta: Proxy(Object), load: , component: Object}  ... > 
  at <TransitionGroup name="slide-right" id="slideshow" tag="div"  ... > 
  at <SlidesShow render-context="slide" > 
  at <SlideContainer style= {background: var(--slidev-slide-container-background, black)} is-main="" content-style= {filter: }  ... > 
  at <Play onVnodeUnmounted=fn<onVnodeUnmounted> ref=Ref< Proxy(Object) > > 
  at <RouterView> 
  at <App> @ http://localhost:3032/@fs/Users/wraithy/Development/Trask/ClaudeCodePresentation/node_modules/.pnpm/@vue+runtime-core@3.5.35/node_modules/@vue/runtime-core/dist/runtime-core.esm-bundler.js?v=1759ab92:40
[ 2558538ms] [WARNING] [Vue warn]: Failed to resolve component: AutoFit
If this is a native custom element, make sure to exclude it from component resolution via compilerOptions.isCustomElement. 
  at <Default frontmatter= {} > 
  at <Slides.mdslidev21> 
  at <AsyncComponentWrapper> 
  at <SlideWrapper key=21 clicks-context= {current: undefined, clicksStart: 0, relativeSizeMap: undefined, maxMap: undefined, isMounted: undefined} route= {no: 21, meta: Proxy(Object), load: , component: Object}  ... > 
  at <TransitionGroup name="slide-right" id="slideshow" tag="div"  ... > 
  at <SlidesShow render-context="slide" > 
  at <SlideContainer style= {background: var(--slidev-slide-container-background, black)} is-main="" content-style= {filter: }  ... > 
  at <Play onVnodeUnmounted=fn<onVnodeUnmounted> ref=Ref< Proxy(Object) > > 
  at <RouterView> 
  at <App> @ http://localhost:3032/@fs/Users/wraithy/Development/Trask/ClaudeCodePresentation/node_modules/.pnpm/@vue+runtime-core@3.5.35/node_modules/@vue/runtime-core/dist/runtime-core.esm-bundler.js?v=1759ab92:40
[ 2558538ms] [WARNING] [Vue warn]: Failed to resolve component: AutoFit
If this is a native custom element, make sure to exclude it from component resolution via compilerOptions.isCustomElement. 
  at <Default frontmatter= {} > 
  at <Slides.mdslidev22> 
  at <AsyncComponentWrapper> 
  at <SlideWrapper key=22 clicks-context= {current: undefined, clicksStart: 0, relativeSizeMap: undefined, maxMap: undefined, isMounted: undefined} route= {no: 22, meta: Proxy(Object), load: , component: Object}  ... > 
  at <TransitionGroup name="slide-right" id="slideshow" tag="div"  ... > 
  at <SlidesShow render-context="slide" > 
  at <SlideContainer style= {background: var(--slidev-slide-container-background, black)} is-main="" content-style= {filter: }  ... > 
  at <Play onVnodeUnmounted=fn<onVnodeUnmounted> ref=Ref< Proxy(Object) > > 
  at <RouterView> 
  at <App> @ http://localhost:3032/@fs/Users/wraithy/Development/Trask/ClaudeCodePresentation/node_modules/.pnpm/@vue+runtime-core@3.5.35/node_modules/@vue/runtime-core/dist/runtime-core.esm-bundler.js?v=1759ab92:40
[ 2558538ms] [WARNING] [Vue warn]: Failed to resolve component: AutoFit
If this is a native custom element, make sure to exclude it from component resolution via compilerOptions.isCustomElement. 
  at <Default frontmatter= {} > 
  at <Slides.mdslidev17> 
  at <AsyncComponentWrapper> 
  at <SlideWrapper key=17 clicks-context= {current: undefined, clicksStart: 0, relativeSizeMap: undefined, maxMap: undefined, isMounted: undefined} route= {no: 17, meta: Proxy(Object), load: , component: Object}  ... > 
  at <TransitionGroup name="slide-right" id="slideshow" tag="div"  ... > 
  at <SlidesShow render-context="slide" > 
  at <SlideContainer style= {background: var(--slidev-slide-container-background, black)} is-main="" content-style= {filter: }  ... > 
  at <Play onVnodeUnmounted=fn<onVnodeUnmounted> ref=Ref< Proxy(Object) > > 
  at <RouterView> 
  at <App> @ http://localhost:3032/@fs/Users/wraithy/Development/Trask/ClaudeCodePresentation/node_modules/.pnpm/@vue+runtime-core@3.5.35/node_modules/@vue/runtime-core/dist/runtime-core.esm-bundler.js?v=1759ab92:40
[ 2558538ms] [WARNING] [Vue warn]: Failed to resolve component: AutoFit
If this is a native custom element, make sure to exclude it from component resolution via compilerOptions.isCustomElement. 
  at <Default frontmatter= {} > 
  at <Slides.mdslidev23> 
  at <AsyncComponentWrapper> 
  at <SlideWrapper key=23 clicks-context= {current: undefined, clicksStart: 0, relativeSizeMap: undefined, maxMap: undefined, isMounted: undefined} route= {no: 23, meta: Proxy(Object), load: , component: Object}  ... > 
  at <TransitionGroup name="slide-right" id="slideshow" tag="div"  ... > 
  at <SlidesShow render-context="slide" > 
  at <SlideContainer style= {background: var(--slidev-slide-container-background, black)} is-main="" content-style= {filter: }  ... > 
  at <Play onVnodeUnmounted=fn<onVnodeUnmounted> ref=Ref< Proxy(Object) > > 
  at <RouterView> 
  at <App> @ http://localhost:3032/@fs/Users/wraithy/Development/Trask/ClaudeCodePresentation/node_modules/.pnpm/@vue+runtime-core@3.5.35/node_modules/@vue/runtime-core/dist/runtime-core.esm-bundler.js?v=1759ab92:40
[ 2558538ms] [WARNING] [Vue warn]: Failed to resolve component: AutoFit
If this is a native custom element, make sure to exclude it from component resolution via compilerOptions.isCustomElement. 
  at <Default frontmatter= {} > 
  at <Slides.mdslidev25> 
  at <AsyncComponentWrapper> 
  at <SlideWrapper key=25 clicks-context= {current: undefined, clicksStart: 0, relativeSizeMap: undefined, maxMap: undefined, isMounted: undefined} route= {no: 25, meta: Proxy(Object), load: , component: Object}  ... > 
  at <TransitionGroup name="slide-right" id="slideshow" tag="div"  ... > 
  at <SlidesShow render-context="slide" > 
  at <SlideContainer style= {background: var(--slidev-slide-container-background, black)} is-main="" content-style= {filter: }  ... > 
  at <Play onVnodeUnmounted=fn<onVnodeUnmounted> ref=Ref< Proxy(Object) > > 
  at <RouterView> 
  at <App> @ http://localhost:3032/@fs/Users/wraithy/Development/Trask/ClaudeCodePresentation/node_modules/.pnpm/@vue+runtime-core@3.5.35/node_modules/@vue/runtime-core/dist/runtime-core.esm-bundler.js?v=1759ab92:40
[ 2558539ms] [WARNING] [Vue warn]: Failed to resolve component: AutoFit
If this is a native custom element, make sure to exclude it from component resolution via compilerOptions.isCustomElement. 
  at <Default frontmatter= {} > 
  at <Slides.mdslidev19> 
  at <AsyncComponentWrapper> 
  at <SlideWrapper key=19 clicks-context= {current: undefined, clicksStart: 0, relativeSizeMap: undefined, maxMap: undefined, isMounted: undefined} route= {no: 19, meta: Proxy(Object), load: , component: Object}  ... > 
  at <TransitionGroup name="slide-right" id="slideshow" tag="div"  ... > 
  at <SlidesShow render-context="slide" > 
  at <SlideContainer style= {background: var(--slidev-slide-container-background, black)} is-main="" content-style= {filter: }  ... > 
  at <Play onVnodeUnmounted=fn<onVnodeUnmounted> ref=Ref< Proxy(Object) > > 
  at <RouterView> 
  at <App> @ http://localhost:3032/@fs/Users/wraithy/Development/Trask/ClaudeCodePresentation/node_modules/.pnpm/@vue+runtime-core@3.5.35/node_modules/@vue/runtime-core/dist/runtime-core.esm-bundler.js?v=1759ab92:40
[ 2558539ms] [WARNING] [Vue warn]: Failed to resolve component: AutoFit
If this is a native custom element, make sure to exclude it from component resolution via compilerOptions.isCustomElement. 
  at <Default frontmatter= {} > 
  at <Slides.mdslidev26> 
  at <AsyncComponentWrapper> 
  at <SlideWrapper key=26 clicks-context= {current: undefined, clicksStart: 0, relativeSizeMap: undefined, maxMap: undefined, isMounted: undefined} route= {no: 26, meta: Proxy(Object), load: , component: Object}  ... > 
  at <TransitionGroup name="slide-right" id="slideshow" tag="div"  ... > 
  at <SlidesShow render-context="slide" > 
  at <SlideContainer style= {background: var(--slidev-slide-container-background, black)} is-main="" content-style= {filter: }  ... > 
  at <Play onVnodeUnmounted=fn<onVnodeUnmounted> ref=Ref< Proxy(Object) > > 
  at <RouterView> 
  at <App> @ http://localhost:3032/@fs/Users/wraithy/Development/Trask/ClaudeCodePresentation/node_modules/.pnpm/@vue+runtime-core@3.5.35/node_modules/@vue/runtime-core/dist/runtime-core.esm-bundler.js?v=1759ab92:40
[ 2558539ms] [WARNING] [Vue warn]: Failed to resolve component: AutoFit
If this is a native custom element, make sure to exclude it from component resolution via compilerOptions.isCustomElement. 
  at <Default frontmatter= {} > 
  at <Slides.mdslidev27> 
  at <AsyncComponentWrapper> 
  at <SlideWrapper key=27 clicks-context= {current: undefined, clicksStart: 0, relativeSizeMap: undefined, maxMap: undefined, isMounted: undefined} route= {no: 27, meta: Proxy(Object), load: , component: Object}  ... > 
  at <TransitionGroup name="slide-right" id="slideshow" tag="div"  ... > 
  at <SlidesShow render-context="slide" > 
  at <SlideContainer style= {background: var(--slidev-slide-container-background, black)} is-main="" content-style= {filter: }  ... > 
  at <Play onVnodeUnmounted=fn<onVnodeUnmounted> ref=Ref< Proxy(Object) > > 
  at <RouterView> 
  at <App> @ http://localhost:3032/@fs/Users/wraithy/Development/Trask/ClaudeCodePresentation/node_modules/.pnpm/@vue+runtime-core@3.5.35/node_modules/@vue/runtime-core/dist/runtime-core.esm-bundler.js?v=1759ab92:40
[ 2558539ms] [WARNING] [Vue warn]: Failed to resolve component: AutoFit
If this is a native custom element, make sure to exclude it from component resolution via compilerOptions.isCustomElement. 
  at <Default frontmatter= {} > 
  at <Slides.mdslidev32> 
  at <AsyncComponentWrapper> 
  at <SlideWrapper key=32 clicks-context= {current: undefined, clicksStart: 0, relativeSizeMap: undefined, maxMap: undefined, isMounted: undefined} route= {no: 32, meta: Proxy(Object), load: , component: Object}  ... > 
  at <TransitionGroup name="slide-right" id="slideshow" tag="div"  ... > 
  at <SlidesShow render-context="slide" > 
  at <SlideContainer style= {background: var(--slidev-slide-container-background, black)} is-main="" content-style= {filter: }  ... > 
  at <Play onVnodeUnmounted=fn<onVnodeUnmounted> ref=Ref< Proxy(Object) > > 
  at <RouterView> 
  at <App> @ http://localhost:3032/@fs/Users/wraithy/Development/Trask/ClaudeCodePresentation/node_modules/.pnpm/@vue+runtime-core@3.5.35/node_modules/@vue/runtime-core/dist/runtime-core.esm-bundler.js?v=1759ab92:40
[ 2558539ms] [WARNING] [Vue warn]: Failed to resolve component: AutoFit
If this is a native custom element, make sure to exclude it from component resolution via compilerOptions.isCustomElement. 
  at <Default frontmatter= {} > 
  at <Slides.mdslidev30> 
  at <AsyncComponentWrapper> 
  at <SlideWrapper key=30 clicks-context= {current: undefined, clicksStart: 0, relativeSizeMap: undefined, maxMap: undefined, isMounted: undefined} route= {no: 30, meta: Proxy(Object), load: , component: Object}  ... > 
  at <TransitionGroup name="slide-right" id="slideshow" tag="div"  ... > 
  at <SlidesShow render-context="slide" > 
  at <SlideContainer style= {background: var(--slidev-slide-container-background, black)} is-main="" content-style= {filter: }  ... > 
  at <Play onVnodeUnmounted=fn<onVnodeUnmounted> ref=Ref< Proxy(Object) > > 
  at <RouterView> 
  at <App> @ http://localhost:3032/@fs/Users/wraithy/Development/Trask/ClaudeCodePresentation/node_modules/.pnpm/@vue+runtime-core@3.5.35/node_modules/@vue/runtime-core/dist/runtime-core.esm-bundler.js?v=1759ab92:40
[ 2558539ms] [WARNING] [Vue warn]: Failed to resolve component: AutoFit
If this is a native custom element, make sure to exclude it from component resolution via compilerOptions.isCustomElement. 
  at <Default frontmatter= {} > 
  at <Slides.mdslidev29> 
  at <AsyncComponentWrapper> 
  at <SlideWrapper key=29 clicks-context= {current: undefined, clicksStart: 0, relativeSizeMap: undefined, maxMap: undefined, isMounted: undefined} route= {no: 29, meta: Proxy(Object), load: , component: Object}  ... > 
  at <TransitionGroup name="slide-right" id="slideshow" tag="div"  ... > 
  at <SlidesShow render-context="slide" > 
  at <SlideContainer style= {background: var(--slidev-slide-container-background, black)} is-main="" content-style= {filter: }  ... > 
  at <Play onVnodeUnmounted=fn<onVnodeUnmounted> ref=Ref< Proxy(Object) > > 
  at <RouterView> 
  at <App> @ http://localhost:3032/@fs/Users/wraithy/Development/Trask/ClaudeCodePresentation/node_modules/.pnpm/@vue+runtime-core@3.5.35/node_modules/@vue/runtime-core/dist/runtime-core.esm-bundler.js?v=1759ab92:40
[ 2558539ms] [WARNING] [Vue warn]: Failed to resolve component: AutoFit
If this is a native custom element, make sure to exclude it from component resolution via compilerOptions.isCustomElement. 
  at <Default frontmatter= {} > 
  at <Slides.mdslidev4> 
  at <AsyncComponentWrapper> 
  at <SlideWrapper key=4 clicks-context= {current: undefined, clicksStart: 0, relativeSizeMap: undefined, maxMap: undefined, isMounted: undefined} route= {no: 4, meta: Proxy(Object), load: , component: Object}  ... > 
  at <TransitionGroup name="slide-right" id="slideshow" tag="div"  ... > 
  at <SlidesShow render-context="slide" > 
  at <SlideContainer style= {background: var(--slidev-slide-container-background, black)} is-main="" content-style= {filter: }  ... > 
  at <Play onVnodeUnmounted=fn<onVnodeUnmounted> ref=Ref< Proxy(Object) > > 
  at <RouterView> 
  at <App> @ http://localhost:3032/@fs/Users/wraithy/Development/Trask/ClaudeCodePresentation/node_modules/.pnpm/@vue+runtime-core@3.5.35/node_modules/@vue/runtime-core/dist/runtime-core.esm-bundler.js?v=1759ab92:40
[ 2562919ms] [WARNING] [Vue warn]: Failed to resolve component: AutoFit
If this is a native custom element, make sure to exclude it from component resolution via compilerOptions.isCustomElement. 
  at <Default frontmatter= {} > 
  at <Slides.mdslidev2> 
  at <AsyncComponentWrapper> 
  at <SlideWrapper key=2 clicks-context= {current: undefined, clicksStart: 0, relativeSizeMap: undefined, maxMap: undefined, isMounted: undefined} route= {no: 2, meta: Proxy(Object), load: , component: Object}  ... > 
  at <TransitionGroup name="slide-left" id="slideshow" tag="div"  ... > 
  at <SlidesShow render-context="slide" > 
  at <SlideContainer style= {background: var(--slidev-slide-container-background, black)} is-main="" content-style= {filter: }  ... > 
  at <Play onVnodeUnmounted=fn<onVnodeUnmounted> ref=Ref< Proxy(Object) > > 
  at <RouterView> 
  at <App> @ http://localhost:3032/@fs/Users/wraithy/Development/Trask/ClaudeCodePresentation/node_modules/.pnpm/@vue+runtime-core@3.5.35/node_modules/@vue/runtime-core/dist/runtime-core.esm-bundler.js?v=1759ab92:40
[ 2562920ms] [WARNING] [Vue warn]: Failed to resolve component: AutoFit
If this is a native custom element, make sure to exclude it from component resolution via compilerOptions.isCustomElement. 
  at <Default frontmatter= {} > 
  at <Slides.mdslidev5> 
  at <AsyncComponentWrapper> 
  at <SlideWrapper key=5 clicks-context= {current: undefined, clicksStart: 0, relativeSizeMap: undefined, maxMap: undefined, isMounted: undefined} route= {no: 5, meta: Proxy(Object), load: , component: Object}  ... > 
  at <TransitionGroup name="slide-left" id="slideshow" tag="div"  ... > 
  at <SlidesShow render-context="slide" > 
  at <SlideContainer style= {background: var(--slidev-slide-container-background, black)} is-main="" content-style= {filter: }  ... > 
  at <Play onVnodeUnmounted=fn<onVnodeUnmounted> ref=Ref< Proxy(Object) > > 
  at <RouterView> 
  at <App> @ http://localhost:3032/@fs/Users/wraithy/Development/Trask/ClaudeCodePresentation/node_modules/.pnpm/@vue+runtime-core@3.5.35/node_modules/@vue/runtime-core/dist/runtime-core.esm-bundler.js?v=1759ab92:40
[ 2562920ms] [WARNING] [Vue warn]: Failed to resolve component: AutoFit
If this is a native custom element, make sure to exclude it from component resolution via compilerOptions.isCustomElement. 
  at <Default frontmatter= {} > 
  at <Slides.mdslidev6> 
  at <AsyncComponentWrapper> 
  at <SlideWrapper key=6 clicks-context= {current: undefined, clicksStart: 0, relativeSizeMap: undefined, maxMap: undefined, isMounted: undefined} route= {no: 6, meta: Proxy(Object), load: , component: Object}  ... > 
  at <TransitionGroup name="slide-left" id="slideshow" tag="div"  ... > 
  at <SlidesShow render-context="slide" > 
  at <SlideContainer style= {background: var(--slidev-slide-container-background, black)} is-main="" content-style= {filter: }  ... > 
  at <Play onVnodeUnmounted=fn<onVnodeUnmounted> ref=Ref< Proxy(Object) > > 
  at <RouterView> 
  at <App> @ http://localhost:3032/@fs/Users/wraithy/Development/Trask/ClaudeCodePresentation/node_modules/.pnpm/@vue+runtime-core@3.5.35/node_modules/@vue/runtime-core/dist/runtime-core.esm-bundler.js?v=1759ab92:40
[ 2562920ms] [WARNING] [Vue warn]: Failed to resolve component: AutoFit
If this is a native custom element, make sure to exclude it from component resolution via compilerOptions.isCustomElement. 
  at <Default frontmatter= {} > 
  at <Slides.mdslidev11> 
  at <AsyncComponentWrapper> 
  at <SlideWrapper key=11 clicks-context= {current: undefined, clicksStart: 0, relativeSizeMap: undefined, maxMap: undefined, isMounted: undefined} route= {no: 11, meta: Proxy(Object), load: , component: Object}  ... > 
  at <TransitionGroup name="slide-left" id="slideshow" tag="div"  ... > 
  at <SlidesShow render-context="slide" > 
  at <SlideContainer style= {background: var(--slidev-slide-container-background, black)} is-main="" content-style= {filter: }  ... > 
  at <Play onVnodeUnmounted=fn<onVnodeUnmounted> ref=Ref< Proxy(Object) > > 
  at <RouterView> 
  at <App> @ http://localhost:3032/@fs/Users/wraithy/Development/Trask/ClaudeCodePresentation/node_modules/.pnpm/@vue+runtime-core@3.5.35/node_modules/@vue/runtime-core/dist/runtime-core.esm-bundler.js?v=1759ab92:40
[ 2562920ms] [WARNING] [Vue warn]: Failed to resolve component: AutoFit
If this is a native custom element, make sure to exclude it from component resolution via compilerOptions.isCustomElement. 
  at <Default frontmatter= {} > 
  at <Slides.mdslidev7> 
  at <AsyncComponentWrapper> 
  at <SlideWrapper key=7 clicks-context= {current: undefined, clicksStart: 0, relativeSizeMap: undefined, maxMap: undefined, isMounted: undefined} route= {no: 7, meta: Proxy(Object), load: , component: Object}  ... > 
  at <TransitionGroup name="slide-left" id="slideshow" tag="div"  ... > 
  at <SlidesShow render-context="slide" > 
  at <SlideContainer style= {background: var(--slidev-slide-container-background, black)} is-main="" content-style= {filter: }  ... > 
  at <Play onVnodeUnmounted=fn<onVnodeUnmounted> ref=Ref< Proxy(Object) > > 
  at <RouterView> 
  at <App> @ http://localhost:3032/@fs/Users/wraithy/Development/Trask/ClaudeCodePresentation/node_modules/.pnpm/@vue+runtime-core@3.5.35/node_modules/@vue/runtime-core/dist/runtime-core.esm-bundler.js?v=1759ab92:40
[ 2562921ms] [WARNING] [Vue warn]: Failed to resolve component: AutoFit
If this is a native custom element, make sure to exclude it from component resolution via compilerOptions.isCustomElement. 
  at <Default frontmatter= {} > 
  at <Slides.mdslidev9> 
  at <AsyncComponentWrapper> 
  at <SlideWrapper key=9 clicks-context= {current: undefined, clicksStart: 0, relativeSizeMap: undefined, maxMap: undefined, isMounted: undefined} route= {no: 9, meta: Proxy(Object), load: , component: Object}  ... > 
  at <TransitionGroup name="slide-left" id="slideshow" tag="div"  ... > 
  at <SlidesShow render-context="slide" > 
  at <SlideContainer style= {background: var(--slidev-slide-container-background, black)} is-main="" content-style= {filter: }  ... > 
  at <Play onVnodeUnmounted=fn<onVnodeUnmounted> ref=Ref< Proxy(Object) > > 
  at <RouterView> 
  at <App> @ http://localhost:3032/@fs/Users/wraithy/Development/Trask/ClaudeCodePresentation/node_modules/.pnpm/@vue+runtime-core@3.5.35/node_modules/@vue/runtime-core/dist/runtime-core.esm-bundler.js?v=1759ab92:40
[ 2562921ms] [WARNING] [Vue warn]: Failed to resolve component: AutoFit
If this is a native custom element, make sure to exclude it from component resolution via compilerOptions.isCustomElement. 
  at <Default frontmatter= {} > 
  at <Slides.mdslidev10> 
  at <AsyncComponentWrapper> 
  at <SlideWrapper key=10 clicks-context= {current: undefined, clicksStart: 0, relativeSizeMap: undefined, maxMap: undefined, isMounted: undefined} route= {no: 10, meta: Proxy(Object), load: , component: Object}  ... > 
  at <TransitionGroup name="slide-left" id="slideshow" tag="div"  ... > 
  at <SlidesShow render-context="slide" > 
  at <SlideContainer style= {background: var(--slidev-slide-container-background, black)} is-main="" content-style= {filter: }  ... > 
  at <Play onVnodeUnmounted=fn<onVnodeUnmounted> ref=Ref< Proxy(Object) > > 
  at <RouterView> 
  at <App> @ http://localhost:3032/@fs/Users/wraithy/Development/Trask/ClaudeCodePresentation/node_modules/.pnpm/@vue+runtime-core@3.5.35/node_modules/@vue/runtime-core/dist/runtime-core.esm-bundler.js?v=1759ab92:40
[ 2562921ms] [WARNING] [Vue warn]: Failed to resolve component: AutoFit
If this is a native custom element, make sure to exclude it from component resolution via compilerOptions.isCustomElement. 
  at <Default frontmatter= {} > 
  at <Slides.mdslidev16> 
  at <AsyncComponentWrapper> 
  at <SlideWrapper key=16 clicks-context= {current: undefined, clicksStart: 0, relativeSizeMap: undefined, maxMap: undefined, isMounted: undefined} route= {no: 16, meta: Proxy(Object), load: , component: Object}  ... > 
  at <TransitionGroup name="slide-left" id="slideshow" tag="div"  ... > 
  at <SlidesShow render-context="slide" > 
  at <SlideContainer style= {background: var(--slidev-slide-container-background, black)} is-main="" content-style= {filter: }  ... > 
  at <Play onVnodeUnmounted=fn<onVnodeUnmounted> ref=Ref< Proxy(Object) > > 
  at <RouterView> 
  at <App> @ http://localhost:3032/@fs/Users/wraithy/Development/Trask/ClaudeCodePresentation/node_modules/.pnpm/@vue+runtime-core@3.5.35/node_modules/@vue/runtime-core/dist/runtime-core.esm-bundler.js?v=1759ab92:40
[ 2562921ms] [WARNING] [Vue warn]: Failed to resolve component: AutoFit
If this is a native custom element, make sure to exclude it from component resolution via compilerOptions.isCustomElement. 
  at <Default frontmatter= {} > 
  at <Slides.mdslidev15> 
  at <AsyncComponentWrapper> 
  at <SlideWrapper key=15 clicks-context= {current: undefined, clicksStart: 0, relativeSizeMap: undefined, maxMap: undefined, isMounted: undefined} route= {no: 15, meta: Proxy(Object), load: , component: Object}  ... > 
  at <TransitionGroup name="slide-left" id="slideshow" tag="div"  ... > 
  at <SlidesShow render-context="slide" > 
  at <SlideContainer style= {background: var(--slidev-slide-container-background, black)} is-main="" content-style= {filter: }  ... > 
  at <Play onVnodeUnmounted=fn<onVnodeUnmounted> ref=Ref< Proxy(Object) > > 
  at <RouterView> 
  at <App> @ http://localhost:3032/@fs/Users/wraithy/Development/Trask/ClaudeCodePresentation/node_modules/.pnpm/@vue+runtime-core@3.5.35/node_modules/@vue/runtime-core/dist/runtime-core.esm-bundler.js?v=1759ab92:40
[ 2562921ms] [WARNING] [Vue warn]: Failed to resolve component: AutoFit
If this is a native custom element, make sure to exclude it from component resolution via compilerOptions.isCustomElement. 
  at <Default frontmatter= {} > 
  at <Slides.mdslidev12> 
  at <AsyncComponentWrapper> 
  at <SlideWrapper key=12 clicks-context= {current: undefined, clicksStart: 0, relativeSizeMap: undefined, maxMap: undefined, isMounted: undefined} route= {no: 12, meta: Proxy(Object), load: , component: Object}  ... > 
  at <TransitionGroup name="slide-left" id="slideshow" tag="div"  ... > 
  at <SlidesShow render-context="slide" > 
  at <SlideContainer style= {background: var(--slidev-slide-container-background, black)} is-main="" content-style= {filter: }  ... > 
  at <Play onVnodeUnmounted=fn<onVnodeUnmounted> ref=Ref< Proxy(Object) > > 
  at <RouterView> 
  at <App> @ http://localhost:3032/@fs/Users/wraithy/Development/Trask/ClaudeCodePresentation/node_modules/.pnpm/@vue+runtime-core@3.5.35/node_modules/@vue/runtime-core/dist/runtime-core.esm-bundler.js?v=1759ab92:40
[ 2562922ms] [WARNING] [Vue warn]: Failed to resolve component: AutoFit
If this is a native custom element, make sure to exclude it from component resolution via compilerOptions.isCustomElement. 
  at <Default frontmatter= {} > 
  at <Slides.mdslidev13> 
  at <AsyncComponentWrapper> 
  at <SlideWrapper key=13 clicks-context= {current: undefined, clicksStart: 0, relativeSizeMap: undefined, maxMap: undefined, isMounted: undefined} route= {no: 13, meta: Proxy(Object), load: , component: Object}  ... > 
  at <TransitionGroup name="slide-left" id="slideshow" tag="div"  ... > 
  at <SlidesShow render-context="slide" > 
  at <SlideContainer style= {background: var(--slidev-slide-container-background, black)} is-main="" content-style= {filter: }  ... > 
  at <Play onVnodeUnmounted=fn<onVnodeUnmounted> ref=Ref< Proxy(Object) > > 
  at <RouterView> 
  at <App> @ http://localhost:3032/@fs/Users/wraithy/Development/Trask/ClaudeCodePresentation/node_modules/.pnpm/@vue+runtime-core@3.5.35/node_modules/@vue/runtime-core/dist/runtime-core.esm-bundler.js?v=1759ab92:40
[ 2562922ms] [WARNING] [Vue warn]: Failed to resolve component: AutoFit
If this is a native custom element, make sure to exclude it from component resolution via compilerOptions.isCustomElement. 
  at <Default frontmatter= {} > 
  at <Slides.mdslidev20> 
  at <AsyncComponentWrapper> 
  at <SlideWrapper key=20 clicks-context= {current: undefined, clicksStart: 0, relativeSizeMap: undefined, maxMap: undefined, isMounted: undefined} route= {no: 20, meta: Proxy(Object), load: , component: Object}  ... > 
  at <TransitionGroup name="slide-left" id="slideshow" tag="div"  ... > 
  at <SlidesShow render-context="slide" > 
  at <SlideContainer style= {background: var(--slidev-slide-container-background, black)} is-main="" content-style= {filter: }  ... > 
  at <Play onVnodeUnmounted=fn<onVnodeUnmounted> ref=Ref< Proxy(Object) > > 
  at <RouterView> 
  at <App> @ http://localhost:3032/@fs/Users/wraithy/Development/Trask/ClaudeCodePresentation/node_modules/.pnpm/@vue+runtime-core@3.5.35/node_modules/@vue/runtime-core/dist/runtime-core.esm-bundler.js?v=1759ab92:40
[ 2562922ms] [WARNING] [Vue warn]: Failed to resolve component: AutoFit
If this is a native custom element, make sure to exclude it from component resolution via compilerOptions.isCustomElement. 
  at <Default frontmatter= {} > 
  at <Slides.mdslidev21> 
  at <AsyncComponentWrapper> 
  at <SlideWrapper key=21 clicks-context= {current: undefined, clicksStart: 0, relativeSizeMap: undefined, maxMap: undefined, isMounted: undefined} route= {no: 21, meta: Proxy(Object), load: , component: Object}  ... > 
  at <TransitionGroup name="slide-left" id="slideshow" tag="div"  ... > 
  at <SlidesShow render-context="slide" > 
  at <SlideContainer style= {background: var(--slidev-slide-container-background, black)} is-main="" content-style= {filter: }  ... > 
  at <Play onVnodeUnmounted=fn<onVnodeUnmounted> ref=Ref< Proxy(Object) > > 
  at <RouterView> 
  at <App> @ http://localhost:3032/@fs/Users/wraithy/Development/Trask/ClaudeCodePresentation/node_modules/.pnpm/@vue+runtime-core@3.5.35/node_modules/@vue/runtime-core/dist/runtime-core.esm-bundler.js?v=1759ab92:40
[ 2562922ms] [WARNING] [Vue warn]: Failed to resolve component: AutoFit
If this is a native custom element, make sure to exclude it from component resolution via compilerOptions.isCustomElement. 
  at <Default frontmatter= {} > 
  at <Slides.mdslidev22> 
  at <AsyncComponentWrapper> 
  at <SlideWrapper key=22 clicks-context= {current: undefined, clicksStart: 0, relativeSizeMap: undefined, maxMap: undefined, isMounted: undefined} route= {no: 22, meta: Proxy(Object), load: , component: Object}  ... > 
  at <TransitionGroup name="slide-left" id="slideshow" tag="div"  ... > 
  at <SlidesShow render-context="slide" > 
  at <SlideContainer style= {background: var(--slidev-slide-container-background, black)} is-main="" content-style= {filter: }  ... > 
  at <Play onVnodeUnmounted=fn<onVnodeUnmounted> ref=Ref< Proxy(Object) > > 
  at <RouterView> 
  at <App> @ http://localhost:3032/@fs/Users/wraithy/Development/Trask/ClaudeCodePresentation/node_modules/.pnpm/@vue+runtime-core@3.5.35/node_modules/@vue/runtime-core/dist/runtime-core.esm-bundler.js?v=1759ab92:40
[ 2562923ms] [WARNING] [Vue warn]: Failed to resolve component: AutoFit
If this is a native custom element, make sure to exclude it from component resolution via compilerOptions.isCustomElement. 
  at <Default frontmatter= {} > 
  at <Slides.mdslidev17> 
  at <AsyncComponentWrapper> 
  at <SlideWrapper key=17 clicks-context= {current: undefined, clicksStart: 0, relativeSizeMap: undefined, maxMap: undefined, isMounted: undefined} route= {no: 17, meta: Proxy(Object), load: , component: Object}  ... > 
  at <TransitionGroup name="slide-left" id="slideshow" tag="div"  ... > 
  at <SlidesShow render-context="slide" > 
  at <SlideContainer style= {background: var(--slidev-slide-container-background, black)} is-main="" content-style= {filter: }  ... > 
  at <Play onVnodeUnmounted=fn<onVnodeUnmounted> ref=Ref< Proxy(Object) > > 
  at <RouterView> 
  at <App> @ http://localhost:3032/@fs/Users/wraithy/Development/Trask/ClaudeCodePresentation/node_modules/.pnpm/@vue+runtime-core@3.5.35/node_modules/@vue/runtime-core/dist/runtime-core.esm-bundler.js?v=1759ab92:40
[ 2562923ms] [WARNING] [Vue warn]: Failed to resolve component: AutoFit
If this is a native custom element, make sure to exclude it from component resolution via compilerOptions.isCustomElement. 
  at <Default frontmatter= {} > 
  at <Slides.mdslidev23> 
  at <AsyncComponentWrapper> 
  at <SlideWrapper key=23 clicks-context= {current: undefined, clicksStart: 0, relativeSizeMap: undefined, maxMap: undefined, isMounted: undefined} route= {no: 23, meta: Proxy(Object), load: , component: Object}  ... > 
  at <TransitionGroup name="slide-left" id="slideshow" tag="div"  ... > 
  at <SlidesShow render-context="slide" > 
  at <SlideContainer style= {background: var(--slidev-slide-container-background, black)} is-main="" content-style= {filter: }  ... > 
  at <Play onVnodeUnmounted=fn<onVnodeUnmounted> ref=Ref< Proxy(Object) > > 
  at <RouterView> 
  at <App> @ http://localhost:3032/@fs/Users/wraithy/Development/Trask/ClaudeCodePresentation/node_modules/.pnpm/@vue+runtime-core@3.5.35/node_modules/@vue/runtime-core/dist/runtime-core.esm-bundler.js?v=1759ab92:40
[ 2562923ms] [WARNING] [Vue warn]: Failed to resolve component: AutoFit
If this is a native custom element, make sure to exclude it from component resolution via compilerOptions.isCustomElement. 
  at <Default frontmatter= {} > 
  at <Slides.mdslidev25> 
  at <AsyncComponentWrapper> 
  at <SlideWrapper key=25 clicks-context= {current: undefined, clicksStart: 0, relativeSizeMap: undefined, maxMap: undefined, isMounted: undefined} route= {no: 25, meta: Proxy(Object), load: , component: Object}  ... > 
  at <TransitionGroup name="slide-left" id="slideshow" tag="div"  ... > 
  at <SlidesShow render-context="slide" > 
  at <SlideContainer style= {background: var(--slidev-slide-container-background, black)} is-main="" content-style= {filter: }  ... > 
  at <Play onVnodeUnmounted=fn<onVnodeUnmounted> ref=Ref< Proxy(Object) > > 
  at <RouterView> 
  at <App> @ http://localhost:3032/@fs/Users/wraithy/Development/Trask/ClaudeCodePresentation/node_modules/.pnpm/@vue+runtime-core@3.5.35/node_modules/@vue/runtime-core/dist/runtime-core.esm-bundler.js?v=1759ab92:40
[ 2562923ms] [WARNING] [Vue warn]: Failed to resolve component: AutoFit
If this is a native custom element, make sure to exclude it from component resolution via compilerOptions.isCustomElement. 
  at <Default frontmatter= {} > 
  at <Slides.mdslidev19> 
  at <AsyncComponentWrapper> 
  at <SlideWrapper key=19 clicks-context= {current: undefined, clicksStart: 0, relativeSizeMap: undefined, maxMap: undefined, isMounted: undefined} route= {no: 19, meta: Proxy(Object), load: , component: Object}  ... > 
  at <TransitionGroup name="slide-left" id="slideshow" tag="div"  ... > 
  at <SlidesShow render-context="slide" > 
  at <SlideContainer style= {background: var(--slidev-slide-container-background, black)} is-main="" content-style= {filter: }  ... > 
  at <Play onVnodeUnmounted=fn<onVnodeUnmounted> ref=Ref< Proxy(Object) > > 
  at <RouterView> 
  at <App> @ http://localhost:3032/@fs/Users/wraithy/Development/Trask/ClaudeCodePresentation/node_modules/.pnpm/@vue+runtime-core@3.5.35/node_modules/@vue/runtime-core/dist/runtime-core.esm-bundler.js?v=1759ab92:40
[ 2562923ms] [WARNING] [Vue warn]: Failed to resolve component: AutoFit
If this is a native custom element, make sure to exclude it from component resolution via compilerOptions.isCustomElement. 
  at <Default frontmatter= {} > 
  at <Slides.mdslidev26> 
  at <AsyncComponentWrapper> 
  at <SlideWrapper key=26 clicks-context= {current: undefined, clicksStart: 0, relativeSizeMap: undefined, maxMap: undefined, isMounted: undefined} route= {no: 26, meta: Proxy(Object), load: , component: Object}  ... > 
  at <TransitionGroup name="slide-left" id="slideshow" tag="div"  ... > 
  at <SlidesShow render-context="slide" > 
  at <SlideContainer style= {background: var(--slidev-slide-container-background, black)} is-main="" content-style= {filter: }  ... > 
  at <Play onVnodeUnmounted=fn<onVnodeUnmounted> ref=Ref< Proxy(Object) > > 
  at <RouterView> 
  at <App> @ http://localhost:3032/@fs/Users/wraithy/Development/Trask/ClaudeCodePresentation/node_modules/.pnpm/@vue+runtime-core@3.5.35/node_modules/@vue/runtime-core/dist/runtime-core.esm-bundler.js?v=1759ab92:40
[ 2562924ms] [WARNING] [Vue warn]: Failed to resolve component: AutoFit
If this is a native custom element, make sure to exclude it from component resolution via compilerOptions.isCustomElement. 
  at <Default frontmatter= {} > 
  at <Slides.mdslidev27> 
  at <AsyncComponentWrapper> 
  at <SlideWrapper key=27 clicks-context= {current: undefined, clicksStart: 0, relativeSizeMap: undefined, maxMap: undefined, isMounted: undefined} route= {no: 27, meta: Proxy(Object), load: , component: Object}  ... > 
  at <TransitionGroup name="slide-left" id="slideshow" tag="div"  ... > 
  at <SlidesShow render-context="slide" > 
  at <SlideContainer style= {background: var(--slidev-slide-container-background, black)} is-main="" content-style= {filter: }  ... > 
  at <Play onVnodeUnmounted=fn<onVnodeUnmounted> ref=Ref< Proxy(Object) > > 
  at <RouterView> 
  at <App> @ http://localhost:3032/@fs/Users/wraithy/Development/Trask/ClaudeCodePresentation/node_modules/.pnpm/@vue+runtime-core@3.5.35/node_modules/@vue/runtime-core/dist/runtime-core.esm-bundler.js?v=1759ab92:40
[ 2562925ms] [WARNING] [Vue warn]: Failed to resolve component: AutoFit
If this is a native custom element, make sure to exclude it from component resolution via compilerOptions.isCustomElement. 
  at <Default frontmatter= {} > 
  at <Slides.mdslidev32> 
  at <AsyncComponentWrapper> 
  at <SlideWrapper key=32 clicks-context= {current: undefined, clicksStart: 0, relativeSizeMap: undefined, maxMap: undefined, isMounted: undefined} route= {no: 32, meta: Proxy(Object), load: , component: Object}  ... > 
  at <TransitionGroup name="slide-left" id="slideshow" tag="div"  ... > 
  at <SlidesShow render-context="slide" > 
  at <SlideContainer style= {background: var(--slidev-slide-container-background, black)} is-main="" content-style= {filter: }  ... > 
  at <Play onVnodeUnmounted=fn<onVnodeUnmounted> ref=Ref< Proxy(Object) > > 
  at <RouterView> 
  at <App> @ http://localhost:3032/@fs/Users/wraithy/Development/Trask/ClaudeCodePresentation/node_modules/.pnpm/@vue+runtime-core@3.5.35/node_modules/@vue/runtime-core/dist/runtime-core.esm-bundler.js?v=1759ab92:40
[ 2562925ms] [WARNING] [Vue warn]: Failed to resolve component: AutoFit
If this is a native custom element, make sure to exclude it from component resolution via compilerOptions.isCustomElement. 
  at <Default frontmatter= {} > 
  at <Slides.mdslidev30> 
  at <AsyncComponentWrapper> 
  at <SlideWrapper key=30 clicks-context= {current: undefined, clicksStart: 0, relativeSizeMap: undefined, maxMap: undefined, isMounted: undefined} route= {no: 30, meta: Proxy(Object), load: , component: Object}  ... > 
  at <TransitionGroup name="slide-left" id="slideshow" tag="div"  ... > 
  at <SlidesShow render-context="slide" > 
  at <SlideContainer style= {background: var(--slidev-slide-container-background, black)} is-main="" content-style= {filter: }  ... > 
  at <Play onVnodeUnmounted=fn<onVnodeUnmounted> ref=Ref< Proxy(Object) > > 
  at <RouterView> 
  at <App> @ http://localhost:3032/@fs/Users/wraithy/Development/Trask/ClaudeCodePresentation/node_modules/.pnpm/@vue+runtime-core@3.5.35/node_modules/@vue/runtime-core/dist/runtime-core.esm-bundler.js?v=1759ab92:40
[ 2562926ms] [WARNING] [Vue warn]: Failed to resolve component: AutoFit
If this is a native custom element, make sure to exclude it from component resolution via compilerOptions.isCustomElement. 
  at <Default frontmatter= {} > 
  at <Slides.mdslidev29> 
  at <AsyncComponentWrapper> 
  at <SlideWrapper key=29 clicks-context= {current: undefined, clicksStart: 0, relativeSizeMap: undefined, maxMap: undefined, isMounted: undefined} route= {no: 29, meta: Proxy(Object), load: , component: Object}  ... > 
  at <TransitionGroup name="slide-left" id="slideshow" tag="div"  ... > 
  at <SlidesShow render-context="slide" > 
  at <SlideContainer style= {background: var(--slidev-slide-container-background, black)} is-main="" content-style= {filter: }  ... > 
  at <Play onVnodeUnmounted=fn<onVnodeUnmounted> ref=Ref< Proxy(Object) > > 
  at <RouterView> 
  at <App> @ http://localhost:3032/@fs/Users/wraithy/Development/Trask/ClaudeCodePresentation/node_modules/.pnpm/@vue+runtime-core@3.5.35/node_modules/@vue/runtime-core/dist/runtime-core.esm-bundler.js?v=1759ab92:40
[ 2562926ms] [WARNING] [Vue warn]: Failed to resolve component: AutoFit
If this is a native custom element, make sure to exclude it from component resolution via compilerOptions.isCustomElement. 
  at <Default frontmatter= {} > 
  at <Slides.mdslidev4> 
  at <AsyncComponentWrapper> 
  at <SlideWrapper key=4 clicks-context= {current: undefined, clicksStart: 0, relativeSizeMap: undefined, maxMap: undefined, isMounted: undefined} route= {no: 4, meta: Proxy(Object), load: , component: Object}  ... > 
  at <TransitionGroup name="slide-left" id="slideshow" tag="div"  ... > 
  at <SlidesShow render-context="slide" > 
  at <SlideContainer style= {background: var(--slidev-slide-container-background, black)} is-main="" content-style= {filter: }  ... > 
  at <Play onVnodeUnmounted=fn<onVnodeUnmounted> ref=Ref< Proxy(Object) > > 
  at <RouterView> 
  at <App> @ http://localhost:3032/@fs/Users/wraithy/Development/Trask/ClaudeCodePresentation/node_modules/.pnpm/@vue+runtime-core@3.5.35/node_modules/@vue/runtime-core/dist/runtime-core.esm-bundler.js?v=1759ab92:40
[ 2563620ms] [WARNING] [Vue warn]: Failed to resolve component: AutoFit
If this is a native custom element, make sure to exclude it from component resolution via compilerOptions.isCustomElement. 
  at <Default frontmatter= {} > 
  at <Slides.mdslidev2> 
  at <AsyncComponentWrapper> 
  at <SlideWrapper key=2 clicks-context= {current: undefined, clicksStart: 0, relativeSizeMap: undefined, maxMap: undefined, isMounted: undefined} route= {no: 2, meta: Proxy(Object), load: , component: Object}  ... > 
  at <TransitionGroup name="slide-left" id="slideshow" tag="div"  ... > 
  at <SlidesShow render-context="slide" > 
  at <SlideContainer style= {background: var(--slidev-slide-container-background, black)} is-main="" content-style= {filter: }  ... > 
  at <Play onVnodeUnmounted=fn<onVnodeUnmounted> ref=Ref< Proxy(Object) > > 
  at <RouterView> 
  at <App> @ http://localhost:3032/@fs/Users/wraithy/Development/Trask/ClaudeCodePresentation/node_modules/.pnpm/@vue+runtime-core@3.5.35/node_modules/@vue/runtime-core/dist/runtime-core.esm-bundler.js?v=1759ab92:40
[ 2563621ms] [WARNING] [Vue warn]: Failed to resolve component: AutoFit
If this is a native custom element, make sure to exclude it from component resolution via compilerOptions.isCustomElement. 
  at <Default frontmatter= {} > 
  at <Slides.mdslidev5> 
  at <AsyncComponentWrapper> 
  at <SlideWrapper key=5 clicks-context= {current: undefined, clicksStart: 0, relativeSizeMap: undefined, maxMap: undefined, isMounted: undefined} route= {no: 5, meta: Proxy(Object), load: , component: Object}  ... > 
  at <TransitionGroup name="slide-left" id="slideshow" tag="div"  ... > 
  at <SlidesShow render-context="slide" > 
  at <SlideContainer style= {background: var(--slidev-slide-container-background, black)} is-main="" content-style= {filter: }  ... > 
  at <Play onVnodeUnmounted=fn<onVnodeUnmounted> ref=Ref< Proxy(Object) > > 
  at <RouterView> 
  at <App> @ http://localhost:3032/@fs/Users/wraithy/Development/Trask/ClaudeCodePresentation/node_modules/.pnpm/@vue+runtime-core@3.5.35/node_modules/@vue/runtime-core/dist/runtime-core.esm-bundler.js?v=1759ab92:40
[ 2563621ms] [WARNING] [Vue warn]: Failed to resolve component: AutoFit
If this is a native custom element, make sure to exclude it from component resolution via compilerOptions.isCustomElement. 
  at <Default frontmatter= {} > 
  at <Slides.mdslidev6> 
  at <AsyncComponentWrapper> 
  at <SlideWrapper key=6 clicks-context= {current: undefined, clicksStart: 0, relativeSizeMap: undefined, maxMap: undefined, isMounted: undefined} route= {no: 6, meta: Proxy(Object), load: , component: Object}  ... > 
  at <TransitionGroup name="slide-left" id="slideshow" tag="div"  ... > 
  at <SlidesShow render-context="slide" > 
  at <SlideContainer style= {background: var(--slidev-slide-container-background, black)} is-main="" content-style= {filter: }  ... > 
  at <Play onVnodeUnmounted=fn<onVnodeUnmounted> ref=Ref< Proxy(Object) > > 
  at <RouterView> 
  at <App> @ http://localhost:3032/@fs/Users/wraithy/Development/Trask/ClaudeCodePresentation/node_modules/.pnpm/@vue+runtime-core@3.5.35/node_modules/@vue/runtime-core/dist/runtime-core.esm-bundler.js?v=1759ab92:40
[ 2563622ms] [WARNING] [Vue warn]: Failed to resolve component: AutoFit
If this is a native custom element, make sure to exclude it from component resolution via compilerOptions.isCustomElement. 
  at <Default frontmatter= {} > 
  at <Slides.mdslidev11> 
  at <AsyncComponentWrapper> 
  at <SlideWrapper key=11 clicks-context= {current: undefined, clicksStart: 0, relativeSizeMap: undefined, maxMap: undefined, isMounted: undefined} route= {no: 11, meta: Proxy(Object), load: , component: Object}  ... > 
  at <TransitionGroup name="slide-left" id="slideshow" tag="div"  ... > 
  at <SlidesShow render-context="slide" > 
  at <SlideContainer style= {background: var(--slidev-slide-container-background, black)} is-main="" content-style= {filter: }  ... > 
  at <Play onVnodeUnmounted=fn<onVnodeUnmounted> ref=Ref< Proxy(Object) > > 
  at <RouterView> 
  at <App> @ http://localhost:3032/@fs/Users/wraithy/Development/Trask/ClaudeCodePresentation/node_modules/.pnpm/@vue+runtime-core@3.5.35/node_modules/@vue/runtime-core/dist/runtime-core.esm-bundler.js?v=1759ab92:40
[ 2563623ms] [WARNING] [Vue warn]: Failed to resolve component: AutoFit
If this is a native custom element, make sure to exclude it from component resolution via compilerOptions.isCustomElement. 
  at <Default frontmatter= {} > 
  at <Slides.mdslidev7> 
  at <AsyncComponentWrapper> 
  at <SlideWrapper key=7 clicks-context= {current: undefined, clicksStart: 0, relativeSizeMap: undefined, maxMap: undefined, isMounted: undefined} route= {no: 7, meta: Proxy(Object), load: , component: Object}  ... > 
  at <TransitionGroup name="slide-left" id="slideshow" tag="div"  ... > 
  at <SlidesShow render-context="slide" > 
  at <SlideContainer style= {background: var(--slidev-slide-container-background, black)} is-main="" content-style= {filter: }  ... > 
  at <Play onVnodeUnmounted=fn<onVnodeUnmounted> ref=Ref< Proxy(Object) > > 
  at <RouterView> 
  at <App> @ http://localhost:3032/@fs/Users/wraithy/Development/Trask/ClaudeCodePresentation/node_modules/.pnpm/@vue+runtime-core@3.5.35/node_modules/@vue/runtime-core/dist/runtime-core.esm-bundler.js?v=1759ab92:40
[ 2563623ms] [WARNING] [Vue warn]: Failed to resolve component: AutoFit
If this is a native custom element, make sure to exclude it from component resolution via compilerOptions.isCustomElement. 
  at <Default frontmatter= {} > 
  at <Slides.mdslidev9> 
  at <AsyncComponentWrapper> 
  at <SlideWrapper key=9 clicks-context= {current: undefined, clicksStart: 0, relativeSizeMap: undefined, maxMap: undefined, isMounted: undefined} route= {no: 9, meta: Proxy(Object), load: , component: Object}  ... > 
  at <TransitionGroup name="slide-left" id="slideshow" tag="div"  ... > 
  at <SlidesShow render-context="slide" > 
  at <SlideContainer style= {background: var(--slidev-slide-container-background, black)} is-main="" content-style= {filter: }  ... > 
  at <Play onVnodeUnmounted=fn<onVnodeUnmounted> ref=Ref< Proxy(Object) > > 
  at <RouterView> 
  at <App> @ http://localhost:3032/@fs/Users/wraithy/Development/Trask/ClaudeCodePresentation/node_modules/.pnpm/@vue+runtime-core@3.5.35/node_modules/@vue/runtime-core/dist/runtime-core.esm-bundler.js?v=1759ab92:40
[ 2563623ms] [WARNING] [Vue warn]: Failed to resolve component: AutoFit
If this is a native custom element, make sure to exclude it from component resolution via compilerOptions.isCustomElement. 
  at <Default frontmatter= {} > 
  at <Slides.mdslidev10> 
  at <AsyncComponentWrapper> 
  at <SlideWrapper key=10 clicks-context= {current: undefined, clicksStart: 0, relativeSizeMap: undefined, maxMap: undefined, isMounted: undefined} route= {no: 10, meta: Proxy(Object), load: , component: Object}  ... > 
  at <TransitionGroup name="slide-left" id="slideshow" tag="div"  ... > 
  at <SlidesShow render-context="slide" > 
  at <SlideContainer style= {background: var(--slidev-slide-container-background, black)} is-main="" content-style= {filter: }  ... > 
  at <Play onVnodeUnmounted=fn<onVnodeUnmounted> ref=Ref< Proxy(Object) > > 
  at <RouterView> 
  at <App> @ http://localhost:3032/@fs/Users/wraithy/Development/Trask/ClaudeCodePresentation/node_modules/.pnpm/@vue+runtime-core@3.5.35/node_modules/@vue/runtime-core/dist/runtime-core.esm-bundler.js?v=1759ab92:40
[ 2563624ms] [WARNING] [Vue warn]: Failed to resolve component: AutoFit
If this is a native custom element, make sure to exclude it from component resolution via compilerOptions.isCustomElement. 
  at <Default frontmatter= {} > 
  at <Slides.mdslidev16> 
  at <AsyncComponentWrapper> 
  at <SlideWrapper key=16 clicks-context= {current: undefined, clicksStart: 0, relativeSizeMap: undefined, maxMap: undefined, isMounted: undefined} route= {no: 16, meta: Proxy(Object), load: , component: Object}  ... > 
  at <TransitionGroup name="slide-left" id="slideshow" tag="div"  ... > 
  at <SlidesShow render-context="slide" > 
  at <SlideContainer style= {background: var(--slidev-slide-container-background, black)} is-main="" content-style= {filter: }  ... > 
  at <Play onVnodeUnmounted=fn<onVnodeUnmounted> ref=Ref< Proxy(Object) > > 
  at <RouterView> 
  at <App> @ http://localhost:3032/@fs/Users/wraithy/Development/Trask/ClaudeCodePresentation/node_modules/.pnpm/@vue+runtime-core@3.5.35/node_modules/@vue/runtime-core/dist/runtime-core.esm-bundler.js?v=1759ab92:40
[ 2563624ms] [WARNING] [Vue warn]: Failed to resolve component: AutoFit
If this is a native custom element, make sure to exclude it from component resolution via compilerOptions.isCustomElement. 
  at <Default frontmatter= {} > 
  at <Slides.mdslidev15> 
  at <AsyncComponentWrapper> 
  at <SlideWrapper key=15 clicks-context= {current: undefined, clicksStart: 0, relativeSizeMap: undefined, maxMap: undefined, isMounted: undefined} route= {no: 15, meta: Proxy(Object), load: , component: Object}  ... > 
  at <TransitionGroup name="slide-left" id="slideshow" tag="div"  ... > 
  at <SlidesShow render-context="slide" > 
  at <SlideContainer style= {background: var(--slidev-slide-container-background, black)} is-main="" content-style= {filter: }  ... > 
  at <Play onVnodeUnmounted=fn<onVnodeUnmounted> ref=Ref< Proxy(Object) > > 
  at <RouterView> 
  at <App> @ http://localhost:3032/@fs/Users/wraithy/Development/Trask/ClaudeCodePresentation/node_modules/.pnpm/@vue+runtime-core@3.5.35/node_modules/@vue/runtime-core/dist/runtime-core.esm-bundler.js?v=1759ab92:40
[ 2563624ms] [WARNING] [Vue warn]: Failed to resolve component: AutoFit
If this is a native custom element, make sure to exclude it from component resolution via compilerOptions.isCustomElement. 
  at <Default frontmatter= {} > 
  at <Slides.mdslidev12> 
  at <AsyncComponentWrapper> 
  at <SlideWrapper key=12 clicks-context= {current: undefined, clicksStart: 0, relativeSizeMap: undefined, maxMap: undefined, isMounted: undefined} route= {no: 12, meta: Proxy(Object), load: , component: Object}  ... > 
  at <TransitionGroup name="slide-left" id="slideshow" tag="div"  ... > 
  at <SlidesShow render-context="slide" > 
  at <SlideContainer style= {background: var(--slidev-slide-container-background, black)} is-main="" content-style= {filter: }  ... > 
  at <Play onVnodeUnmounted=fn<onVnodeUnmounted> ref=Ref< Proxy(Object) > > 
  at <RouterView> 
  at <App> @ http://localhost:3032/@fs/Users/wraithy/Development/Trask/ClaudeCodePresentation/node_modules/.pnpm/@vue+runtime-core@3.5.35/node_modules/@vue/runtime-core/dist/runtime-core.esm-bundler.js?v=1759ab92:40
[ 2563625ms] [WARNING] [Vue warn]: Failed to resolve component: AutoFit
If this is a native custom element, make sure to exclude it from component resolution via compilerOptions.isCustomElement. 
  at <Default frontmatter= {} > 
  at <Slides.mdslidev13> 
  at <AsyncComponentWrapper> 
  at <SlideWrapper key=13 clicks-context= {current: undefined, clicksStart: 0, relativeSizeMap: undefined, maxMap: undefined, isMounted: undefined} route= {no: 13, meta: Proxy(Object), load: , component: Object}  ... > 
  at <TransitionGroup name="slide-left" id="slideshow" tag="div"  ... > 
  at <SlidesShow render-context="slide" > 
  at <SlideContainer style= {background: var(--slidev-slide-container-background, black)} is-main="" content-style= {filter: }  ... > 
  at <Play onVnodeUnmounted=fn<onVnodeUnmounted> ref=Ref< Proxy(Object) > > 
  at <RouterView> 
  at <App> @ http://localhost:3032/@fs/Users/wraithy/Development/Trask/ClaudeCodePresentation/node_modules/.pnpm/@vue+runtime-core@3.5.35/node_modules/@vue/runtime-core/dist/runtime-core.esm-bundler.js?v=1759ab92:40
[ 2563625ms] [WARNING] [Vue warn]: Failed to resolve component: AutoFit
If this is a native custom element, make sure to exclude it from component resolution via compilerOptions.isCustomElement. 
  at <Default frontmatter= {} > 
  at <Slides.mdslidev20> 
  at <AsyncComponentWrapper> 
  at <SlideWrapper key=20 clicks-context= {current: undefined, clicksStart: 0, relativeSizeMap: undefined, maxMap: undefined, isMounted: undefined} route= {no: 20, meta: Proxy(Object), load: , component: Object}  ... > 
  at <TransitionGroup name="slide-left" id="slideshow" tag="div"  ... > 
  at <SlidesShow render-context="slide" > 
  at <SlideContainer style= {background: var(--slidev-slide-container-background, black)} is-main="" content-style= {filter: }  ... > 
  at <Play onVnodeUnmounted=fn<onVnodeUnmounted> ref=Ref< Proxy(Object) > > 
  at <RouterView> 
  at <App> @ http://localhost:3032/@fs/Users/wraithy/Development/Trask/ClaudeCodePresentation/node_modules/.pnpm/@vue+runtime-core@3.5.35/node_modules/@vue/runtime-core/dist/runtime-core.esm-bundler.js?v=1759ab92:40
[ 2563625ms] [WARNING] [Vue warn]: Failed to resolve component: AutoFit
If this is a native custom element, make sure to exclude it from component resolution via compilerOptions.isCustomElement. 
  at <Default frontmatter= {} > 
  at <Slides.mdslidev21> 
  at <AsyncComponentWrapper> 
  at <SlideWrapper key=21 clicks-context= {current: undefined, clicksStart: 0, relativeSizeMap: undefined, maxMap: undefined, isMounted: undefined} route= {no: 21, meta: Proxy(Object), load: , component: Object}  ... > 
  at <TransitionGroup name="slide-left" id="slideshow" tag="div"  ... > 
  at <SlidesShow render-context="slide" > 
  at <SlideContainer style= {background: var(--slidev-slide-container-background, black)} is-main="" content-style= {filter: }  ... > 
  at <Play onVnodeUnmounted=fn<onVnodeUnmounted> ref=Ref< Proxy(Object) > > 
  at <RouterView> 
  at <App> @ http://localhost:3032/@fs/Users/wraithy/Development/Trask/ClaudeCodePresentation/node_modules/.pnpm/@vue+runtime-core@3.5.35/node_modules/@vue/runtime-core/dist/runtime-core.esm-bundler.js?v=1759ab92:40
[ 2563626ms] [WARNING] [Vue warn]: Failed to resolve component: AutoFit
If this is a native custom element, make sure to exclude it from component resolution via compilerOptions.isCustomElement. 
  at <Default frontmatter= {} > 
  at <Slides.mdslidev22> 
  at <AsyncComponentWrapper> 
  at <SlideWrapper key=22 clicks-context= {current: undefined, clicksStart: 0, relativeSizeMap: undefined, maxMap: undefined, isMounted: undefined} route= {no: 22, meta: Proxy(Object), load: , component: Object}  ... > 
  at <TransitionGroup name="slide-left" id="slideshow" tag="div"  ... > 
  at <SlidesShow render-context="slide" > 
  at <SlideContainer style= {background: var(--slidev-slide-container-background, black)} is-main="" content-style= {filter: }  ... > 
  at <Play onVnodeUnmounted=fn<onVnodeUnmounted> ref=Ref< Proxy(Object) > > 
  at <RouterView> 
  at <App> @ http://localhost:3032/@fs/Users/wraithy/Development/Trask/ClaudeCodePresentation/node_modules/.pnpm/@vue+runtime-core@3.5.35/node_modules/@vue/runtime-core/dist/runtime-core.esm-bundler.js?v=1759ab92:40
[ 2563626ms] [WARNING] [Vue warn]: Failed to resolve component: AutoFit
If this is a native custom element, make sure to exclude it from component resolution via compilerOptions.isCustomElement. 
  at <Default frontmatter= {} > 
  at <Slides.mdslidev17> 
  at <AsyncComponentWrapper> 
  at <SlideWrapper key=17 clicks-context= {current: undefined, clicksStart: 0, relativeSizeMap: undefined, maxMap: undefined, isMounted: undefined} route= {no: 17, meta: Proxy(Object), load: , component: Object}  ... > 
  at <TransitionGroup name="slide-left" id="slideshow" tag="div"  ... > 
  at <SlidesShow render-context="slide" > 
  at <SlideContainer style= {background: var(--slidev-slide-container-background, black)} is-main="" content-style= {filter: }  ... > 
  at <Play onVnodeUnmounted=fn<onVnodeUnmounted> ref=Ref< Proxy(Object) > > 
  at <RouterView> 
  at <App> @ http://localhost:3032/@fs/Users/wraithy/Development/Trask/ClaudeCodePresentation/node_modules/.pnpm/@vue+runtime-core@3.5.35/node_modules/@vue/runtime-core/dist/runtime-core.esm-bundler.js?v=1759ab92:40
[ 2563626ms] [WARNING] [Vue warn]: Failed to resolve component: AutoFit
If this is a native custom element, make sure to exclude it from component resolution via compilerOptions.isCustomElement. 
  at <Default frontmatter= {} > 
  at <Slides.mdslidev23> 
  at <AsyncComponentWrapper> 
  at <SlideWrapper key=23 clicks-context= {current: undefined, clicksStart: 0, relativeSizeMap: undefined, maxMap: undefined, isMounted: undefined} route= {no: 23, meta: Proxy(Object), load: , component: Object}  ... > 
  at <TransitionGroup name="slide-left" id="slideshow" tag="div"  ... > 
  at <SlidesShow render-context="slide" > 
  at <SlideContainer style= {background: var(--slidev-slide-container-background, black)} is-main="" content-style= {filter: }  ... > 
  at <Play onVnodeUnmounted=fn<onVnodeUnmounted> ref=Ref< Proxy(Object) > > 
  at <RouterView> 
  at <App> @ http://localhost:3032/@fs/Users/wraithy/Development/Trask/ClaudeCodePresentation/node_modules/.pnpm/@vue+runtime-core@3.5.35/node_modules/@vue/runtime-core/dist/runtime-core.esm-bundler.js?v=1759ab92:40
[ 2563626ms] [WARNING] [Vue warn]: Failed to resolve component: AutoFit
If this is a native custom element, make sure to exclude it from component resolution via compilerOptions.isCustomElement. 
  at <Default frontmatter= {} > 
  at <Slides.mdslidev25> 
  at <AsyncComponentWrapper> 
  at <SlideWrapper key=25 clicks-context= {current: undefined, clicksStart: 0, relativeSizeMap: undefined, maxMap: undefined, isMounted: undefined} route= {no: 25, meta: Proxy(Object), load: , component: Object}  ... > 
  at <TransitionGroup name="slide-left" id="slideshow" tag="div"  ... > 
  at <SlidesShow render-context="slide" > 
  at <SlideContainer style= {background: var(--slidev-slide-container-background, black)} is-main="" content-style= {filter: }  ... > 
  at <Play onVnodeUnmounted=fn<onVnodeUnmounted> ref=Ref< Proxy(Object) > > 
  at <RouterView> 
  at <App> @ http://localhost:3032/@fs/Users/wraithy/Development/Trask/ClaudeCodePresentation/node_modules/.pnpm/@vue+runtime-core@3.5.35/node_modules/@vue/runtime-core/dist/runtime-core.esm-bundler.js?v=1759ab92:40
[ 2563627ms] [WARNING] [Vue warn]: Failed to resolve component: AutoFit
If this is a native custom element, make sure to exclude it from component resolution via compilerOptions.isCustomElement. 
  at <Default frontmatter= {} > 
  at <Slides.mdslidev19> 
  at <AsyncComponentWrapper> 
  at <SlideWrapper key=19 clicks-context= {current: undefined, clicksStart: 0, relativeSizeMap: undefined, maxMap: undefined, isMounted: undefined} route= {no: 19, meta: Proxy(Object), load: , component: Object}  ... > 
  at <TransitionGroup name="slide-left" id="slideshow" tag="div"  ... > 
  at <SlidesShow render-context="slide" > 
  at <SlideContainer style= {background: var(--slidev-slide-container-background, black)} is-main="" content-style= {filter: }  ... > 
  at <Play onVnodeUnmounted=fn<onVnodeUnmounted> ref=Ref< Proxy(Object) > > 
  at <RouterView> 
  at <App> @ http://localhost:3032/@fs/Users/wraithy/Development/Trask/ClaudeCodePresentation/node_modules/.pnpm/@vue+runtime-core@3.5.35/node_modules/@vue/runtime-core/dist/runtime-core.esm-bundler.js?v=1759ab92:40
[ 2563627ms] [WARNING] [Vue warn]: Failed to resolve component: AutoFit
If this is a native custom element, make sure to exclude it from component resolution via compilerOptions.isCustomElement. 
  at <Default frontmatter= {} > 
  at <Slides.mdslidev26> 
  at <AsyncComponentWrapper> 
  at <SlideWrapper key=26 clicks-context= {current: undefined, clicksStart: 0, relativeSizeMap: undefined, maxMap: undefined, isMounted: undefined} route= {no: 26, meta: Proxy(Object), load: , component: Object}  ... > 
  at <TransitionGroup name="slide-left" id="slideshow" tag="div"  ... > 
  at <SlidesShow render-context="slide" > 
  at <SlideContainer style= {background: var(--slidev-slide-container-background, black)} is-main="" content-style= {filter: }  ... > 
  at <Play onVnodeUnmounted=fn<onVnodeUnmounted> ref=Ref< Proxy(Object) > > 
  at <RouterView> 
  at <App> @ http://localhost:3032/@fs/Users/wraithy/Development/Trask/ClaudeCodePresentation/node_modules/.pnpm/@vue+runtime-core@3.5.35/node_modules/@vue/runtime-core/dist/runtime-core.esm-bundler.js?v=1759ab92:40
[ 2563627ms] [WARNING] [Vue warn]: Failed to resolve component: AutoFit
If this is a native custom element, make sure to exclude it from component resolution via compilerOptions.isCustomElement. 
  at <Default frontmatter= {} > 
  at <Slides.mdslidev27> 
  at <AsyncComponentWrapper> 
  at <SlideWrapper key=27 clicks-context= {current: undefined, clicksStart: 0, relativeSizeMap: undefined, maxMap: undefined, isMounted: undefined} route= {no: 27, meta: Proxy(Object), load: , component: Object}  ... > 
  at <TransitionGroup name="slide-left" id="slideshow" tag="div"  ... > 
  at <SlidesShow render-context="slide" > 
  at <SlideContainer style= {background: var(--slidev-slide-container-background, black)} is-main="" content-style= {filter: }  ... > 
  at <Play onVnodeUnmounted=fn<onVnodeUnmounted> ref=Ref< Proxy(Object) > > 
  at <RouterView> 
  at <App> @ http://localhost:3032/@fs/Users/wraithy/Development/Trask/ClaudeCodePresentation/node_modules/.pnpm/@vue+runtime-core@3.5.35/node_modules/@vue/runtime-core/dist/runtime-core.esm-bundler.js?v=1759ab92:40
[ 2563627ms] [WARNING] [Vue warn]: Failed to resolve component: AutoFit
If this is a native custom element, make sure to exclude it from component resolution via compilerOptions.isCustomElement. 
  at <Default frontmatter= {} > 
  at <Slides.mdslidev32> 
  at <AsyncComponentWrapper> 
  at <SlideWrapper key=32 clicks-context= {current: undefined, clicksStart: 0, relativeSizeMap: undefined, maxMap: undefined, isMounted: undefined} route= {no: 32, meta: Proxy(Object), load: , component: Object}  ... > 
  at <TransitionGroup name="slide-left" id="slideshow" tag="div"  ... > 
  at <SlidesShow render-context="slide" > 
  at <SlideContainer style= {background: var(--slidev-slide-container-background, black)} is-main="" content-style= {filter: }  ... > 
  at <Play onVnodeUnmounted=fn<onVnodeUnmounted> ref=Ref< Proxy(Object) > > 
  at <RouterView> 
  at <App> @ http://localhost:3032/@fs/Users/wraithy/Development/Trask/ClaudeCodePresentation/node_modules/.pnpm/@vue+runtime-core@3.5.35/node_modules/@vue/runtime-core/dist/runtime-core.esm-bundler.js?v=1759ab92:40
[ 2563627ms] [WARNING] [Vue warn]: Failed to resolve component: AutoFit
If this is a native custom element, make sure to exclude it from component resolution via compilerOptions.isCustomElement. 
  at <Default frontmatter= {} > 
  at <Slides.mdslidev30> 
  at <AsyncComponentWrapper> 
  at <SlideWrapper key=30 clicks-context= {current: undefined, clicksStart: 0, relativeSizeMap: undefined, maxMap: undefined, isMounted: undefined} route= {no: 30, meta: Proxy(Object), load: , component: Object}  ... > 
  at <TransitionGroup name="slide-left" id="slideshow" tag="div"  ... > 
  at <SlidesShow render-context="slide" > 
  at <SlideContainer style= {background: var(--slidev-slide-container-background, black)} is-main="" content-style= {filter: }  ... > 
  at <Play onVnodeUnmounted=fn<onVnodeUnmounted> ref=Ref< Proxy(Object) > > 
  at <RouterView> 
  at <App> @ http://localhost:3032/@fs/Users/wraithy/Development/Trask/ClaudeCodePresentation/node_modules/.pnpm/@vue+runtime-core@3.5.35/node_modules/@vue/runtime-core/dist/runtime-core.esm-bundler.js?v=1759ab92:40
[ 2563628ms] [WARNING] [Vue warn]: Failed to resolve component: AutoFit
If this is a native custom element, make sure to exclude it from component resolution via compilerOptions.isCustomElement. 
  at <Default frontmatter= {} > 
  at <Slides.mdslidev29> 
  at <AsyncComponentWrapper> 
  at <SlideWrapper key=29 clicks-context= {current: undefined, clicksStart: 0, relativeSizeMap: undefined, maxMap: undefined, isMounted: undefined} route= {no: 29, meta: Proxy(Object), load: , component: Object}  ... > 
  at <TransitionGroup name="slide-left" id="slideshow" tag="div"  ... > 
  at <SlidesShow render-context="slide" > 
  at <SlideContainer style= {background: var(--slidev-slide-container-background, black)} is-main="" content-style= {filter: }  ... > 
  at <Play onVnodeUnmounted=fn<onVnodeUnmounted> ref=Ref< Proxy(Object) > > 
  at <RouterView> 
  at <App> @ http://localhost:3032/@fs/Users/wraithy/Development/Trask/ClaudeCodePresentation/node_modules/.pnpm/@vue+runtime-core@3.5.35/node_modules/@vue/runtime-core/dist/runtime-core.esm-bundler.js?v=1759ab92:40
[ 2563628ms] [WARNING] [Vue warn]: Failed to resolve component: AutoFit
If this is a native custom element, make sure to exclude it from component resolution via compilerOptions.isCustomElement. 
  at <Default frontmatter= {} > 
  at <Slides.mdslidev4> 
  at <AsyncComponentWrapper> 
  at <SlideWrapper key=4 clicks-context= {current: undefined, clicksStart: 0, relativeSizeMap: undefined, maxMap: undefined, isMounted: undefined} route= {no: 4, meta: Proxy(Object), load: , component: Object}  ... > 
  at <TransitionGroup name="slide-left" id="slideshow" tag="div"  ... > 
  at <SlidesShow render-context="slide" > 
  at <SlideContainer style= {background: var(--slidev-slide-container-background, black)} is-main="" content-style= {filter: }  ... > 
  at <Play onVnodeUnmounted=fn<onVnodeUnmounted> ref=Ref< Proxy(Object) > > 
  at <RouterView> 
  at <App> @ http://localhost:3032/@fs/Users/wraithy/Development/Trask/ClaudeCodePresentation/node_modules/.pnpm/@vue+runtime-core@3.5.35/node_modules/@vue/runtime-core/dist/runtime-core.esm-bundler.js?v=1759ab92:40
[ 2568588ms] [WARNING] [Vue warn]: Failed to resolve component: AutoFit
If this is a native custom element, make sure to exclude it from component resolution via compilerOptions.isCustomElement. 
  at <Default frontmatter= {} > 
  at <Slides.mdslidev2> 
  at <AsyncComponentWrapper> 
  at <SlideWrapper key=2 clicks-context= {current: undefined, clicksStart: 0, relativeSizeMap: undefined, maxMap: undefined, isMounted: undefined} route= {no: 2, meta: Proxy(Object), load: , component: Object}  ... > 
  at <TransitionGroup name="slide-left" id="slideshow" tag="div"  ... > 
  at <SlidesShow render-context="slide" > 
  at <SlideContainer style= {background: var(--slidev-slide-container-background, black)} is-main="" content-style= {filter: }  ... > 
  at <Play onVnodeUnmounted=fn<onVnodeUnmounted> ref=Ref< Proxy(Object) > > 
  at <RouterView> 
  at <App> @ http://localhost:3032/@fs/Users/wraithy/Development/Trask/ClaudeCodePresentation/node_modules/.pnpm/@vue+runtime-core@3.5.35/node_modules/@vue/runtime-core/dist/runtime-core.esm-bundler.js?v=1759ab92:40
[ 2568588ms] [WARNING] [Vue warn]: Failed to resolve component: AutoFit
If this is a native custom element, make sure to exclude it from component resolution via compilerOptions.isCustomElement. 
  at <Default frontmatter= {} > 
  at <Slides.mdslidev5> 
  at <AsyncComponentWrapper> 
  at <SlideWrapper key=5 clicks-context= {current: undefined, clicksStart: 0, relativeSizeMap: undefined, maxMap: undefined, isMounted: undefined} route= {no: 5, meta: Proxy(Object), load: , component: Object}  ... > 
  at <TransitionGroup name="slide-left" id="slideshow" tag="div"  ... > 
  at <SlidesShow render-context="slide" > 
  at <SlideContainer style= {background: var(--slidev-slide-container-background, black)} is-main="" content-style= {filter: }  ... > 
  at <Play onVnodeUnmounted=fn<onVnodeUnmounted> ref=Ref< Proxy(Object) > > 
  at <RouterView> 
  at <App> @ http://localhost:3032/@fs/Users/wraithy/Development/Trask/ClaudeCodePresentation/node_modules/.pnpm/@vue+runtime-core@3.5.35/node_modules/@vue/runtime-core/dist/runtime-core.esm-bundler.js?v=1759ab92:40
[ 2568588ms] [WARNING] [Vue warn]: Failed to resolve component: AutoFit
If this is a native custom element, make sure to exclude it from component resolution via compilerOptions.isCustomElement. 
  at <Default frontmatter= {} > 
  at <Slides.mdslidev6> 
  at <AsyncComponentWrapper> 
  at <SlideWrapper key=6 clicks-context= {current: undefined, clicksStart: 0, relativeSizeMap: undefined, maxMap: undefined, isMounted: undefined} route= {no: 6, meta: Proxy(Object), load: , component: Object}  ... > 
  at <TransitionGroup name="slide-left" id="slideshow" tag="div"  ... > 
  at <SlidesShow render-context="slide" > 
  at <SlideContainer style= {background: var(--slidev-slide-container-background, black)} is-main="" content-style= {filter: }  ... > 
  at <Play onVnodeUnmounted=fn<onVnodeUnmounted> ref=Ref< Proxy(Object) > > 
  at <RouterView> 
  at <App> @ http://localhost:3032/@fs/Users/wraithy/Development/Trask/ClaudeCodePresentation/node_modules/.pnpm/@vue+runtime-core@3.5.35/node_modules/@vue/runtime-core/dist/runtime-core.esm-bundler.js?v=1759ab92:40
[ 2568588ms] [WARNING] [Vue warn]: Failed to resolve component: AutoFit
If this is a native custom element, make sure to exclude it from component resolution via compilerOptions.isCustomElement. 
  at <Default frontmatter= {} > 
  at <Slides.mdslidev11> 
  at <AsyncComponentWrapper> 
  at <SlideWrapper key=11 clicks-context= {current: undefined, clicksStart: 0, relativeSizeMap: undefined, maxMap: undefined, isMounted: undefined} route= {no: 11, meta: Proxy(Object), load: , component: Object}  ... > 
  at <TransitionGroup name="slide-left" id="slideshow" tag="div"  ... > 
  at <SlidesShow render-context="slide" > 
  at <SlideContainer style= {background: var(--slidev-slide-container-background, black)} is-main="" content-style= {filter: }  ... > 
  at <Play onVnodeUnmounted=fn<onVnodeUnmounted> ref=Ref< Proxy(Object) > > 
  at <RouterView> 
  at <App> @ http://localhost:3032/@fs/Users/wraithy/Development/Trask/ClaudeCodePresentation/node_modules/.pnpm/@vue+runtime-core@3.5.35/node_modules/@vue/runtime-core/dist/runtime-core.esm-bundler.js?v=1759ab92:40
[ 2568589ms] [WARNING] [Vue warn]: Failed to resolve component: AutoFit
If this is a native custom element, make sure to exclude it from component resolution via compilerOptions.isCustomElement. 
  at <Default frontmatter= {} > 
  at <Slides.mdslidev7> 
  at <AsyncComponentWrapper> 
  at <SlideWrapper key=7 clicks-context= {current: undefined, clicksStart: 0, relativeSizeMap: undefined, maxMap: undefined, isMounted: undefined} route= {no: 7, meta: Proxy(Object), load: , component: Object}  ... > 
  at <TransitionGroup name="slide-left" id="slideshow" tag="div"  ... > 
  at <SlidesShow render-context="slide" > 
  at <SlideContainer style= {background: var(--slidev-slide-container-background, black)} is-main="" content-style= {filter: }  ... > 
  at <Play onVnodeUnmounted=fn<onVnodeUnmounted> ref=Ref< Proxy(Object) > > 
  at <RouterView> 
  at <App> @ http://localhost:3032/@fs/Users/wraithy/Development/Trask/ClaudeCodePresentation/node_modules/.pnpm/@vue+runtime-core@3.5.35/node_modules/@vue/runtime-core/dist/runtime-core.esm-bundler.js?v=1759ab92:40
[ 2568589ms] [WARNING] [Vue warn]: Failed to resolve component: AutoFit
If this is a native custom element, make sure to exclude it from component resolution via compilerOptions.isCustomElement. 
  at <Default frontmatter= {} > 
  at <Slides.mdslidev9> 
  at <AsyncComponentWrapper> 
  at <SlideWrapper key=9 clicks-context= {current: undefined, clicksStart: 0, relativeSizeMap: undefined, maxMap: undefined, isMounted: undefined} route= {no: 9, meta: Proxy(Object), load: , component: Object}  ... > 
  at <TransitionGroup name="slide-left" id="slideshow" tag="div"  ... > 
  at <SlidesShow render-context="slide" > 
  at <SlideContainer style= {background: var(--slidev-slide-container-background, black)} is-main="" content-style= {filter: }  ... > 
  at <Play onVnodeUnmounted=fn<onVnodeUnmounted> ref=Ref< Proxy(Object) > > 
  at <RouterView> 
  at <App> @ http://localhost:3032/@fs/Users/wraithy/Development/Trask/ClaudeCodePresentation/node_modules/.pnpm/@vue+runtime-core@3.5.35/node_modules/@vue/runtime-core/dist/runtime-core.esm-bundler.js?v=1759ab92:40
[ 2568589ms] [WARNING] [Vue warn]: Failed to resolve component: AutoFit
If this is a native custom element, make sure to exclude it from component resolution via compilerOptions.isCustomElement. 
  at <Default frontmatter= {} > 
  at <Slides.mdslidev10> 
  at <AsyncComponentWrapper> 
  at <SlideWrapper key=10 clicks-context= {current: undefined, clicksStart: 0, relativeSizeMap: undefined, maxMap: undefined, isMounted: undefined} route= {no: 10, meta: Proxy(Object), load: , component: Object}  ... > 
  at <TransitionGroup name="slide-left" id="slideshow" tag="div"  ... > 
  at <SlidesShow render-context="slide" > 
  at <SlideContainer style= {background: var(--slidev-slide-container-background, black)} is-main="" content-style= {filter: }  ... > 
  at <Play onVnodeUnmounted=fn<onVnodeUnmounted> ref=Ref< Proxy(Object) > > 
  at <RouterView> 
  at <App> @ http://localhost:3032/@fs/Users/wraithy/Development/Trask/ClaudeCodePresentation/node_modules/.pnpm/@vue+runtime-core@3.5.35/node_modules/@vue/runtime-core/dist/runtime-core.esm-bundler.js?v=1759ab92:40
[ 2568589ms] [WARNING] [Vue warn]: Failed to resolve component: AutoFit
If this is a native custom element, make sure to exclude it from component resolution via compilerOptions.isCustomElement. 
  at <Default frontmatter= {} > 
  at <Slides.mdslidev16> 
  at <AsyncComponentWrapper> 
  at <SlideWrapper key=16 clicks-context= {current: undefined, clicksStart: 0, relativeSizeMap: undefined, maxMap: undefined, isMounted: undefined} route= {no: 16, meta: Proxy(Object), load: , component: Object}  ... > 
  at <TransitionGroup name="slide-left" id="slideshow" tag="div"  ... > 
  at <SlidesShow render-context="slide" > 
  at <SlideContainer style= {background: var(--slidev-slide-container-background, black)} is-main="" content-style= {filter: }  ... > 
  at <Play onVnodeUnmounted=fn<onVnodeUnmounted> ref=Ref< Proxy(Object) > > 
  at <RouterView> 
  at <App> @ http://localhost:3032/@fs/Users/wraithy/Development/Trask/ClaudeCodePresentation/node_modules/.pnpm/@vue+runtime-core@3.5.35/node_modules/@vue/runtime-core/dist/runtime-core.esm-bundler.js?v=1759ab92:40
[ 2568589ms] [WARNING] [Vue warn]: Failed to resolve component: AutoFit
If this is a native custom element, make sure to exclude it from component resolution via compilerOptions.isCustomElement. 
  at <Default frontmatter= {} > 
  at <Slides.mdslidev15> 
  at <AsyncComponentWrapper> 
  at <SlideWrapper key=15 clicks-context= {current: undefined, clicksStart: 0, relativeSizeMap: undefined, maxMap: undefined, isMounted: undefined} route= {no: 15, meta: Proxy(Object), load: , component: Object}  ... > 
  at <TransitionGroup name="slide-left" id="slideshow" tag="div"  ... > 
  at <SlidesShow render-context="slide" > 
  at <SlideContainer style= {background: var(--slidev-slide-container-background, black)} is-main="" content-style= {filter: }  ... > 
  at <Play onVnodeUnmounted=fn<onVnodeUnmounted> ref=Ref< Proxy(Object) > > 
  at <RouterView> 
  at <App> @ http://localhost:3032/@fs/Users/wraithy/Development/Trask/ClaudeCodePresentation/node_modules/.pnpm/@vue+runtime-core@3.5.35/node_modules/@vue/runtime-core/dist/runtime-core.esm-bundler.js?v=1759ab92:40
[ 2568589ms] [WARNING] [Vue warn]: Failed to resolve component: AutoFit
If this is a native custom element, make sure to exclude it from component resolution via compilerOptions.isCustomElement. 
  at <Default frontmatter= {} > 
  at <Slides.mdslidev12> 
  at <AsyncComponentWrapper> 
  at <SlideWrapper key=12 clicks-context= {current: undefined, clicksStart: 0, relativeSizeMap: undefined, maxMap: undefined, isMounted: undefined} route= {no: 12, meta: Proxy(Object), load: , component: Object}  ... > 
  at <TransitionGroup name="slide-left" id="slideshow" tag="div"  ... > 
  at <SlidesShow render-context="slide" > 
  at <SlideContainer style= {background: var(--slidev-slide-container-background, black)} is-main="" content-style= {filter: }  ... > 
  at <Play onVnodeUnmounted=fn<onVnodeUnmounted> ref=Ref< Proxy(Object) > > 
  at <RouterView> 
  at <App> @ http://localhost:3032/@fs/Users/wraithy/Development/Trask/ClaudeCodePresentation/node_modules/.pnpm/@vue+runtime-core@3.5.35/node_modules/@vue/runtime-core/dist/runtime-core.esm-bundler.js?v=1759ab92:40
[ 2568589ms] [WARNING] [Vue warn]: Failed to resolve component: AutoFit
If this is a native custom element, make sure to exclude it from component resolution via compilerOptions.isCustomElement. 
  at <Default frontmatter= {} > 
  at <Slides.mdslidev13> 
  at <AsyncComponentWrapper> 
  at <SlideWrapper key=13 clicks-context= {current: undefined, clicksStart: 0, relativeSizeMap: undefined, maxMap: undefined, isMounted: undefined} route= {no: 13, meta: Proxy(Object), load: , component: Object}  ... > 
  at <TransitionGroup name="slide-left" id="slideshow" tag="div"  ... > 
  at <SlidesShow render-context="slide" > 
  at <SlideContainer style= {background: var(--slidev-slide-container-background, black)} is-main="" content-style= {filter: }  ... > 
  at <Play onVnodeUnmounted=fn<onVnodeUnmounted> ref=Ref< Proxy(Object) > > 
  at <RouterView> 
  at <App> @ http://localhost:3032/@fs/Users/wraithy/Development/Trask/ClaudeCodePresentation/node_modules/.pnpm/@vue+runtime-core@3.5.35/node_modules/@vue/runtime-core/dist/runtime-core.esm-bundler.js?v=1759ab92:40
[ 2568589ms] [WARNING] [Vue warn]: Failed to resolve component: AutoFit
If this is a native custom element, make sure to exclude it from component resolution via compilerOptions.isCustomElement. 
  at <Default frontmatter= {} > 
  at <Slides.mdslidev20> 
  at <AsyncComponentWrapper> 
  at <SlideWrapper key=20 clicks-context= {current: undefined, clicksStart: 0, relativeSizeMap: undefined, maxMap: undefined, isMounted: undefined} route= {no: 20, meta: Proxy(Object), load: , component: Object}  ... > 
  at <TransitionGroup name="slide-left" id="slideshow" tag="div"  ... > 
  at <SlidesShow render-context="slide" > 
  at <SlideContainer style= {background: var(--slidev-slide-container-background, black)} is-main="" content-style= {filter: }  ... > 
  at <Play onVnodeUnmounted=fn<onVnodeUnmounted> ref=Ref< Proxy(Object) > > 
  at <RouterView> 
  at <App> @ http://localhost:3032/@fs/Users/wraithy/Development/Trask/ClaudeCodePresentation/node_modules/.pnpm/@vue+runtime-core@3.5.35/node_modules/@vue/runtime-core/dist/runtime-core.esm-bundler.js?v=1759ab92:40
[ 2568590ms] [WARNING] [Vue warn]: Failed to resolve component: AutoFit
If this is a native custom element, make sure to exclude it from component resolution via compilerOptions.isCustomElement. 
  at <Default frontmatter= {} > 
  at <Slides.mdslidev21> 
  at <AsyncComponentWrapper> 
  at <SlideWrapper key=21 clicks-context= {current: undefined, clicksStart: 0, relativeSizeMap: undefined, maxMap: undefined, isMounted: undefined} route= {no: 21, meta: Proxy(Object), load: , component: Object}  ... > 
  at <TransitionGroup name="slide-left" id="slideshow" tag="div"  ... > 
  at <SlidesShow render-context="slide" > 
  at <SlideContainer style= {background: var(--slidev-slide-container-background, black)} is-main="" content-style= {filter: }  ... > 
  at <Play onVnodeUnmounted=fn<onVnodeUnmounted> ref=Ref< Proxy(Object) > > 
  at <RouterView> 
  at <App> @ http://localhost:3032/@fs/Users/wraithy/Development/Trask/ClaudeCodePresentation/node_modules/.pnpm/@vue+runtime-core@3.5.35/node_modules/@vue/runtime-core/dist/runtime-core.esm-bundler.js?v=1759ab92:40
[ 2568590ms] [WARNING] [Vue warn]: Failed to resolve component: AutoFit
If this is a native custom element, make sure to exclude it from component resolution via compilerOptions.isCustomElement. 
  at <Default frontmatter= {} > 
  at <Slides.mdslidev22> 
  at <AsyncComponentWrapper> 
  at <SlideWrapper key=22 clicks-context= {current: undefined, clicksStart: 0, relativeSizeMap: undefined, maxMap: undefined, isMounted: undefined} route= {no: 22, meta: Proxy(Object), load: , component: Object}  ... > 
  at <TransitionGroup name="slide-left" id="slideshow" tag="div"  ... > 
  at <SlidesShow render-context="slide" > 
  at <SlideContainer style= {background: var(--slidev-slide-container-background, black)} is-main="" content-style= {filter: }  ... > 
  at <Play onVnodeUnmounted=fn<onVnodeUnmounted> ref=Ref< Proxy(Object) > > 
  at <RouterView> 
  at <App> @ http://localhost:3032/@fs/Users/wraithy/Development/Trask/ClaudeCodePresentation/node_modules/.pnpm/@vue+runtime-core@3.5.35/node_modules/@vue/runtime-core/dist/runtime-core.esm-bundler.js?v=1759ab92:40
[ 2568590ms] [WARNING] [Vue warn]: Failed to resolve component: AutoFit
If this is a native custom element, make sure to exclude it from component resolution via compilerOptions.isCustomElement. 
  at <Default frontmatter= {} > 
  at <Slides.mdslidev17> 
  at <AsyncComponentWrapper> 
  at <SlideWrapper key=17 clicks-context= {current: undefined, clicksStart: 0, relativeSizeMap: undefined, maxMap: undefined, isMounted: undefined} route= {no: 17, meta: Proxy(Object), load: , component: Object}  ... > 
  at <TransitionGroup name="slide-left" id="slideshow" tag="div"  ... > 
  at <SlidesShow render-context="slide" > 
  at <SlideContainer style= {background: var(--slidev-slide-container-background, black)} is-main="" content-style= {filter: }  ... > 
  at <Play onVnodeUnmounted=fn<onVnodeUnmounted> ref=Ref< Proxy(Object) > > 
  at <RouterView> 
  at <App> @ http://localhost:3032/@fs/Users/wraithy/Development/Trask/ClaudeCodePresentation/node_modules/.pnpm/@vue+runtime-core@3.5.35/node_modules/@vue/runtime-core/dist/runtime-core.esm-bundler.js?v=1759ab92:40
[ 2568590ms] [WARNING] [Vue warn]: Failed to resolve component: AutoFit
If this is a native custom element, make sure to exclude it from component resolution via compilerOptions.isCustomElement. 
  at <Default frontmatter= {} > 
  at <Slides.mdslidev23> 
  at <AsyncComponentWrapper> 
  at <SlideWrapper key=23 clicks-context= {current: undefined, clicksStart: 0, relativeSizeMap: undefined, maxMap: undefined, isMounted: undefined} route= {no: 23, meta: Proxy(Object), load: , component: Object}  ... > 
  at <TransitionGroup name="slide-left" id="slideshow" tag="div"  ... > 
  at <SlidesShow render-context="slide" > 
  at <SlideContainer style= {background: var(--slidev-slide-container-background, black)} is-main="" content-style= {filter: }  ... > 
  at <Play onVnodeUnmounted=fn<onVnodeUnmounted> ref=Ref< Proxy(Object) > > 
  at <RouterView> 
  at <App> @ http://localhost:3032/@fs/Users/wraithy/Development/Trask/ClaudeCodePresentation/node_modules/.pnpm/@vue+runtime-core@3.5.35/node_modules/@vue/runtime-core/dist/runtime-core.esm-bundler.js?v=1759ab92:40
[ 2568590ms] [WARNING] [Vue warn]: Failed to resolve component: AutoFit
If this is a native custom element, make sure to exclude it from component resolution via compilerOptions.isCustomElement. 
  at <Default frontmatter= {} > 
  at <Slides.mdslidev25> 
  at <AsyncComponentWrapper> 
  at <SlideWrapper key=25 clicks-context= {current: undefined, clicksStart: 0, relativeSizeMap: undefined, maxMap: undefined, isMounted: undefined} route= {no: 25, meta: Proxy(Object), load: , component: Object}  ... > 
  at <TransitionGroup name="slide-left" id="slideshow" tag="div"  ... > 
  at <SlidesShow render-context="slide" > 
  at <SlideContainer style= {background: var(--slidev-slide-container-background, black)} is-main="" content-style= {filter: }  ... > 
  at <Play onVnodeUnmounted=fn<onVnodeUnmounted> ref=Ref< Proxy(Object) > > 
  at <RouterView> 
  at <App> @ http://localhost:3032/@fs/Users/wraithy/Development/Trask/ClaudeCodePresentation/node_modules/.pnpm/@vue+runtime-core@3.5.35/node_modules/@vue/runtime-core/dist/runtime-core.esm-bundler.js?v=1759ab92:40
[ 2568590ms] [WARNING] [Vue warn]: Failed to resolve component: AutoFit
If this is a native custom element, make sure to exclude it from component resolution via compilerOptions.isCustomElement. 
  at <Default frontmatter= {} > 
  at <Slides.mdslidev19> 
  at <AsyncComponentWrapper> 
  at <SlideWrapper key=19 clicks-context= {current: undefined, clicksStart: 0, relativeSizeMap: undefined, maxMap: undefined, isMounted: undefined} route= {no: 19, meta: Proxy(Object), load: , component: Object}  ... > 
  at <TransitionGroup name="slide-left" id="slideshow" tag="div"  ... > 
  at <SlidesShow render-context="slide" > 
  at <SlideContainer style= {background: var(--slidev-slide-container-background, black)} is-main="" content-style= {filter: }  ... > 
  at <Play onVnodeUnmounted=fn<onVnodeUnmounted> ref=Ref< Proxy(Object) > > 
  at <RouterView> 
  at <App> @ http://localhost:3032/@fs/Users/wraithy/Development/Trask/ClaudeCodePresentation/node_modules/.pnpm/@vue+runtime-core@3.5.35/node_modules/@vue/runtime-core/dist/runtime-core.esm-bundler.js?v=1759ab92:40
[ 2568590ms] [WARNING] [Vue warn]: Failed to resolve component: AutoFit
If this is a native custom element, make sure to exclude it from component resolution via compilerOptions.isCustomElement. 
  at <Default frontmatter= {} > 
  at <Slides.mdslidev26> 
  at <AsyncComponentWrapper> 
  at <SlideWrapper key=26 clicks-context= {current: undefined, clicksStart: 0, relativeSizeMap: undefined, maxMap: undefined, isMounted: undefined} route= {no: 26, meta: Proxy(Object), load: , component: Object}  ... > 
  at <TransitionGroup name="slide-left" id="slideshow" tag="div"  ... > 
  at <SlidesShow render-context="slide" > 
  at <SlideContainer style= {background: var(--slidev-slide-container-background, black)} is-main="" content-style= {filter: }  ... > 
  at <Play onVnodeUnmounted=fn<onVnodeUnmounted> ref=Ref< Proxy(Object) > > 
  at <RouterView> 
  at <App> @ http://localhost:3032/@fs/Users/wraithy/Development/Trask/ClaudeCodePresentation/node_modules/.pnpm/@vue+runtime-core@3.5.35/node_modules/@vue/runtime-core/dist/runtime-core.esm-bundler.js?v=1759ab92:40
[ 2568590ms] [WARNING] [Vue warn]: Failed to resolve component: AutoFit
If this is a native custom element, make sure to exclude it from component resolution via compilerOptions.isCustomElement. 
  at <Default frontmatter= {} > 
  at <Slides.mdslidev27> 
  at <AsyncComponentWrapper> 
  at <SlideWrapper key=27 clicks-context= {current: undefined, clicksStart: 0, relativeSizeMap: undefined, maxMap: undefined, isMounted: undefined} route= {no: 27, meta: Proxy(Object), load: , component: Object}  ... > 
  at <TransitionGroup name="slide-left" id="slideshow" tag="div"  ... > 
  at <SlidesShow render-context="slide" > 
  at <SlideContainer style= {background: var(--slidev-slide-container-background, black)} is-main="" content-style= {filter: }  ... > 
  at <Play onVnodeUnmounted=fn<onVnodeUnmounted> ref=Ref< Proxy(Object) > > 
  at <RouterView> 
  at <App> @ http://localhost:3032/@fs/Users/wraithy/Development/Trask/ClaudeCodePresentation/node_modules/.pnpm/@vue+runtime-core@3.5.35/node_modules/@vue/runtime-core/dist/runtime-core.esm-bundler.js?v=1759ab92:40
[ 2568591ms] [WARNING] [Vue warn]: Failed to resolve component: AutoFit
If this is a native custom element, make sure to exclude it from component resolution via compilerOptions.isCustomElement. 
  at <Default frontmatter= {} > 
  at <Slides.mdslidev32> 
  at <AsyncComponentWrapper> 
  at <SlideWrapper key=32 clicks-context= {current: undefined, clicksStart: 0, relativeSizeMap: undefined, maxMap: undefined, isMounted: undefined} route= {no: 32, meta: Proxy(Object), load: , component: Object}  ... > 
  at <TransitionGroup name="slide-left" id="slideshow" tag="div"  ... > 
  at <SlidesShow render-context="slide" > 
  at <SlideContainer style= {background: var(--slidev-slide-container-background, black)} is-main="" content-style= {filter: }  ... > 
  at <Play onVnodeUnmounted=fn<onVnodeUnmounted> ref=Ref< Proxy(Object) > > 
  at <RouterView> 
  at <App> @ http://localhost:3032/@fs/Users/wraithy/Development/Trask/ClaudeCodePresentation/node_modules/.pnpm/@vue+runtime-core@3.5.35/node_modules/@vue/runtime-core/dist/runtime-core.esm-bundler.js?v=1759ab92:40
[ 2568591ms] [WARNING] [Vue warn]: Failed to resolve component: AutoFit
If this is a native custom element, make sure to exclude it from component resolution via compilerOptions.isCustomElement. 
  at <Default frontmatter= {} > 
  at <Slides.mdslidev30> 
  at <AsyncComponentWrapper> 
  at <SlideWrapper key=30 clicks-context= {current: undefined, clicksStart: 0, relativeSizeMap: undefined, maxMap: undefined, isMounted: undefined} route= {no: 30, meta: Proxy(Object), load: , component: Object}  ... > 
  at <TransitionGroup name="slide-left" id="slideshow" tag="div"  ... > 
  at <SlidesShow render-context="slide" > 
  at <SlideContainer style= {background: var(--slidev-slide-container-background, black)} is-main="" content-style= {filter: }  ... > 
  at <Play onVnodeUnmounted=fn<onVnodeUnmounted> ref=Ref< Proxy(Object) > > 
  at <RouterView> 
  at <App> @ http://localhost:3032/@fs/Users/wraithy/Development/Trask/ClaudeCodePresentation/node_modules/.pnpm/@vue+runtime-core@3.5.35/node_modules/@vue/runtime-core/dist/runtime-core.esm-bundler.js?v=1759ab92:40
[ 2568591ms] [WARNING] [Vue warn]: Failed to resolve component: AutoFit
If this is a native custom element, make sure to exclude it from component resolution via compilerOptions.isCustomElement. 
  at <Default frontmatter= {} > 
  at <Slides.mdslidev29> 
  at <AsyncComponentWrapper> 
  at <SlideWrapper key=29 clicks-context= {current: undefined, clicksStart: 0, relativeSizeMap: undefined, maxMap: undefined, isMounted: undefined} route= {no: 29, meta: Proxy(Object), load: , component: Object}  ... > 
  at <TransitionGroup name="slide-left" id="slideshow" tag="div"  ... > 
  at <SlidesShow render-context="slide" > 
  at <SlideContainer style= {background: var(--slidev-slide-container-background, black)} is-main="" content-style= {filter: }  ... > 
  at <Play onVnodeUnmounted=fn<onVnodeUnmounted> ref=Ref< Proxy(Object) > > 
  at <RouterView> 
  at <App> @ http://localhost:3032/@fs/Users/wraithy/Development/Trask/ClaudeCodePresentation/node_modules/.pnpm/@vue+runtime-core@3.5.35/node_modules/@vue/runtime-core/dist/runtime-core.esm-bundler.js?v=1759ab92:40
[ 2568591ms] [WARNING] [Vue warn]: Failed to resolve component: AutoFit
If this is a native custom element, make sure to exclude it from component resolution via compilerOptions.isCustomElement. 
  at <Default frontmatter= {} > 
  at <Slides.mdslidev4> 
  at <AsyncComponentWrapper> 
  at <SlideWrapper key=4 clicks-context= {current: undefined, clicksStart: 0, relativeSizeMap: undefined, maxMap: undefined, isMounted: undefined} route= {no: 4, meta: Proxy(Object), load: , component: Object}  ... > 
  at <TransitionGroup name="slide-left" id="slideshow" tag="div"  ... > 
  at <SlidesShow render-context="slide" > 
  at <SlideContainer style= {background: var(--slidev-slide-container-background, black)} is-main="" content-style= {filter: }  ... > 
  at <Play onVnodeUnmounted=fn<onVnodeUnmounted> ref=Ref< Proxy(Object) > > 
  at <RouterView> 
  at <App> @ http://localhost:3032/@fs/Users/wraithy/Development/Trask/ClaudeCodePresentation/node_modules/.pnpm/@vue+runtime-core@3.5.35/node_modules/@vue/runtime-core/dist/runtime-core.esm-bundler.js?v=1759ab92:40
[ 2569366ms] [WARNING] [Vue warn]: Failed to resolve component: AutoFit
If this is a native custom element, make sure to exclude it from component resolution via compilerOptions.isCustomElement. 
  at <Default frontmatter= {} > 
  at <Slides.mdslidev2> 
  at <AsyncComponentWrapper> 
  at <SlideWrapper key=2 clicks-context= {current: undefined, clicksStart: 0, relativeSizeMap: undefined, maxMap: undefined, isMounted: undefined} route= {no: 2, meta: Proxy(Object), load: , component: Object}  ... > 
  at <TransitionGroup name="slide-right" id="slideshow" tag="div"  ... > 
  at <SlidesShow render-context="slide" > 
  at <SlideContainer style= {background: var(--slidev-slide-container-background, black)} is-main="" content-style= {filter: }  ... > 
  at <Play onVnodeUnmounted=fn<onVnodeUnmounted> ref=Ref< Proxy(Object) > > 
  at <RouterView> 
  at <App> @ http://localhost:3032/@fs/Users/wraithy/Development/Trask/ClaudeCodePresentation/node_modules/.pnpm/@vue+runtime-core@3.5.35/node_modules/@vue/runtime-core/dist/runtime-core.esm-bundler.js?v=1759ab92:40
[ 2569366ms] [WARNING] [Vue warn]: Failed to resolve component: AutoFit
If this is a native custom element, make sure to exclude it from component resolution via compilerOptions.isCustomElement. 
  at <Default frontmatter= {} > 
  at <Slides.mdslidev5> 
  at <AsyncComponentWrapper> 
  at <SlideWrapper key=5 clicks-context= {current: undefined, clicksStart: 0, relativeSizeMap: undefined, maxMap: undefined, isMounted: undefined} route= {no: 5, meta: Proxy(Object), load: , component: Object}  ... > 
  at <TransitionGroup name="slide-right" id="slideshow" tag="div"  ... > 
  at <SlidesShow render-context="slide" > 
  at <SlideContainer style= {background: var(--slidev-slide-container-background, black)} is-main="" content-style= {filter: }  ... > 
  at <Play onVnodeUnmounted=fn<onVnodeUnmounted> ref=Ref< Proxy(Object) > > 
  at <RouterView> 
  at <App> @ http://localhost:3032/@fs/Users/wraithy/Development/Trask/ClaudeCodePresentation/node_modules/.pnpm/@vue+runtime-core@3.5.35/node_modules/@vue/runtime-core/dist/runtime-core.esm-bundler.js?v=1759ab92:40
[ 2569366ms] [WARNING] [Vue warn]: Failed to resolve component: AutoFit
If this is a native custom element, make sure to exclude it from component resolution via compilerOptions.isCustomElement. 
  at <Default frontmatter= {} > 
  at <Slides.mdslidev6> 
  at <AsyncComponentWrapper> 
  at <SlideWrapper key=6 clicks-context= {current: undefined, clicksStart: 0, relativeSizeMap: undefined, maxMap: undefined, isMounted: undefined} route= {no: 6, meta: Proxy(Object), load: , component: Object}  ... > 
  at <TransitionGroup name="slide-right" id="slideshow" tag="div"  ... > 
  at <SlidesShow render-context="slide" > 
  at <SlideContainer style= {background: var(--slidev-slide-container-background, black)} is-main="" content-style= {filter: }  ... > 
  at <Play onVnodeUnmounted=fn<onVnodeUnmounted> ref=Ref< Proxy(Object) > > 
  at <RouterView> 
  at <App> @ http://localhost:3032/@fs/Users/wraithy/Development/Trask/ClaudeCodePresentation/node_modules/.pnpm/@vue+runtime-core@3.5.35/node_modules/@vue/runtime-core/dist/runtime-core.esm-bundler.js?v=1759ab92:40
[ 2569366ms] [WARNING] [Vue warn]: Failed to resolve component: AutoFit
If this is a native custom element, make sure to exclude it from component resolution via compilerOptions.isCustomElement. 
  at <Default frontmatter= {} > 
  at <Slides.mdslidev11> 
  at <AsyncComponentWrapper> 
  at <SlideWrapper key=11 clicks-context= {current: undefined, clicksStart: 0, relativeSizeMap: undefined, maxMap: undefined, isMounted: undefined} route= {no: 11, meta: Proxy(Object), load: , component: Object}  ... > 
  at <TransitionGroup name="slide-right" id="slideshow" tag="div"  ... > 
  at <SlidesShow render-context="slide" > 
  at <SlideContainer style= {background: var(--slidev-slide-container-background, black)} is-main="" content-style= {filter: }  ... > 
  at <Play onVnodeUnmounted=fn<onVnodeUnmounted> ref=Ref< Proxy(Object) > > 
  at <RouterView> 
  at <App> @ http://localhost:3032/@fs/Users/wraithy/Development/Trask/ClaudeCodePresentation/node_modules/.pnpm/@vue+runtime-core@3.5.35/node_modules/@vue/runtime-core/dist/runtime-core.esm-bundler.js?v=1759ab92:40
[ 2569367ms] [WARNING] [Vue warn]: Failed to resolve component: AutoFit
If this is a native custom element, make sure to exclude it from component resolution via compilerOptions.isCustomElement. 
  at <Default frontmatter= {} > 
  at <Slides.mdslidev7> 
  at <AsyncComponentWrapper> 
  at <SlideWrapper key=7 clicks-context= {current: undefined, clicksStart: 0, relativeSizeMap: undefined, maxMap: undefined, isMounted: undefined} route= {no: 7, meta: Proxy(Object), load: , component: Object}  ... > 
  at <TransitionGroup name="slide-right" id="slideshow" tag="div"  ... > 
  at <SlidesShow render-context="slide" > 
  at <SlideContainer style= {background: var(--slidev-slide-container-background, black)} is-main="" content-style= {filter: }  ... > 
  at <Play onVnodeUnmounted=fn<onVnodeUnmounted> ref=Ref< Proxy(Object) > > 
  at <RouterView> 
  at <App> @ http://localhost:3032/@fs/Users/wraithy/Development/Trask/ClaudeCodePresentation/node_modules/.pnpm/@vue+runtime-core@3.5.35/node_modules/@vue/runtime-core/dist/runtime-core.esm-bundler.js?v=1759ab92:40
[ 2569367ms] [WARNING] [Vue warn]: Failed to resolve component: AutoFit
If this is a native custom element, make sure to exclude it from component resolution via compilerOptions.isCustomElement. 
  at <Default frontmatter= {} > 
  at <Slides.mdslidev9> 
  at <AsyncComponentWrapper> 
  at <SlideWrapper key=9 clicks-context= {current: undefined, clicksStart: 0, relativeSizeMap: undefined, maxMap: undefined, isMounted: undefined} route= {no: 9, meta: Proxy(Object), load: , component: Object}  ... > 
  at <TransitionGroup name="slide-right" id="slideshow" tag="div"  ... > 
  at <SlidesShow render-context="slide" > 
  at <SlideContainer style= {background: var(--slidev-slide-container-background, black)} is-main="" content-style= {filter: }  ... > 
  at <Play onVnodeUnmounted=fn<onVnodeUnmounted> ref=Ref< Proxy(Object) > > 
  at <RouterView> 
  at <App> @ http://localhost:3032/@fs/Users/wraithy/Development/Trask/ClaudeCodePresentation/node_modules/.pnpm/@vue+runtime-core@3.5.35/node_modules/@vue/runtime-core/dist/runtime-core.esm-bundler.js?v=1759ab92:40
[ 2569367ms] [WARNING] [Vue warn]: Failed to resolve component: AutoFit
If this is a native custom element, make sure to exclude it from component resolution via compilerOptions.isCustomElement. 
  at <Default frontmatter= {} > 
  at <Slides.mdslidev10> 
  at <AsyncComponentWrapper> 
  at <SlideWrapper key=10 clicks-context= {current: undefined, clicksStart: 0, relativeSizeMap: undefined, maxMap: undefined, isMounted: undefined} route= {no: 10, meta: Proxy(Object), load: , component: Object}  ... > 
  at <TransitionGroup name="slide-right" id="slideshow" tag="div"  ... > 
  at <SlidesShow render-context="slide" > 
  at <SlideContainer style= {background: var(--slidev-slide-container-background, black)} is-main="" content-style= {filter: }  ... > 
  at <Play onVnodeUnmounted=fn<onVnodeUnmounted> ref=Ref< Proxy(Object) > > 
  at <RouterView> 
  at <App> @ http://localhost:3032/@fs/Users/wraithy/Development/Trask/ClaudeCodePresentation/node_modules/.pnpm/@vue+runtime-core@3.5.35/node_modules/@vue/runtime-core/dist/runtime-core.esm-bundler.js?v=1759ab92:40
[ 2569367ms] [WARNING] [Vue warn]: Failed to resolve component: AutoFit
If this is a native custom element, make sure to exclude it from component resolution via compilerOptions.isCustomElement. 
  at <Default frontmatter= {} > 
  at <Slides.mdslidev16> 
  at <AsyncComponentWrapper> 
  at <SlideWrapper key=16 clicks-context= {current: undefined, clicksStart: 0, relativeSizeMap: undefined, maxMap: undefined, isMounted: undefined} route= {no: 16, meta: Proxy(Object), load: , component: Object}  ... > 
  at <TransitionGroup name="slide-right" id="slideshow" tag="div"  ... > 
  at <SlidesShow render-context="slide" > 
  at <SlideContainer style= {background: var(--slidev-slide-container-background, black)} is-main="" content-style= {filter: }  ... > 
  at <Play onVnodeUnmounted=fn<onVnodeUnmounted> ref=Ref< Proxy(Object) > > 
  at <RouterView> 
  at <App> @ http://localhost:3032/@fs/Users/wraithy/Development/Trask/ClaudeCodePresentation/node_modules/.pnpm/@vue+runtime-core@3.5.35/node_modules/@vue/runtime-core/dist/runtime-core.esm-bundler.js?v=1759ab92:40
[ 2569367ms] [WARNING] [Vue warn]: Failed to resolve component: AutoFit
If this is a native custom element, make sure to exclude it from component resolution via compilerOptions.isCustomElement. 
  at <Default frontmatter= {} > 
  at <Slides.mdslidev15> 
  at <AsyncComponentWrapper> 
  at <SlideWrapper key=15 clicks-context= {current: undefined, clicksStart: 0, relativeSizeMap: undefined, maxMap: undefined, isMounted: undefined} route= {no: 15, meta: Proxy(Object), load: , component: Object}  ... > 
  at <TransitionGroup name="slide-right" id="slideshow" tag="div"  ... > 
  at <SlidesShow render-context="slide" > 
  at <SlideContainer style= {background: var(--slidev-slide-container-background, black)} is-main="" content-style= {filter: }  ... > 
  at <Play onVnodeUnmounted=fn<onVnodeUnmounted> ref=Ref< Proxy(Object) > > 
  at <RouterView> 
  at <App> @ http://localhost:3032/@fs/Users/wraithy/Development/Trask/ClaudeCodePresentation/node_modules/.pnpm/@vue+runtime-core@3.5.35/node_modules/@vue/runtime-core/dist/runtime-core.esm-bundler.js?v=1759ab92:40
[ 2569367ms] [WARNING] [Vue warn]: Failed to resolve component: AutoFit
If this is a native custom element, make sure to exclude it from component resolution via compilerOptions.isCustomElement. 
  at <Default frontmatter= {} > 
  at <Slides.mdslidev12> 
  at <AsyncComponentWrapper> 
  at <SlideWrapper key=12 clicks-context= {current: undefined, clicksStart: 0, relativeSizeMap: undefined, maxMap: undefined, isMounted: undefined} route= {no: 12, meta: Proxy(Object), load: , component: Object}  ... > 
  at <TransitionGroup name="slide-right" id="slideshow" tag="div"  ... > 
  at <SlidesShow render-context="slide" > 
  at <SlideContainer style= {background: var(--slidev-slide-container-background, black)} is-main="" content-style= {filter: }  ... > 
  at <Play onVnodeUnmounted=fn<onVnodeUnmounted> ref=Ref< Proxy(Object) > > 
  at <RouterView> 
  at <App> @ http://localhost:3032/@fs/Users/wraithy/Development/Trask/ClaudeCodePresentation/node_modules/.pnpm/@vue+runtime-core@3.5.35/node_modules/@vue/runtime-core/dist/runtime-core.esm-bundler.js?v=1759ab92:40
[ 2569367ms] [WARNING] [Vue warn]: Failed to resolve component: AutoFit
If this is a native custom element, make sure to exclude it from component resolution via compilerOptions.isCustomElement. 
  at <Default frontmatter= {} > 
  at <Slides.mdslidev13> 
  at <AsyncComponentWrapper> 
  at <SlideWrapper key=13 clicks-context= {current: undefined, clicksStart: 0, relativeSizeMap: undefined, maxMap: undefined, isMounted: undefined} route= {no: 13, meta: Proxy(Object), load: , component: Object}  ... > 
  at <TransitionGroup name="slide-right" id="slideshow" tag="div"  ... > 
  at <SlidesShow render-context="slide" > 
  at <SlideContainer style= {background: var(--slidev-slide-container-background, black)} is-main="" content-style= {filter: }  ... > 
  at <Play onVnodeUnmounted=fn<onVnodeUnmounted> ref=Ref< Proxy(Object) > > 
  at <RouterView> 
  at <App> @ http://localhost:3032/@fs/Users/wraithy/Development/Trask/ClaudeCodePresentation/node_modules/.pnpm/@vue+runtime-core@3.5.35/node_modules/@vue/runtime-core/dist/runtime-core.esm-bundler.js?v=1759ab92:40
[ 2569368ms] [WARNING] [Vue warn]: Failed to resolve component: AutoFit
If this is a native custom element, make sure to exclude it from component resolution via compilerOptions.isCustomElement. 
  at <Default frontmatter= {} > 
  at <Slides.mdslidev20> 
  at <AsyncComponentWrapper> 
  at <SlideWrapper key=20 clicks-context= {current: undefined, clicksStart: 0, relativeSizeMap: undefined, maxMap: undefined, isMounted: undefined} route= {no: 20, meta: Proxy(Object), load: , component: Object}  ... > 
  at <TransitionGroup name="slide-right" id="slideshow" tag="div"  ... > 
  at <SlidesShow render-context="slide" > 
  at <SlideContainer style= {background: var(--slidev-slide-container-background, black)} is-main="" content-style= {filter: }  ... > 
  at <Play onVnodeUnmounted=fn<onVnodeUnmounted> ref=Ref< Proxy(Object) > > 
  at <RouterView> 
  at <App> @ http://localhost:3032/@fs/Users/wraithy/Development/Trask/ClaudeCodePresentation/node_modules/.pnpm/@vue+runtime-core@3.5.35/node_modules/@vue/runtime-core/dist/runtime-core.esm-bundler.js?v=1759ab92:40
[ 2569368ms] [WARNING] [Vue warn]: Failed to resolve component: AutoFit
If this is a native custom element, make sure to exclude it from component resolution via compilerOptions.isCustomElement. 
  at <Default frontmatter= {} > 
  at <Slides.mdslidev21> 
  at <AsyncComponentWrapper> 
  at <SlideWrapper key=21 clicks-context= {current: undefined, clicksStart: 0, relativeSizeMap: undefined, maxMap: undefined, isMounted: undefined} route= {no: 21, meta: Proxy(Object), load: , component: Object}  ... > 
  at <TransitionGroup name="slide-right" id="slideshow" tag="div"  ... > 
  at <SlidesShow render-context="slide" > 
  at <SlideContainer style= {background: var(--slidev-slide-container-background, black)} is-main="" content-style= {filter: }  ... > 
  at <Play onVnodeUnmounted=fn<onVnodeUnmounted> ref=Ref< Proxy(Object) > > 
  at <RouterView> 
  at <App> @ http://localhost:3032/@fs/Users/wraithy/Development/Trask/ClaudeCodePresentation/node_modules/.pnpm/@vue+runtime-core@3.5.35/node_modules/@vue/runtime-core/dist/runtime-core.esm-bundler.js?v=1759ab92:40
[ 2569368ms] [WARNING] [Vue warn]: Failed to resolve component: AutoFit
If this is a native custom element, make sure to exclude it from component resolution via compilerOptions.isCustomElement. 
  at <Default frontmatter= {} > 
  at <Slides.mdslidev22> 
  at <AsyncComponentWrapper> 
  at <SlideWrapper key=22 clicks-context= {current: undefined, clicksStart: 0, relativeSizeMap: undefined, maxMap: undefined, isMounted: undefined} route= {no: 22, meta: Proxy(Object), load: , component: Object}  ... > 
  at <TransitionGroup name="slide-right" id="slideshow" tag="div"  ... > 
  at <SlidesShow render-context="slide" > 
  at <SlideContainer style= {background: var(--slidev-slide-container-background, black)} is-main="" content-style= {filter: }  ... > 
  at <Play onVnodeUnmounted=fn<onVnodeUnmounted> ref=Ref< Proxy(Object) > > 
  at <RouterView> 
  at <App> @ http://localhost:3032/@fs/Users/wraithy/Development/Trask/ClaudeCodePresentation/node_modules/.pnpm/@vue+runtime-core@3.5.35/node_modules/@vue/runtime-core/dist/runtime-core.esm-bundler.js?v=1759ab92:40
[ 2569368ms] [WARNING] [Vue warn]: Failed to resolve component: AutoFit
If this is a native custom element, make sure to exclude it from component resolution via compilerOptions.isCustomElement. 
  at <Default frontmatter= {} > 
  at <Slides.mdslidev17> 
  at <AsyncComponentWrapper> 
  at <SlideWrapper key=17 clicks-context= {current: undefined, clicksStart: 0, relativeSizeMap: undefined, maxMap: undefined, isMounted: undefined} route= {no: 17, meta: Proxy(Object), load: , component: Object}  ... > 
  at <TransitionGroup name="slide-right" id="slideshow" tag="div"  ... > 
  at <SlidesShow render-context="slide" > 
  at <SlideContainer style= {background: var(--slidev-slide-container-background, black)} is-main="" content-style= {filter: }  ... > 
  at <Play onVnodeUnmounted=fn<onVnodeUnmounted> ref=Ref< Proxy(Object) > > 
  at <RouterView> 
  at <App> @ http://localhost:3032/@fs/Users/wraithy/Development/Trask/ClaudeCodePresentation/node_modules/.pnpm/@vue+runtime-core@3.5.35/node_modules/@vue/runtime-core/dist/runtime-core.esm-bundler.js?v=1759ab92:40
[ 2569368ms] [WARNING] [Vue warn]: Failed to resolve component: AutoFit
If this is a native custom element, make sure to exclude it from component resolution via compilerOptions.isCustomElement. 
  at <Default frontmatter= {} > 
  at <Slides.mdslidev23> 
  at <AsyncComponentWrapper> 
  at <SlideWrapper key=23 clicks-context= {current: undefined, clicksStart: 0, relativeSizeMap: undefined, maxMap: undefined, isMounted: undefined} route= {no: 23, meta: Proxy(Object), load: , component: Object}  ... > 
  at <TransitionGroup name="slide-right" id="slideshow" tag="div"  ... > 
  at <SlidesShow render-context="slide" > 
  at <SlideContainer style= {background: var(--slidev-slide-container-background, black)} is-main="" content-style= {filter: }  ... > 
  at <Play onVnodeUnmounted=fn<onVnodeUnmounted> ref=Ref< Proxy(Object) > > 
  at <RouterView> 
  at <App> @ http://localhost:3032/@fs/Users/wraithy/Development/Trask/ClaudeCodePresentation/node_modules/.pnpm/@vue+runtime-core@3.5.35/node_modules/@vue/runtime-core/dist/runtime-core.esm-bundler.js?v=1759ab92:40
[ 2569368ms] [WARNING] [Vue warn]: Failed to resolve component: AutoFit
If this is a native custom element, make sure to exclude it from component resolution via compilerOptions.isCustomElement. 
  at <Default frontmatter= {} > 
  at <Slides.mdslidev25> 
  at <AsyncComponentWrapper> 
  at <SlideWrapper key=25 clicks-context= {current: undefined, clicksStart: 0, relativeSizeMap: undefined, maxMap: undefined, isMounted: undefined} route= {no: 25, meta: Proxy(Object), load: , component: Object}  ... > 
  at <TransitionGroup name="slide-right" id="slideshow" tag="div"  ... > 
  at <SlidesShow render-context="slide" > 
  at <SlideContainer style= {background: var(--slidev-slide-container-background, black)} is-main="" content-style= {filter: }  ... > 
  at <Play onVnodeUnmounted=fn<onVnodeUnmounted> ref=Ref< Proxy(Object) > > 
  at <RouterView> 
  at <App> @ http://localhost:3032/@fs/Users/wraithy/Development/Trask/ClaudeCodePresentation/node_modules/.pnpm/@vue+runtime-core@3.5.35/node_modules/@vue/runtime-core/dist/runtime-core.esm-bundler.js?v=1759ab92:40
[ 2569369ms] [WARNING] [Vue warn]: Failed to resolve component: AutoFit
If this is a native custom element, make sure to exclude it from component resolution via compilerOptions.isCustomElement. 
  at <Default frontmatter= {} > 
  at <Slides.mdslidev19> 
  at <AsyncComponentWrapper> 
  at <SlideWrapper key=19 clicks-context= {current: undefined, clicksStart: 0, relativeSizeMap: undefined, maxMap: undefined, isMounted: undefined} route= {no: 19, meta: Proxy(Object), load: , component: Object}  ... > 
  at <TransitionGroup name="slide-right" id="slideshow" tag="div"  ... > 
  at <SlidesShow render-context="slide" > 
  at <SlideContainer style= {background: var(--slidev-slide-container-background, black)} is-main="" content-style= {filter: }  ... > 
  at <Play onVnodeUnmounted=fn<onVnodeUnmounted> ref=Ref< Proxy(Object) > > 
  at <RouterView> 
  at <App> @ http://localhost:3032/@fs/Users/wraithy/Development/Trask/ClaudeCodePresentation/node_modules/.pnpm/@vue+runtime-core@3.5.35/node_modules/@vue/runtime-core/dist/runtime-core.esm-bundler.js?v=1759ab92:40
[ 2569369ms] [WARNING] [Vue warn]: Failed to resolve component: AutoFit
If this is a native custom element, make sure to exclude it from component resolution via compilerOptions.isCustomElement. 
  at <Default frontmatter= {} > 
  at <Slides.mdslidev26> 
  at <AsyncComponentWrapper> 
  at <SlideWrapper key=26 clicks-context= {current: undefined, clicksStart: 0, relativeSizeMap: undefined, maxMap: undefined, isMounted: undefined} route= {no: 26, meta: Proxy(Object), load: , component: Object}  ... > 
  at <TransitionGroup name="slide-right" id="slideshow" tag="div"  ... > 
  at <SlidesShow render-context="slide" > 
  at <SlideContainer style= {background: var(--slidev-slide-container-background, black)} is-main="" content-style= {filter: }  ... > 
  at <Play onVnodeUnmounted=fn<onVnodeUnmounted> ref=Ref< Proxy(Object) > > 
  at <RouterView> 
  at <App> @ http://localhost:3032/@fs/Users/wraithy/Development/Trask/ClaudeCodePresentation/node_modules/.pnpm/@vue+runtime-core@3.5.35/node_modules/@vue/runtime-core/dist/runtime-core.esm-bundler.js?v=1759ab92:40
[ 2569369ms] [WARNING] [Vue warn]: Failed to resolve component: AutoFit
If this is a native custom element, make sure to exclude it from component resolution via compilerOptions.isCustomElement. 
  at <Default frontmatter= {} > 
  at <Slides.mdslidev27> 
  at <AsyncComponentWrapper> 
  at <SlideWrapper key=27 clicks-context= {current: undefined, clicksStart: 0, relativeSizeMap: undefined, maxMap: undefined, isMounted: undefined} route= {no: 27, meta: Proxy(Object), load: , component: Object}  ... > 
  at <TransitionGroup name="slide-right" id="slideshow" tag="div"  ... > 
  at <SlidesShow render-context="slide" > 
  at <SlideContainer style= {background: var(--slidev-slide-container-background, black)} is-main="" content-style= {filter: }  ... > 
  at <Play onVnodeUnmounted=fn<onVnodeUnmounted> ref=Ref< Proxy(Object) > > 
  at <RouterView> 
  at <App> @ http://localhost:3032/@fs/Users/wraithy/Development/Trask/ClaudeCodePresentation/node_modules/.pnpm/@vue+runtime-core@3.5.35/node_modules/@vue/runtime-core/dist/runtime-core.esm-bundler.js?v=1759ab92:40
[ 2569369ms] [WARNING] [Vue warn]: Failed to resolve component: AutoFit
If this is a native custom element, make sure to exclude it from component resolution via compilerOptions.isCustomElement. 
  at <Default frontmatter= {} > 
  at <Slides.mdslidev32> 
  at <AsyncComponentWrapper> 
  at <SlideWrapper key=32 clicks-context= {current: undefined, clicksStart: 0, relativeSizeMap: undefined, maxMap: undefined, isMounted: undefined} route= {no: 32, meta: Proxy(Object), load: , component: Object}  ... > 
  at <TransitionGroup name="slide-right" id="slideshow" tag="div"  ... > 
  at <SlidesShow render-context="slide" > 
  at <SlideContainer style= {background: var(--slidev-slide-container-background, black)} is-main="" content-style= {filter: }  ... > 
  at <Play onVnodeUnmounted=fn<onVnodeUnmounted> ref=Ref< Proxy(Object) > > 
  at <RouterView> 
  at <App> @ http://localhost:3032/@fs/Users/wraithy/Development/Trask/ClaudeCodePresentation/node_modules/.pnpm/@vue+runtime-core@3.5.35/node_modules/@vue/runtime-core/dist/runtime-core.esm-bundler.js?v=1759ab92:40
[ 2569369ms] [WARNING] [Vue warn]: Failed to resolve component: AutoFit
If this is a native custom element, make sure to exclude it from component resolution via compilerOptions.isCustomElement. 
  at <Default frontmatter= {} > 
  at <Slides.mdslidev30> 
  at <AsyncComponentWrapper> 
  at <SlideWrapper key=30 clicks-context= {current: undefined, clicksStart: 0, relativeSizeMap: undefined, maxMap: undefined, isMounted: undefined} route= {no: 30, meta: Proxy(Object), load: , component: Object}  ... > 
  at <TransitionGroup name="slide-right" id="slideshow" tag="div"  ... > 
  at <SlidesShow render-context="slide" > 
  at <SlideContainer style= {background: var(--slidev-slide-container-background, black)} is-main="" content-style= {filter: }  ... > 
  at <Play onVnodeUnmounted=fn<onVnodeUnmounted> ref=Ref< Proxy(Object) > > 
  at <RouterView> 
  at <App> @ http://localhost:3032/@fs/Users/wraithy/Development/Trask/ClaudeCodePresentation/node_modules/.pnpm/@vue+runtime-core@3.5.35/node_modules/@vue/runtime-core/dist/runtime-core.esm-bundler.js?v=1759ab92:40
[ 2569370ms] [WARNING] [Vue warn]: Failed to resolve component: AutoFit
If this is a native custom element, make sure to exclude it from component resolution via compilerOptions.isCustomElement. 
  at <Default frontmatter= {} > 
  at <Slides.mdslidev29> 
  at <AsyncComponentWrapper> 
  at <SlideWrapper key=29 clicks-context= {current: undefined, clicksStart: 0, relativeSizeMap: undefined, maxMap: undefined, isMounted: undefined} route= {no: 29, meta: Proxy(Object), load: , component: Object}  ... > 
  at <TransitionGroup name="slide-right" id="slideshow" tag="div"  ... > 
  at <SlidesShow render-context="slide" > 
  at <SlideContainer style= {background: var(--slidev-slide-container-background, black)} is-main="" content-style= {filter: }  ... > 
  at <Play onVnodeUnmounted=fn<onVnodeUnmounted> ref=Ref< Proxy(Object) > > 
  at <RouterView> 
  at <App> @ http://localhost:3032/@fs/Users/wraithy/Development/Trask/ClaudeCodePresentation/node_modules/.pnpm/@vue+runtime-core@3.5.35/node_modules/@vue/runtime-core/dist/runtime-core.esm-bundler.js?v=1759ab92:40
[ 2569370ms] [WARNING] [Vue warn]: Failed to resolve component: AutoFit
If this is a native custom element, make sure to exclude it from component resolution via compilerOptions.isCustomElement. 
  at <Default frontmatter= {} > 
  at <Slides.mdslidev4> 
  at <AsyncComponentWrapper> 
  at <SlideWrapper key=4 clicks-context= {current: undefined, clicksStart: 0, relativeSizeMap: undefined, maxMap: undefined, isMounted: undefined} route= {no: 4, meta: Proxy(Object), load: , component: Object}  ... > 
  at <TransitionGroup name="slide-right" id="slideshow" tag="div"  ... > 
  at <SlidesShow render-context="slide" > 
  at <SlideContainer style= {background: var(--slidev-slide-container-background, black)} is-main="" content-style= {filter: }  ... > 
  at <Play onVnodeUnmounted=fn<onVnodeUnmounted> ref=Ref< Proxy(Object) > > 
  at <RouterView> 
  at <App> @ http://localhost:3032/@fs/Users/wraithy/Development/Trask/ClaudeCodePresentation/node_modules/.pnpm/@vue+runtime-core@3.5.35/node_modules/@vue/runtime-core/dist/runtime-core.esm-bundler.js?v=1759ab92:40
[ 2570942ms] [WARNING] [Vue warn]: Failed to resolve component: AutoFit
If this is a native custom element, make sure to exclude it from component resolution via compilerOptions.isCustomElement. 
  at <Default frontmatter= {} > 
  at <Slides.mdslidev2> 
  at <AsyncComponentWrapper> 
  at <SlideWrapper key=2 clicks-context= {current: undefined, clicksStart: 0, relativeSizeMap: undefined, maxMap: undefined, isMounted: undefined} route= {no: 2, meta: Proxy(Object), load: , component: Object}  ... > 
  at <TransitionGroup name="slide-right" id="slideshow" tag="div"  ... > 
  at <SlidesShow render-context="slide" > 
  at <SlideContainer style= {background: var(--slidev-slide-container-background, black)} is-main="" content-style= {filter: }  ... > 
  at <Play onVnodeUnmounted=fn<onVnodeUnmounted> ref=Ref< Proxy(Object) > > 
  at <RouterView> 
  at <App> @ http://localhost:3032/@fs/Users/wraithy/Development/Trask/ClaudeCodePresentation/node_modules/.pnpm/@vue+runtime-core@3.5.35/node_modules/@vue/runtime-core/dist/runtime-core.esm-bundler.js?v=1759ab92:40
[ 2570942ms] [WARNING] [Vue warn]: Failed to resolve component: AutoFit
If this is a native custom element, make sure to exclude it from component resolution via compilerOptions.isCustomElement. 
  at <Default frontmatter= {} > 
  at <Slides.mdslidev5> 
  at <AsyncComponentWrapper> 
  at <SlideWrapper key=5 clicks-context= {current: undefined, clicksStart: 0, relativeSizeMap: undefined, maxMap: undefined, isMounted: undefined} route= {no: 5, meta: Proxy(Object), load: , component: Object}  ... > 
  at <TransitionGroup name="slide-right" id="slideshow" tag="div"  ... > 
  at <SlidesShow render-context="slide" > 
  at <SlideContainer style= {background: var(--slidev-slide-container-background, black)} is-main="" content-style= {filter: }  ... > 
  at <Play onVnodeUnmounted=fn<onVnodeUnmounted> ref=Ref< Proxy(Object) > > 
  at <RouterView> 
  at <App> @ http://localhost:3032/@fs/Users/wraithy/Development/Trask/ClaudeCodePresentation/node_modules/.pnpm/@vue+runtime-core@3.5.35/node_modules/@vue/runtime-core/dist/runtime-core.esm-bundler.js?v=1759ab92:40
[ 2570942ms] [WARNING] [Vue warn]: Failed to resolve component: AutoFit
If this is a native custom element, make sure to exclude it from component resolution via compilerOptions.isCustomElement. 
  at <Default frontmatter= {} > 
  at <Slides.mdslidev6> 
  at <AsyncComponentWrapper> 
  at <SlideWrapper key=6 clicks-context= {current: undefined, clicksStart: 0, relativeSizeMap: undefined, maxMap: undefined, isMounted: undefined} route= {no: 6, meta: Proxy(Object), load: , component: Object}  ... > 
  at <TransitionGroup name="slide-right" id="slideshow" tag="div"  ... > 
  at <SlidesShow render-context="slide" > 
  at <SlideContainer style= {background: var(--slidev-slide-container-background, black)} is-main="" content-style= {filter: }  ... > 
  at <Play onVnodeUnmounted=fn<onVnodeUnmounted> ref=Ref< Proxy(Object) > > 
  at <RouterView> 
  at <App> @ http://localhost:3032/@fs/Users/wraithy/Development/Trask/ClaudeCodePresentation/node_modules/.pnpm/@vue+runtime-core@3.5.35/node_modules/@vue/runtime-core/dist/runtime-core.esm-bundler.js?v=1759ab92:40
[ 2570943ms] [WARNING] [Vue warn]: Failed to resolve component: AutoFit
If this is a native custom element, make sure to exclude it from component resolution via compilerOptions.isCustomElement. 
  at <Default frontmatter= {} > 
  at <Slides.mdslidev11> 
  at <AsyncComponentWrapper> 
  at <SlideWrapper key=11 clicks-context= {current: undefined, clicksStart: 0, relativeSizeMap: undefined, maxMap: undefined, isMounted: undefined} route= {no: 11, meta: Proxy(Object), load: , component: Object}  ... > 
  at <TransitionGroup name="slide-right" id="slideshow" tag="div"  ... > 
  at <SlidesShow render-context="slide" > 
  at <SlideContainer style= {background: var(--slidev-slide-container-background, black)} is-main="" content-style= {filter: }  ... > 
  at <Play onVnodeUnmounted=fn<onVnodeUnmounted> ref=Ref< Proxy(Object) > > 
  at <RouterView> 
  at <App> @ http://localhost:3032/@fs/Users/wraithy/Development/Trask/ClaudeCodePresentation/node_modules/.pnpm/@vue+runtime-core@3.5.35/node_modules/@vue/runtime-core/dist/runtime-core.esm-bundler.js?v=1759ab92:40
[ 2570943ms] [WARNING] [Vue warn]: Failed to resolve component: AutoFit
If this is a native custom element, make sure to exclude it from component resolution via compilerOptions.isCustomElement. 
  at <Default frontmatter= {} > 
  at <Slides.mdslidev7> 
  at <AsyncComponentWrapper> 
  at <SlideWrapper key=7 clicks-context= {current: undefined, clicksStart: 0, relativeSizeMap: undefined, maxMap: undefined, isMounted: undefined} route= {no: 7, meta: Proxy(Object), load: , component: Object}  ... > 
  at <TransitionGroup name="slide-right" id="slideshow" tag="div"  ... > 
  at <SlidesShow render-context="slide" > 
  at <SlideContainer style= {background: var(--slidev-slide-container-background, black)} is-main="" content-style= {filter: }  ... > 
  at <Play onVnodeUnmounted=fn<onVnodeUnmounted> ref=Ref< Proxy(Object) > > 
  at <RouterView> 
  at <App> @ http://localhost:3032/@fs/Users/wraithy/Development/Trask/ClaudeCodePresentation/node_modules/.pnpm/@vue+runtime-core@3.5.35/node_modules/@vue/runtime-core/dist/runtime-core.esm-bundler.js?v=1759ab92:40
[ 2570943ms] [WARNING] [Vue warn]: Failed to resolve component: AutoFit
If this is a native custom element, make sure to exclude it from component resolution via compilerOptions.isCustomElement. 
  at <Default frontmatter= {} > 
  at <Slides.mdslidev9> 
  at <AsyncComponentWrapper> 
  at <SlideWrapper key=9 clicks-context= {current: undefined, clicksStart: 0, relativeSizeMap: undefined, maxMap: undefined, isMounted: undefined} route= {no: 9, meta: Proxy(Object), load: , component: Object}  ... > 
  at <TransitionGroup name="slide-right" id="slideshow" tag="div"  ... > 
  at <SlidesShow render-context="slide" > 
  at <SlideContainer style= {background: var(--slidev-slide-container-background, black)} is-main="" content-style= {filter: }  ... > 
  at <Play onVnodeUnmounted=fn<onVnodeUnmounted> ref=Ref< Proxy(Object) > > 
  at <RouterView> 
  at <App> @ http://localhost:3032/@fs/Users/wraithy/Development/Trask/ClaudeCodePresentation/node_modules/.pnpm/@vue+runtime-core@3.5.35/node_modules/@vue/runtime-core/dist/runtime-core.esm-bundler.js?v=1759ab92:40
[ 2570943ms] [WARNING] [Vue warn]: Failed to resolve component: AutoFit
If this is a native custom element, make sure to exclude it from component resolution via compilerOptions.isCustomElement. 
  at <Default frontmatter= {} > 
  at <Slides.mdslidev10> 
  at <AsyncComponentWrapper> 
  at <SlideWrapper key=10 clicks-context= {current: undefined, clicksStart: 0, relativeSizeMap: undefined, maxMap: undefined, isMounted: undefined} route= {no: 10, meta: Proxy(Object), load: , component: Object}  ... > 
  at <TransitionGroup name="slide-right" id="slideshow" tag="div"  ... > 
  at <SlidesShow render-context="slide" > 
  at <SlideContainer style= {background: var(--slidev-slide-container-background, black)} is-main="" content-style= {filter: }  ... > 
  at <Play onVnodeUnmounted=fn<onVnodeUnmounted> ref=Ref< Proxy(Object) > > 
  at <RouterView> 
  at <App> @ http://localhost:3032/@fs/Users/wraithy/Development/Trask/ClaudeCodePresentation/node_modules/.pnpm/@vue+runtime-core@3.5.35/node_modules/@vue/runtime-core/dist/runtime-core.esm-bundler.js?v=1759ab92:40
[ 2570943ms] [WARNING] [Vue warn]: Failed to resolve component: AutoFit
If this is a native custom element, make sure to exclude it from component resolution via compilerOptions.isCustomElement. 
  at <Default frontmatter= {} > 
  at <Slides.mdslidev16> 
  at <AsyncComponentWrapper> 
  at <SlideWrapper key=16 clicks-context= {current: undefined, clicksStart: 0, relativeSizeMap: undefined, maxMap: undefined, isMounted: undefined} route= {no: 16, meta: Proxy(Object), load: , component: Object}  ... > 
  at <TransitionGroup name="slide-right" id="slideshow" tag="div"  ... > 
  at <SlidesShow render-context="slide" > 
  at <SlideContainer style= {background: var(--slidev-slide-container-background, black)} is-main="" content-style= {filter: }  ... > 
  at <Play onVnodeUnmounted=fn<onVnodeUnmounted> ref=Ref< Proxy(Object) > > 
  at <RouterView> 
  at <App> @ http://localhost:3032/@fs/Users/wraithy/Development/Trask/ClaudeCodePresentation/node_modules/.pnpm/@vue+runtime-core@3.5.35/node_modules/@vue/runtime-core/dist/runtime-core.esm-bundler.js?v=1759ab92:40
[ 2570944ms] [WARNING] [Vue warn]: Failed to resolve component: AutoFit
If this is a native custom element, make sure to exclude it from component resolution via compilerOptions.isCustomElement. 
  at <Default frontmatter= {} > 
  at <Slides.mdslidev15> 
  at <AsyncComponentWrapper> 
  at <SlideWrapper key=15 clicks-context= {current: undefined, clicksStart: 0, relativeSizeMap: undefined, maxMap: undefined, isMounted: undefined} route= {no: 15, meta: Proxy(Object), load: , component: Object}  ... > 
  at <TransitionGroup name="slide-right" id="slideshow" tag="div"  ... > 
  at <SlidesShow render-context="slide" > 
  at <SlideContainer style= {background: var(--slidev-slide-container-background, black)} is-main="" content-style= {filter: }  ... > 
  at <Play onVnodeUnmounted=fn<onVnodeUnmounted> ref=Ref< Proxy(Object) > > 
  at <RouterView> 
  at <App> @ http://localhost:3032/@fs/Users/wraithy/Development/Trask/ClaudeCodePresentation/node_modules/.pnpm/@vue+runtime-core@3.5.35/node_modules/@vue/runtime-core/dist/runtime-core.esm-bundler.js?v=1759ab92:40
[ 2570944ms] [WARNING] [Vue warn]: Failed to resolve component: AutoFit
If this is a native custom element, make sure to exclude it from component resolution via compilerOptions.isCustomElement. 
  at <Default frontmatter= {} > 
  at <Slides.mdslidev12> 
  at <AsyncComponentWrapper> 
  at <SlideWrapper key=12 clicks-context= {current: undefined, clicksStart: 0, relativeSizeMap: undefined, maxMap: undefined, isMounted: undefined} route= {no: 12, meta: Proxy(Object), load: , component: Object}  ... > 
  at <TransitionGroup name="slide-right" id="slideshow" tag="div"  ... > 
  at <SlidesShow render-context="slide" > 
  at <SlideContainer style= {background: var(--slidev-slide-container-background, black)} is-main="" content-style= {filter: }  ... > 
  at <Play onVnodeUnmounted=fn<onVnodeUnmounted> ref=Ref< Proxy(Object) > > 
  at <RouterView> 
  at <App> @ http://localhost:3032/@fs/Users/wraithy/Development/Trask/ClaudeCodePresentation/node_modules/.pnpm/@vue+runtime-core@3.5.35/node_modules/@vue/runtime-core/dist/runtime-core.esm-bundler.js?v=1759ab92:40
[ 2570944ms] [WARNING] [Vue warn]: Failed to resolve component: AutoFit
If this is a native custom element, make sure to exclude it from component resolution via compilerOptions.isCustomElement. 
  at <Default frontmatter= {} > 
  at <Slides.mdslidev13> 
  at <AsyncComponentWrapper> 
  at <SlideWrapper key=13 clicks-context= {current: undefined, clicksStart: 0, relativeSizeMap: undefined, maxMap: undefined, isMounted: undefined} route= {no: 13, meta: Proxy(Object), load: , component: Object}  ... > 
  at <TransitionGroup name="slide-right" id="slideshow" tag="div"  ... > 
  at <SlidesShow render-context="slide" > 
  at <SlideContainer style= {background: var(--slidev-slide-container-background, black)} is-main="" content-style= {filter: }  ... > 
  at <Play onVnodeUnmounted=fn<onVnodeUnmounted> ref=Ref< Proxy(Object) > > 
  at <RouterView> 
  at <App> @ http://localhost:3032/@fs/Users/wraithy/Development/Trask/ClaudeCodePresentation/node_modules/.pnpm/@vue+runtime-core@3.5.35/node_modules/@vue/runtime-core/dist/runtime-core.esm-bundler.js?v=1759ab92:40
[ 2570944ms] [WARNING] [Vue warn]: Failed to resolve component: AutoFit
If this is a native custom element, make sure to exclude it from component resolution via compilerOptions.isCustomElement. 
  at <Default frontmatter= {} > 
  at <Slides.mdslidev20> 
  at <AsyncComponentWrapper> 
  at <SlideWrapper key=20 clicks-context= {current: undefined, clicksStart: 0, relativeSizeMap: undefined, maxMap: undefined, isMounted: undefined} route= {no: 20, meta: Proxy(Object), load: , component: Object}  ... > 
  at <TransitionGroup name="slide-right" id="slideshow" tag="div"  ... > 
  at <SlidesShow render-context="slide" > 
  at <SlideContainer style= {background: var(--slidev-slide-container-background, black)} is-main="" content-style= {filter: }  ... > 
  at <Play onVnodeUnmounted=fn<onVnodeUnmounted> ref=Ref< Proxy(Object) > > 
  at <RouterView> 
  at <App> @ http://localhost:3032/@fs/Users/wraithy/Development/Trask/ClaudeCodePresentation/node_modules/.pnpm/@vue+runtime-core@3.5.35/node_modules/@vue/runtime-core/dist/runtime-core.esm-bundler.js?v=1759ab92:40
[ 2570944ms] [WARNING] [Vue warn]: Failed to resolve component: AutoFit
If this is a native custom element, make sure to exclude it from component resolution via compilerOptions.isCustomElement. 
  at <Default frontmatter= {} > 
  at <Slides.mdslidev21> 
  at <AsyncComponentWrapper> 
  at <SlideWrapper key=21 clicks-context= {current: undefined, clicksStart: 0, relativeSizeMap: undefined, maxMap: undefined, isMounted: undefined} route= {no: 21, meta: Proxy(Object), load: , component: Object}  ... > 
  at <TransitionGroup name="slide-right" id="slideshow" tag="div"  ... > 
  at <SlidesShow render-context="slide" > 
  at <SlideContainer style= {background: var(--slidev-slide-container-background, black)} is-main="" content-style= {filter: }  ... > 
  at <Play onVnodeUnmounted=fn<onVnodeUnmounted> ref=Ref< Proxy(Object) > > 
  at <RouterView> 
  at <App> @ http://localhost:3032/@fs/Users/wraithy/Development/Trask/ClaudeCodePresentation/node_modules/.pnpm/@vue+runtime-core@3.5.35/node_modules/@vue/runtime-core/dist/runtime-core.esm-bundler.js?v=1759ab92:40
[ 2570945ms] [WARNING] [Vue warn]: Failed to resolve component: AutoFit
If this is a native custom element, make sure to exclude it from component resolution via compilerOptions.isCustomElement. 
  at <Default frontmatter= {} > 
  at <Slides.mdslidev22> 
  at <AsyncComponentWrapper> 
  at <SlideWrapper key=22 clicks-context= {current: undefined, clicksStart: 0, relativeSizeMap: undefined, maxMap: undefined, isMounted: undefined} route= {no: 22, meta: Proxy(Object), load: , component: Object}  ... > 
  at <TransitionGroup name="slide-right" id="slideshow" tag="div"  ... > 
  at <SlidesShow render-context="slide" > 
  at <SlideContainer style= {background: var(--slidev-slide-container-background, black)} is-main="" content-style= {filter: }  ... > 
  at <Play onVnodeUnmounted=fn<onVnodeUnmounted> ref=Ref< Proxy(Object) > > 
  at <RouterView> 
  at <App> @ http://localhost:3032/@fs/Users/wraithy/Development/Trask/ClaudeCodePresentation/node_modules/.pnpm/@vue+runtime-core@3.5.35/node_modules/@vue/runtime-core/dist/runtime-core.esm-bundler.js?v=1759ab92:40
[ 2570945ms] [WARNING] [Vue warn]: Failed to resolve component: AutoFit
If this is a native custom element, make sure to exclude it from component resolution via compilerOptions.isCustomElement. 
  at <Default frontmatter= {} > 
  at <Slides.mdslidev17> 
  at <AsyncComponentWrapper> 
  at <SlideWrapper key=17 clicks-context= {current: undefined, clicksStart: 0, relativeSizeMap: undefined, maxMap: undefined, isMounted: undefined} route= {no: 17, meta: Proxy(Object), load: , component: Object}  ... > 
  at <TransitionGroup name="slide-right" id="slideshow" tag="div"  ... > 
  at <SlidesShow render-context="slide" > 
  at <SlideContainer style= {background: var(--slidev-slide-container-background, black)} is-main="" content-style= {filter: }  ... > 
  at <Play onVnodeUnmounted=fn<onVnodeUnmounted> ref=Ref< Proxy(Object) > > 
  at <RouterView> 
  at <App> @ http://localhost:3032/@fs/Users/wraithy/Development/Trask/ClaudeCodePresentation/node_modules/.pnpm/@vue+runtime-core@3.5.35/node_modules/@vue/runtime-core/dist/runtime-core.esm-bundler.js?v=1759ab92:40
[ 2570945ms] [WARNING] [Vue warn]: Failed to resolve component: AutoFit
If this is a native custom element, make sure to exclude it from component resolution via compilerOptions.isCustomElement. 
  at <Default frontmatter= {} > 
  at <Slides.mdslidev23> 
  at <AsyncComponentWrapper> 
  at <SlideWrapper key=23 clicks-context= {current: undefined, clicksStart: 0, relativeSizeMap: undefined, maxMap: undefined, isMounted: undefined} route= {no: 23, meta: Proxy(Object), load: , component: Object}  ... > 
  at <TransitionGroup name="slide-right" id="slideshow" tag="div"  ... > 
  at <SlidesShow render-context="slide" > 
  at <SlideContainer style= {background: var(--slidev-slide-container-background, black)} is-main="" content-style= {filter: }  ... > 
  at <Play onVnodeUnmounted=fn<onVnodeUnmounted> ref=Ref< Proxy(Object) > > 
  at <RouterView> 
  at <App> @ http://localhost:3032/@fs/Users/wraithy/Development/Trask/ClaudeCodePresentation/node_modules/.pnpm/@vue+runtime-core@3.5.35/node_modules/@vue/runtime-core/dist/runtime-core.esm-bundler.js?v=1759ab92:40
[ 2570945ms] [WARNING] [Vue warn]: Failed to resolve component: AutoFit
If this is a native custom element, make sure to exclude it from component resolution via compilerOptions.isCustomElement. 
  at <Default frontmatter= {} > 
  at <Slides.mdslidev25> 
  at <AsyncComponentWrapper> 
  at <SlideWrapper key=25 clicks-context= {current: undefined, clicksStart: 0, relativeSizeMap: undefined, maxMap: undefined, isMounted: undefined} route= {no: 25, meta: Proxy(Object), load: , component: Object}  ... > 
  at <TransitionGroup name="slide-right" id="slideshow" tag="div"  ... > 
  at <SlidesShow render-context="slide" > 
  at <SlideContainer style= {background: var(--slidev-slide-container-background, black)} is-main="" content-style= {filter: }  ... > 
  at <Play onVnodeUnmounted=fn<onVnodeUnmounted> ref=Ref< Proxy(Object) > > 
  at <RouterView> 
  at <App> @ http://localhost:3032/@fs/Users/wraithy/Development/Trask/ClaudeCodePresentation/node_modules/.pnpm/@vue+runtime-core@3.5.35/node_modules/@vue/runtime-core/dist/runtime-core.esm-bundler.js?v=1759ab92:40
[ 2570945ms] [WARNING] [Vue warn]: Failed to resolve component: AutoFit
If this is a native custom element, make sure to exclude it from component resolution via compilerOptions.isCustomElement. 
  at <Default frontmatter= {} > 
  at <Slides.mdslidev19> 
  at <AsyncComponentWrapper> 
  at <SlideWrapper key=19 clicks-context= {current: undefined, clicksStart: 0, relativeSizeMap: undefined, maxMap: undefined, isMounted: undefined} route= {no: 19, meta: Proxy(Object), load: , component: Object}  ... > 
  at <TransitionGroup name="slide-right" id="slideshow" tag="div"  ... > 
  at <SlidesShow render-context="slide" > 
  at <SlideContainer style= {background: var(--slidev-slide-container-background, black)} is-main="" content-style= {filter: }  ... > 
  at <Play onVnodeUnmounted=fn<onVnodeUnmounted> ref=Ref< Proxy(Object) > > 
  at <RouterView> 
  at <App> @ http://localhost:3032/@fs/Users/wraithy/Development/Trask/ClaudeCodePresentation/node_modules/.pnpm/@vue+runtime-core@3.5.35/node_modules/@vue/runtime-core/dist/runtime-core.esm-bundler.js?v=1759ab92:40
[ 2570946ms] [WARNING] [Vue warn]: Failed to resolve component: AutoFit
If this is a native custom element, make sure to exclude it from component resolution via compilerOptions.isCustomElement. 
  at <Default frontmatter= {} > 
  at <Slides.mdslidev26> 
  at <AsyncComponentWrapper> 
  at <SlideWrapper key=26 clicks-context= {current: undefined, clicksStart: 0, relativeSizeMap: undefined, maxMap: undefined, isMounted: undefined} route= {no: 26, meta: Proxy(Object), load: , component: Object}  ... > 
  at <TransitionGroup name="slide-right" id="slideshow" tag="div"  ... > 
  at <SlidesShow render-context="slide" > 
  at <SlideContainer style= {background: var(--slidev-slide-container-background, black)} is-main="" content-style= {filter: }  ... > 
  at <Play onVnodeUnmounted=fn<onVnodeUnmounted> ref=Ref< Proxy(Object) > > 
  at <RouterView> 
  at <App> @ http://localhost:3032/@fs/Users/wraithy/Development/Trask/ClaudeCodePresentation/node_modules/.pnpm/@vue+runtime-core@3.5.35/node_modules/@vue/runtime-core/dist/runtime-core.esm-bundler.js?v=1759ab92:40
[ 2570946ms] [WARNING] [Vue warn]: Failed to resolve component: AutoFit
If this is a native custom element, make sure to exclude it from component resolution via compilerOptions.isCustomElement. 
  at <Default frontmatter= {} > 
  at <Slides.mdslidev27> 
  at <AsyncComponentWrapper> 
  at <SlideWrapper key=27 clicks-context= {current: undefined, clicksStart: 0, relativeSizeMap: undefined, maxMap: undefined, isMounted: undefined} route= {no: 27, meta: Proxy(Object), load: , component: Object}  ... > 
  at <TransitionGroup name="slide-right" id="slideshow" tag="div"  ... > 
  at <SlidesShow render-context="slide" > 
  at <SlideContainer style= {background: var(--slidev-slide-container-background, black)} is-main="" content-style= {filter: }  ... > 
  at <Play onVnodeUnmounted=fn<onVnodeUnmounted> ref=Ref< Proxy(Object) > > 
  at <RouterView> 
  at <App> @ http://localhost:3032/@fs/Users/wraithy/Development/Trask/ClaudeCodePresentation/node_modules/.pnpm/@vue+runtime-core@3.5.35/node_modules/@vue/runtime-core/dist/runtime-core.esm-bundler.js?v=1759ab92:40
[ 2570946ms] [WARNING] [Vue warn]: Failed to resolve component: AutoFit
If this is a native custom element, make sure to exclude it from component resolution via compilerOptions.isCustomElement. 
  at <Default frontmatter= {} > 
  at <Slides.mdslidev32> 
  at <AsyncComponentWrapper> 
  at <SlideWrapper key=32 clicks-context= {current: undefined, clicksStart: 0, relativeSizeMap: undefined, maxMap: undefined, isMounted: undefined} route= {no: 32, meta: Proxy(Object), load: , component: Object}  ... > 
  at <TransitionGroup name="slide-right" id="slideshow" tag="div"  ... > 
  at <SlidesShow render-context="slide" > 
  at <SlideContainer style= {background: var(--slidev-slide-container-background, black)} is-main="" content-style= {filter: }  ... > 
  at <Play onVnodeUnmounted=fn<onVnodeUnmounted> ref=Ref< Proxy(Object) > > 
  at <RouterView> 
  at <App> @ http://localhost:3032/@fs/Users/wraithy/Development/Trask/ClaudeCodePresentation/node_modules/.pnpm/@vue+runtime-core@3.5.35/node_modules/@vue/runtime-core/dist/runtime-core.esm-bundler.js?v=1759ab92:40
[ 2570946ms] [WARNING] [Vue warn]: Failed to resolve component: AutoFit
If this is a native custom element, make sure to exclude it from component resolution via compilerOptions.isCustomElement. 
  at <Default frontmatter= {} > 
  at <Slides.mdslidev30> 
  at <AsyncComponentWrapper> 
  at <SlideWrapper key=30 clicks-context= {current: undefined, clicksStart: 0, relativeSizeMap: undefined, maxMap: undefined, isMounted: undefined} route= {no: 30, meta: Proxy(Object), load: , component: Object}  ... > 
  at <TransitionGroup name="slide-right" id="slideshow" tag="div"  ... > 
  at <SlidesShow render-context="slide" > 
  at <SlideContainer style= {background: var(--slidev-slide-container-background, black)} is-main="" content-style= {filter: }  ... > 
  at <Play onVnodeUnmounted=fn<onVnodeUnmounted> ref=Ref< Proxy(Object) > > 
  at <RouterView> 
  at <App> @ http://localhost:3032/@fs/Users/wraithy/Development/Trask/ClaudeCodePresentation/node_modules/.pnpm/@vue+runtime-core@3.5.35/node_modules/@vue/runtime-core/dist/runtime-core.esm-bundler.js?v=1759ab92:40
[ 2570946ms] [WARNING] [Vue warn]: Failed to resolve component: AutoFit
If this is a native custom element, make sure to exclude it from component resolution via compilerOptions.isCustomElement. 
  at <Default frontmatter= {} > 
  at <Slides.mdslidev29> 
  at <AsyncComponentWrapper> 
  at <SlideWrapper key=29 clicks-context= {current: undefined, clicksStart: 0, relativeSizeMap: undefined, maxMap: undefined, isMounted: undefined} route= {no: 29, meta: Proxy(Object), load: , component: Object}  ... > 
  at <TransitionGroup name="slide-right" id="slideshow" tag="div"  ... > 
  at <SlidesShow render-context="slide" > 
  at <SlideContainer style= {background: var(--slidev-slide-container-background, black)} is-main="" content-style= {filter: }  ... > 
  at <Play onVnodeUnmounted=fn<onVnodeUnmounted> ref=Ref< Proxy(Object) > > 
  at <RouterView> 
  at <App> @ http://localhost:3032/@fs/Users/wraithy/Development/Trask/ClaudeCodePresentation/node_modules/.pnpm/@vue+runtime-core@3.5.35/node_modules/@vue/runtime-core/dist/runtime-core.esm-bundler.js?v=1759ab92:40
[ 2570946ms] [WARNING] [Vue warn]: Failed to resolve component: AutoFit
If this is a native custom element, make sure to exclude it from component resolution via compilerOptions.isCustomElement. 
  at <Default frontmatter= {} > 
  at <Slides.mdslidev4> 
  at <AsyncComponentWrapper> 
  at <SlideWrapper key=4 clicks-context= {current: undefined, clicksStart: 0, relativeSizeMap: undefined, maxMap: undefined, isMounted: undefined} route= {no: 4, meta: Proxy(Object), load: , component: Object}  ... > 
  at <TransitionGroup name="slide-right" id="slideshow" tag="div"  ... > 
  at <SlidesShow render-context="slide" > 
  at <SlideContainer style= {background: var(--slidev-slide-container-background, black)} is-main="" content-style= {filter: }  ... > 
  at <Play onVnodeUnmounted=fn<onVnodeUnmounted> ref=Ref< Proxy(Object) > > 
  at <RouterView> 
  at <App> @ http://localhost:3032/@fs/Users/wraithy/Development/Trask/ClaudeCodePresentation/node_modules/.pnpm/@vue+runtime-core@3.5.35/node_modules/@vue/runtime-core/dist/runtime-core.esm-bundler.js?v=1759ab92:40
[ 8885580ms] [LOG] [vite] server connection lost. Polling for restart... @ http://localhost:3032/@vite/client:992
